id_atendimento,id_cliente,id_servico,data_atendimento,status,tempo_dias,valor_final
1,6930,3,2023-11-19,Pendente,0,0
2,930,5,2023-10-10,Cancelado,0,0
3,8501,2,2023-11-04,Pendente,0,0
4,9107,1,2023-09-15,Concluído,4,246
5,3545,5,2023-08-15,Pendente,0,0
6,4371,4,2023-12-15,Cancelado,0,0
7,6711,3,2023-08-03,Cancelado,0,0
8,3184,5,2023-12-24,Concluído,2,212
9,7759,1,2023-07-26,Pendente,0,0
10,2726,2,2023-10-14,Concluído,2,170
11,9942,2,2023-01-15,Cancelado,0,0
12,667,4,2023-09-05,Cancelado,0,0
13,4201,1,2023-04-21,Concluído,1,157
14,5267,1,2023-08-17,Concluído,4,205
15,5792,2,2023-06-16,Concluído,5,315
16,1658,2,2023-07-02,Concluído,6,314
17,9751,2,2023-03-26,Cancelado,0,0
18,2900,3,2023-06-10,Concluído,3,162
19,1537,1,2023-07-28,Concluído,4,219
20,6173,5,2023-07-25,Cancelado,0,0
21,5301,2,2023-02-18,Concluído,3,245
22,8920,3,2023-02-21,Concluído,3,193
23,1462,3,2023-07-25,Pendente,0,0
24,2363,5,2023-07-06,Pendente,0,0
25,5035,5,2023-04-07,Cancelado,0,0
26,1224,2,2023-04-25,Concluído,1,189
27,9162,4,2023-09-06,Pendente,0,0
28,1980,3,2023-12-02,Cancelado,0,0
29,5471,3,2023-10-19,Concluído,5,216
30,9717,1,2023-09-26,Pendente,0,0
31,2688,1,2023-03-17,Concluído,5,274
32,7770,2,2023-08-20,Cancelado,0,0
33,4067,4,2023-05-11,Concluído,4,329
34,9781,4,2023-04-18,Pendente,0,0
35,4824,2,2023-09-14,Cancelado,0,0
36,3580,1,2023-07-29,Cancelado,0,0
37,924,5,2023-05-28,Pendente,0,0
38,415,5,2023-12-14,Concluído,7,209
39,3994,2,2023-06-01,Concluído,1,192
40,8351,1,2023-07-20,Pendente,0,0
41,9593,4,2023-04-25,Cancelado,0,0
42,4174,5,2023-12-14,Concluído,5,158
43,8235,4,2023-12-18,Concluído,1,286
44,665,4,2023-08-09,Concluído,7,298
45,3505,1,2023-03-05,Concluído,4,240
46,3618,1,2023-11-15,Concluído,6,344
47,8553,5,2023-10-09,Concluído,6,271
48,5565,2,2023-07-09,Pendente,0,0
49,1913,5,2023-10-14,Concluído,2,193
50,1404,1,2023-04-22,Pendente,0,0
51,2418,1,2023-10-12,Concluído,5,259
52,9364,1,2023-02-14,Concluído,3,331
53,8256,4,2023-05-26,Cancelado,0,0
54,2175,5,2023-09-19,Concluído,4,311
55,7132,2,2023-06-26,Pendente,0,0
56,4326,5,2023-07-13,Cancelado,0,0
57,3516,2,2023-02-23,Cancelado,0,0
58,8725,5,2023-08-25,Concluído,3,329
59,6113,3,2023-05-04,Cancelado,0,0
60,9323,4,2023-12-14,Cancelado,0,0
61,454,1,2023-09-15,Cancelado,0,0
62,3568,4,2023-09-23,Concluído,6,163
63,1896,2,2023-11-15,Cancelado,0,0
64,5639,4,2023-03-05,Cancelado,0,0
65,5402,2,2023-03-24,Concluído,2,298
66,7721,3,2023-08-19,Concluído,4,237
67,4298,1,2023-05-17,Cancelado,0,0
68,3585,5,2023-02-06,Concluído,5,179
69,5904,5,2023-08-28,Concluído,1,285
70,8467,5,2023-06-14,Concluído,4,177
71,1840,4,2023-09-10,Pendente,0,0
72,4505,4,2023-04-24,Concluído,3,208
73,465,4,2023-09-06,Cancelado,0,0
74,5144,5,2023-06-22,Concluído,5,217
75,1289,5,2023-12-06,Concluído,6,213
76,4946,3,2023-01-08,Cancelado,0,0
77,7118,1,2023-06-14,Pendente,0,0
78,3265,3,2023-03-25,Concluído,5,201
79,5032,4,2023-01-23,Pendente,0,0
80,5913,1,2023-06-29,Concluído,7,181
81,8815,3,2023-03-10,Pendente,0,0
82,1785,1,2023-12-13,Cancelado,0,0
83,5975,2,2023-07-29,Cancelado,0,0
84,4354,3,2023-01-16,Pendente,0,0
85,7325,4,2023-05-20,Pendente,0,0
86,1530,1,2023-02-24,Concluído,4,287
87,3467,1,2023-08-19,Pendente,0,0
88,3536,2,2023-01-26,Pendente,0,0
89,6037,5,2023-02-11,Cancelado,0,0
90,1176,1,2023-02-19,Cancelado,0,0
91,1945,3,2023-12-11,Concluído,1,284
92,5605,1,2023-04-13,Concluído,7,256
93,9360,4,2023-08-28,Concluído,4,193
94,4160,4,2023-11-25,Cancelado,0,0
95,2138,1,2023-01-23,Concluído,3,250
96,8570,4,2023-11-09,Concluído,3,276
97,8408,1,2023-05-19,Cancelado,0,0
98,8022,2,2023-02-09,Concluído,4,324
99,2512,5,2023-06-22,Cancelado,0,0
100,1923,4,2023-10-16,Concluído,5,235
101,6658,2,2023-09-16,Pendente,0,0
102,8716,2,2023-08-28,Concluído,1,293
103,9647,4,2023-02-26,Cancelado,0,0
104,9549,4,2023-04-25,Pendente,0,0
105,6285,1,2023-07-28,Concluído,2,275
106,7340,3,2023-01-04,Pendente,0,0
107,7728,2,2023-09-09,Concluído,7,318
108,4839,3,2023-07-01,Concluído,6,325
109,4867,2,2023-04-17,Concluído,6,152
110,321,3,2023-01-13,Cancelado,0,0
111,3910,2,2023-05-17,Cancelado,0,0
112,7229,4,2023-08-04,Pendente,0,0
113,1406,4,2023-12-26,Concluído,3,237
114,3505,4,2023-05-01,Concluído,2,271
115,2671,4,2023-09-01,Concluído,2,222
116,374,5,2023-10-27,Concluído,4,258
117,3797,2,2023-05-12,Cancelado,0,0
118,2276,5,2023-07-15,Pendente,0,0
119,3510,4,2023-12-19,Cancelado,0,0
120,4242,4,2023-12-13,Cancelado,0,0
121,9516,2,2023-09-09,Cancelado,0,0
122,8618,1,2023-03-27,Concluído,6,175
123,4210,4,2023-03-21,Cancelado,0,0
124,6144,1,2023-05-07,Cancelado,0,0
125,6295,3,2023-09-04,Cancelado,0,0
126,6156,2,2023-05-24,Pendente,0,0
127,5212,5,2023-11-19,Cancelado,0,0
128,8622,1,2023-04-13,Cancelado,0,0
129,6039,3,2023-05-22,Concluído,1,250
130,7606,2,2023-11-11,Pendente,0,0
131,2008,2,2023-03-29,Concluído,3,223
132,695,4,2023-01-06,Pendente,0,0
133,6531,2,2023-02-15,Concluído,7,254
134,821,4,2023-08-24,Pendente,0,0
135,428,5,2023-10-18,Cancelado,0,0
136,6358,4,2023-05-26,Pendente,0,0
137,3126,5,2023-11-02,Cancelado,0,0
138,8713,4,2023-01-31,Concluído,6,211
139,5878,2,2023-03-03,Concluído,2,204
140,1000,1,2023-11-07,Pendente,0,0
141,9384,4,2023-07-10,Pendente,0,0
142,8353,5,2023-01-10,Pendente,0,0
143,1769,4,2023-08-19,Cancelado,0,0
144,3575,4,2023-05-24,Concluído,6,195
145,7421,4,2023-03-11,Concluído,5,259
146,4228,5,2023-08-14,Concluído,4,320
147,5822,3,2023-12-09,Cancelado,0,0
148,9068,3,2023-08-09,Cancelado,0,0
149,882,3,2023-11-20,Pendente,0,0
150,8268,3,2023-07-05,Concluído,3,314
151,5403,5,2023-08-24,Concluído,1,346
152,2182,3,2023-08-30,Cancelado,0,0
153,5055,4,2023-06-10,Concluído,4,280
154,6753,1,2023-01-31,Concluído,2,314
155,3675,5,2023-06-28,Cancelado,0,0
156,2494,3,2023-10-05,Pendente,0,0
157,8933,3,2023-06-08,Pendente,0,0
158,7771,4,2023-03-12,Concluído,5,254
159,582,2,2023-08-15,Pendente,0,0
160,2540,5,2023-01-03,Pendente,0,0
161,5444,4,2023-12-28,Concluído,6,165
162,8864,2,2023-03-04,Pendente,0,0
163,5098,3,2023-09-29,Pendente,0,0
164,3955,4,2023-07-31,Pendente,0,0
165,825,3,2023-09-25,Concluído,4,290
166,5111,5,2023-09-10,Pendente,0,0
167,6457,1,2023-06-16,Concluído,6,276
168,8117,4,2023-07-11,Cancelado,0,0
169,1736,4,2023-01-20,Concluído,4,253
170,7208,1,2023-03-21,Cancelado,0,0
171,5363,4,2023-06-11,Cancelado,0,0
172,6301,3,2023-03-23,Concluído,4,197
173,7901,5,2023-06-18,Concluído,6,201
174,6863,3,2023-05-24,Cancelado,0,0
175,819,4,2023-05-31,Cancelado,0,0
176,4411,1,2023-04-24,Pendente,0,0
177,6406,5,2023-10-20,Concluído,1,343
178,9492,5,2023-08-26,Pendente,0,0
179,5044,3,2023-11-30,Cancelado,0,0
180,5827,5,2023-12-03,Pendente,0,0
181,6686,1,2023-08-08,Concluído,7,194
182,4115,4,2023-06-01,Cancelado,0,0
183,3098,1,2023-02-13,Concluído,6,204
184,6264,5,2023-03-17,Pendente,0,0
185,5699,1,2023-01-29,Cancelado,0,0
186,2757,4,2023-02-01,Concluído,5,240
187,7138,1,2023-06-03,Cancelado,0,0
188,8103,4,2023-10-07,Concluído,6,255
189,3439,1,2023-02-15,Cancelado,0,0
190,3017,3,2023-02-15,Pendente,0,0
191,853,3,2023-12-21,Concluído,5,239
192,438,1,2023-10-13,Pendente,0,0
193,2659,1,2023-04-12,Cancelado,0,0
194,1527,4,2023-07-26,Concluído,1,348
195,3675,3,2023-10-28,Concluído,3,233
196,9909,3,2023-04-20,Cancelado,0,0
197,1115,5,2023-01-29,Cancelado,0,0
198,97,1,2023-12-03,Cancelado,0,0
199,2209,4,2023-09-01,Concluído,5,271
200,6390,1,2023-10-11,Concluído,6,260
201,7505,1,2023-06-23,Pendente,0,0
202,8673,4,2023-12-16,Cancelado,0,0
203,9297,2,2023-06-18,Concluído,3,315
204,8279,1,2023-10-31,Pendente,0,0
205,2456,3,2023-06-15,Pendente,0,0
206,1036,1,2023-04-19,Pendente,0,0
207,4545,3,2023-01-28,Cancelado,0,0
208,8606,5,2023-08-06,Concluído,3,266
209,419,3,2023-09-24,Pendente,0,0
210,2130,4,2023-05-24,Concluído,2,225
211,7042,5,2023-06-08,Cancelado,0,0
212,736,2,2023-10-07,Concluído,6,198
213,8959,4,2023-09-15,Concluído,5,302
214,2469,4,2023-02-14,Pendente,0,0
215,2629,2,2023-05-17,Pendente,0,0
216,862,5,2023-06-14,Pendente,0,0
217,3457,5,2023-10-19,Cancelado,0,0
218,9699,2,2023-05-31,Cancelado,0,0
219,241,5,2023-10-06,Cancelado,0,0
220,4286,1,2023-10-23,Pendente,0,0
221,1848,2,2023-02-26,Concluído,5,185
222,976,3,2023-11-02,Pendente,0,0
223,2879,5,2023-09-05,Pendente,0,0
224,9010,5,2023-12-01,Pendente,0,0
225,4517,4,2023-05-23,Cancelado,0,0
226,3017,1,2023-05-03,Pendente,0,0
227,2281,5,2023-03-04,Pendente,0,0
228,5677,3,2023-06-16,Cancelado,0,0
229,1867,4,2023-02-23,Pendente,0,0
230,2833,3,2023-08-26,Pendente,0,0
231,5852,3,2023-10-29,Pendente,0,0
232,1721,1,2023-04-09,Cancelado,0,0
233,3617,4,2023-05-05,Cancelado,0,0
234,3962,1,2023-02-01,Cancelado,0,0
235,3069,1,2023-02-22,Cancelado,0,0
236,4654,4,2023-03-15,Pendente,0,0
237,8694,4,2023-05-24,Cancelado,0,0
238,6260,2,2023-06-05,Concluído,3,339
239,8627,5,2023-12-29,Pendente,0,0
240,4980,2,2023-02-23,Concluído,4,164
241,1658,5,2023-04-21,Pendente,0,0
242,3484,3,2023-04-27,Cancelado,0,0
243,1298,1,2023-09-13,Pendente,0,0
244,4666,2,2023-05-31,Cancelado,0,0
245,1554,2,2023-12-21,Cancelado,0,0
246,1688,1,2023-11-24,Concluído,1,293
247,3093,4,2023-01-08,Concluído,6,332
248,9262,4,2023-02-22,Pendente,0,0
249,3559,1,2023-09-27,Pendente,0,0
250,3543,2,2023-10-03,Pendente,0,0
251,7391,1,2023-01-08,Concluído,5,253
252,8567,5,2023-04-07,Pendente,0,0
253,8346,4,2023-05-30,Concluído,7,208
254,4371,5,2023-01-13,Pendente,0,0
255,6881,4,2023-06-06,Concluído,4,327
256,8955,3,2023-07-21,Pendente,0,0
257,8252,5,2023-08-28,Cancelado,0,0
258,7701,5,2023-08-26,Cancelado,0,0
259,1805,1,2023-07-09,Cancelado,0,0
260,6237,1,2023-05-20,Cancelado,0,0
261,1441,4,2023-06-06,Cancelado,0,0
262,6993,5,2023-03-02,Cancelado,0,0
263,3056,3,2023-05-09,Cancelado,0,0
264,8495,3,2023-10-20,Cancelado,0,0
265,2605,3,2023-09-03,Pendente,0,0
266,3895,1,2023-03-26,Cancelado,0,0
267,1091,5,2023-06-25,Cancelado,0,0
268,184,3,2023-06-27,Cancelado,0,0
269,1515,2,2023-12-27,Concluído,1,284
270,2863,5,2023-01-26,Cancelado,0,0
271,4102,4,2023-11-05,Cancelado,0,0
272,1111,1,2023-11-12,Concluído,1,218
273,2245,4,2023-02-01,Cancelado,0,0
274,233,4,2023-02-24,Cancelado,0,0
275,2070,2,2023-12-08,Cancelado,0,0
276,4273,5,2023-05-22,Cancelado,0,0
277,7479,2,2023-10-20,Concluído,1,162
278,259,1,2023-03-20,Concluído,6,247
279,5404,5,2023-05-23,Cancelado,0,0
280,4813,4,2023-09-04,Pendente,0,0
281,9622,3,2023-03-26,Cancelado,0,0
282,9218,5,2023-12-11,Concluído,3,323
283,1825,3,2023-09-15,Pendente,0,0
284,9644,3,2023-03-05,Cancelado,0,0
285,7260,5,2023-12-31,Pendente,0,0
286,4369,2,2023-10-06,Pendente,0,0
287,254,3,2023-05-17,Cancelado,0,0
288,6227,1,2023-10-25,Concluído,3,304
289,9371,2,2023-10-01,Cancelado,0,0
290,2633,1,2023-05-11,Concluído,4,174
291,2833,3,2023-12-12,Concluído,2,298
292,7390,4,2024-01-01,Cancelado,0,0
293,2052,2,2023-09-15,Pendente,0,0
294,4528,4,2023-03-18,Concluído,6,297
295,425,1,2023-05-24,Cancelado,0,0
296,555,2,2023-02-03,Concluído,5,327
297,2752,1,2023-08-02,Pendente,0,0
298,6327,4,2023-12-23,Pendente,0,0
299,5281,4,2023-03-26,Pendente,0,0
300,4106,5,2023-08-08,Pendente,0,0
301,2848,3,2023-09-11,Concluído,1,223
302,1741,1,2023-12-07,Concluído,3,179
303,7108,4,2023-12-18,Pendente,0,0
304,4049,3,2023-10-14,Cancelado,0,0
305,5795,2,2023-08-14,Pendente,0,0
306,3619,1,2023-09-27,Concluído,4,266
307,3271,1,2023-08-13,Pendente,0,0
308,6703,5,2023-12-01,Concluído,1,215
309,4247,3,2023-05-13,Cancelado,0,0
310,3878,4,2023-02-05,Cancelado,0,0
311,4258,5,2023-06-12,Pendente,0,0
312,1367,5,2023-03-22,Cancelado,0,0
313,3911,1,2023-08-16,Pendente,0,0
314,5288,1,2023-12-08,Cancelado,0,0
315,6,1,2023-09-29,Pendente,0,0
316,1279,5,2023-02-04,Concluído,1,227
317,4890,3,2023-07-31,Pendente,0,0
318,8420,1,2023-12-11,Cancelado,0,0
319,1586,5,2023-08-18,Concluído,7,236
320,2572,3,2023-05-29,Pendente,0,0
321,5514,1,2023-06-03,Concluído,1,180
322,1020,4,2023-03-09,Pendente,0,0
323,7278,1,2023-10-13,Pendente,0,0
324,8838,4,2023-02-13,Concluído,2,181
325,4463,3,2023-03-25,Cancelado,0,0
326,7623,4,2023-02-28,Concluído,3,332
327,6776,5,2023-01-04,Cancelado,0,0
328,375,1,2023-10-09,Cancelado,0,0
329,7503,2,2023-09-14,Pendente,0,0
330,5536,2,2023-05-13,Concluído,5,251
331,7929,1,2023-08-12,Cancelado,0,0
332,2032,4,2023-04-15,Pendente,0,0
333,9401,4,2023-02-23,Concluído,4,188
334,5076,4,2023-05-29,Concluído,7,241
335,9239,5,2023-02-24,Pendente,0,0
336,9035,3,2023-08-08,Pendente,0,0
337,9659,5,2023-02-09,Concluído,5,261
338,5457,4,2023-04-27,Cancelado,0,0
339,4691,4,2023-07-09,Pendente,0,0
340,5871,4,2023-01-14,Cancelado,0,0
341,2005,3,2023-05-06,Concluído,2,191
342,3356,2,2023-02-07,Pendente,0,0
343,6912,5,2023-04-15,Cancelado,0,0
344,1128,4,2023-02-05,Cancelado,0,0
345,1750,3,2023-12-11,Cancelado,0,0
346,553,3,2023-05-23,Concluído,5,240
347,280,4,2023-05-01,Concluído,1,295
348,5816,5,2023-11-08,Cancelado,0,0
349,2718,2,2023-04-30,Pendente,0,0
350,4387,3,2023-05-16,Concluído,2,348
351,8668,1,2023-02-20,Cancelado,0,0
352,6263,4,2023-05-23,Cancelado,0,0
353,160,2,2023-04-05,Cancelado,0,0
354,9578,4,2023-07-04,Concluído,2,350
355,699,3,2023-07-03,Pendente,0,0
356,9313,4,2023-03-10,Cancelado,0,0
357,2974,5,2023-12-05,Cancelado,0,0
358,3834,4,2023-01-04,Cancelado,0,0
359,4629,2,2023-12-23,Cancelado,0,0
360,5883,4,2023-01-27,Cancelado,0,0
361,868,2,2023-11-20,Pendente,0,0
362,2388,3,2023-10-08,Pendente,0,0
363,93,3,2023-09-18,Concluído,4,280
364,6064,3,2023-11-12,Pendente,0,0
365,3811,3,2023-08-27,Cancelado,0,0
366,8930,1,2023-09-25,Concluído,2,188
367,8261,3,2023-04-09,Concluído,7,274
368,7471,5,2023-04-04,Pendente,0,0
369,6268,5,2023-10-05,Concluído,3,247
370,5541,1,2023-12-28,Concluído,1,245
371,7229,2,2023-07-06,Pendente,0,0
372,1644,5,2023-03-28,Cancelado,0,0
373,3122,5,2023-10-08,Cancelado,0,0
374,7931,2,2023-05-21,Pendente,0,0
375,5440,5,2023-10-14,Pendente,0,0
376,7648,1,2023-08-18,Pendente,0,0
377,477,5,2023-12-22,Cancelado,0,0
378,1467,4,2023-01-28,Cancelado,0,0
379,7621,5,2023-08-29,Cancelado,0,0
380,4992,1,2023-07-04,Concluído,7,243
381,7424,2,2023-07-20,Cancelado,0,0
382,3500,3,2023-11-23,Pendente,0,0
383,6203,1,2023-08-11,Concluído,4,298
384,830,2,2023-04-05,Pendente,0,0
385,7057,3,2023-03-03,Concluído,7,323
386,9886,3,2023-01-17,Concluído,6,231
387,5969,5,2023-01-11,Cancelado,0,0
388,7522,4,2023-10-03,Cancelado,0,0
389,3804,5,2023-06-06,Pendente,0,0
390,2452,4,2023-03-22,Cancelado,0,0
391,6278,2,2023-03-07,Concluído,5,327
392,8503,1,2024-01-01,Concluído,2,162
393,4875,5,2023-07-15,Concluído,1,319
394,5280,4,2023-03-06,Concluído,6,167
395,7207,1,2023-11-13,Cancelado,0,0
396,9655,4,2023-05-25,Concluído,2,191
397,9877,4,2023-07-25,Pendente,0,0
398,9952,2,2023-09-02,Pendente,0,0
399,4064,5,2023-03-11,Pendente,0,0
400,9440,4,2023-09-09,Pendente,0,0
401,4626,4,2023-06-07,Pendente,0,0
402,2568,2,2023-06-01,Cancelado,0,0
403,7930,5,2023-02-07,Pendente,0,0
404,5750,5,2023-01-25,Concluído,2,300
405,8216,4,2023-01-01,Concluído,3,184
406,1434,1,2023-08-06,Pendente,0,0
407,536,3,2023-12-23,Concluído,7,255
408,6530,2,2023-07-21,Pendente,0,0
409,9145,5,2023-12-27,Concluído,1,204
410,8970,4,2023-10-02,Pendente,0,0
411,5217,1,2023-06-04,Concluído,2,267
412,4574,2,2023-09-22,Concluído,7,206
413,5849,4,2023-11-05,Cancelado,0,0
414,727,3,2023-09-10,Concluído,4,192
415,9804,5,2023-10-03,Concluído,6,314
416,7678,1,2023-11-26,Concluído,3,343
417,9872,4,2023-11-28,Cancelado,0,0
418,913,1,2023-12-05,Cancelado,0,0
419,7045,2,2023-11-06,Pendente,0,0
420,1765,1,2023-10-16,Cancelado,0,0
421,2736,1,2023-03-09,Pendente,0,0
422,3914,5,2023-02-18,Pendente,0,0
423,6788,4,2023-11-10,Cancelado,0,0
424,2266,5,2023-03-07,Concluído,7,254
425,3189,5,2023-05-07,Cancelado,0,0
426,4790,3,2023-04-30,Pendente,0,0
427,530,4,2023-08-02,Pendente,0,0
428,3506,5,2023-10-21,Concluído,7,214
429,4558,3,2023-06-29,Cancelado,0,0
430,8052,2,2023-09-03,Concluído,3,324
431,2005,5,2023-12-21,Pendente,0,0
432,4624,5,2023-11-15,Cancelado,0,0
433,3993,4,2023-03-18,Pendente,0,0
434,687,3,2023-01-28,Pendente,0,0
435,2227,4,2023-08-17,Pendente,0,0
436,6276,4,2023-03-16,Cancelado,0,0
437,6145,3,2023-03-27,Pendente,0,0
438,6786,4,2023-06-14,Cancelado,0,0
439,2825,4,2023-06-07,Concluído,3,198
440,6163,3,2023-01-25,Pendente,0,0
441,3437,3,2023-05-05,Concluído,1,345
442,8002,3,2023-06-21,Cancelado,0,0
443,7161,1,2023-08-26,Pendente,0,0
444,598,1,2023-04-19,Pendente,0,0
445,9290,3,2023-07-26,Concluído,4,280
446,9249,2,2023-04-07,Pendente,0,0
447,4345,2,2023-06-29,Pendente,0,0
448,1646,5,2023-04-06,Cancelado,0,0
449,4307,5,2023-11-04,Concluído,1,274
450,5095,3,2023-05-30,Pendente,0,0
451,5038,2,2023-03-29,Pendente,0,0
452,9570,1,2023-04-24,Pendente,0,0
453,9396,5,2023-03-19,Pendente,0,0
454,8555,3,2023-06-11,Cancelado,0,0
455,4124,2,2023-09-13,Cancelado,0,0
456,8706,5,2023-02-21,Concluído,3,207
457,6292,2,2023-07-18,Concluído,2,197
458,1493,1,2023-07-29,Cancelado,0,0
459,9745,3,2023-04-16,Cancelado,0,0
460,4212,1,2023-01-06,Cancelado,0,0
461,6224,5,2023-05-10,Concluído,1,277
462,5961,5,2023-05-31,Pendente,0,0
463,2750,4,2023-07-24,Concluído,6,156
464,7891,5,2023-01-30,Cancelado,0,0
465,7922,5,2023-11-14,Pendente,0,0
466,2349,5,2023-02-19,Concluído,7,318
467,4197,2,2023-12-25,Cancelado,0,0
468,6622,2,2023-10-16,Pendente,0,0
469,991,5,2023-10-27,Pendente,0,0
470,7133,2,2023-07-12,Concluído,2,199
471,8659,3,2023-04-20,Pendente,0,0
472,1311,3,2023-03-09,Pendente,0,0
473,5400,3,2023-02-19,Cancelado,0,0
474,256,3,2023-11-22,Pendente,0,0
475,4046,1,2023-07-16,Concluído,4,298
476,816,3,2023-05-05,Cancelado,0,0
477,7430,4,2023-09-10,Concluído,1,167
478,2408,4,2023-04-30,Pendente,0,0
479,5012,1,2023-10-14,Pendente,0,0
480,3210,4,2023-07-16,Concluído,7,349
481,48,1,2023-05-05,Pendente,0,0
482,46,1,2023-09-09,Cancelado,0,0
483,1117,2,2023-03-26,Cancelado,0,0
484,8261,3,2023-12-08,Cancelado,0,0
485,8547,4,2023-07-05,Cancelado,0,0
486,9212,2,2023-04-11,Concluído,1,180
487,6962,4,2023-01-26,Cancelado,0,0
488,6351,4,2023-02-01,Cancelado,0,0
489,7011,2,2023-11-30,Pendente,0,0
490,1769,2,2023-06-26,Pendente,0,0
491,2045,3,2023-01-01,Cancelado,0,0
492,1629,5,2023-06-09,Pendente,0,0
493,9837,1,2023-03-20,Pendente,0,0
494,140,1,2023-09-12,Pendente,0,0
495,764,5,2023-07-21,Cancelado,0,0
496,856,3,2023-10-19,Pendente,0,0
497,1427,3,2023-04-29,Cancelado,0,0
498,4679,1,2023-02-21,Pendente,0,0
499,2771,4,2023-05-13,Cancelado,0,0
500,2263,5,2023-02-20,Cancelado,0,0
501,3829,2,2023-03-13,Pendente,0,0
502,6406,1,2023-09-13,Concluído,4,293
503,7218,3,2023-01-31,Pendente,0,0
504,1063,1,2023-05-16,Concluído,1,162
505,8841,1,2023-09-16,Concluído,5,171
506,2885,4,2023-09-23,Pendente,0,0
507,9806,4,2023-01-16,Pendente,0,0
508,510,1,2023-05-12,Cancelado,0,0
509,4996,4,2023-05-31,Pendente,0,0
510,9189,1,2023-07-16,Concluído,1,306
511,435,2,2023-02-18,Pendente,0,0
512,9338,2,2023-05-20,Cancelado,0,0
513,9519,5,2023-05-12,Concluído,5,255
514,8569,3,2023-07-13,Cancelado,0,0
515,2797,1,2023-10-10,Concluído,1,278
516,4042,5,2023-07-02,Cancelado,0,0
517,8126,5,2023-09-23,Concluído,5,248
518,2697,3,2023-08-16,Concluído,1,158
519,3732,5,2023-12-28,Concluído,4,304
520,2667,1,2023-10-31,Concluído,1,238
521,8772,5,2023-10-03,Concluído,6,345
522,1887,2,2023-12-24,Cancelado,0,0
523,253,2,2023-05-14,Pendente,0,0
524,2234,1,2023-01-28,Cancelado,0,0
525,6365,4,2023-10-11,Cancelado,0,0
526,2511,2,2023-06-20,Concluído,4,229
527,2031,4,2023-02-10,Concluído,1,308
528,2284,5,2023-07-04,Pendente,0,0
529,1324,2,2023-03-28,Concluído,2,242
530,1471,3,2023-05-10,Concluído,6,335
531,8685,4,2023-12-22,Concluído,5,243
532,520,4,2023-01-30,Pendente,0,0
533,838,2,2023-05-18,Concluído,4,219
534,7861,2,2023-10-08,Cancelado,0,0
535,5490,3,2023-07-27,Cancelado,0,0
536,4754,2,2023-02-24,Cancelado,0,0
537,1411,5,2023-02-28,Concluído,6,298
538,2482,1,2023-12-31,Pendente,0,0
539,8494,1,2023-05-26,Concluído,2,267
540,1304,4,2023-02-01,Pendente,0,0
541,5988,4,2023-03-14,Pendente,0,0
542,3965,3,2023-06-21,Pendente,0,0
543,3109,4,2023-03-26,Cancelado,0,0
544,2604,1,2023-10-23,Pendente,0,0
545,7395,5,2023-07-29,Concluído,4,310
546,2339,1,2023-04-04,Cancelado,0,0
547,3861,5,2023-09-18,Cancelado,0,0
548,7132,5,2023-09-23,Cancelado,0,0
549,4497,1,2023-04-18,Concluído,3,329
550,1816,4,2023-07-05,Concluído,1,254
551,8354,3,2023-03-21,Concluído,6,176
552,3041,3,2023-12-17,Cancelado,0,0
553,7513,1,2023-04-10,Concluído,3,249
554,5407,5,2023-08-30,Cancelado,0,0
555,9646,1,2023-09-04,Cancelado,0,0
556,4621,4,2023-07-01,Cancelado,0,0
557,715,5,2023-10-20,Concluído,5,254
558,4276,2,2023-12-30,Pendente,0,0
559,311,3,2023-01-05,Pendente,0,0
560,2199,4,2023-01-05,Cancelado,0,0
561,972,4,2023-08-25,Pendente,0,0
562,9597,4,2023-10-01,Concluído,1,279
563,4082,4,2023-01-27,Concluído,6,214
564,5554,3,2023-11-19,Pendente,0,0
565,1921,3,2023-06-07,Cancelado,0,0
566,7176,2,2023-01-31,Pendente,0,0
567,1797,3,2023-04-19,Cancelado,0,0
568,1778,1,2023-01-07,Concluído,6,239
569,1838,1,2023-06-24,Concluído,4,266
570,6454,5,2023-03-24,Concluído,4,168
571,6040,3,2023-02-10,Cancelado,0,0
572,8008,2,2023-01-10,Cancelado,0,0
573,292,4,2023-02-25,Pendente,0,0
574,7426,2,2023-12-18,Cancelado,0,0
575,8667,1,2023-12-13,Cancelado,0,0
576,1750,5,2023-10-05,Cancelado,0,0
577,8316,3,2023-10-07,Concluído,3,155
578,914,2,2023-11-30,Concluído,5,348
579,7319,3,2023-09-17,Cancelado,0,0
580,9982,1,2023-08-26,Pendente,0,0
581,5949,2,2023-10-12,Cancelado,0,0
582,3524,5,2023-05-31,Cancelado,0,0
583,6787,1,2023-03-30,Cancelado,0,0
584,2911,4,2023-03-18,Cancelado,0,0
585,9442,3,2023-12-16,Cancelado,0,0
586,577,1,2023-03-31,Pendente,0,0
587,2145,5,2023-03-15,Cancelado,0,0
588,606,4,2023-01-14,Cancelado,0,0
589,3080,1,2023-04-12,Concluído,7,175
590,6069,5,2023-07-25,Cancelado,0,0
591,477,3,2023-09-03,Cancelado,0,0
592,4235,5,2023-04-21,Pendente,0,0
593,176,2,2023-11-26,Cancelado,0,0
594,8214,2,2023-07-21,Pendente,0,0
595,6273,3,2023-09-15,Cancelado,0,0
596,1665,2,2023-12-11,Pendente,0,0
597,8421,1,2023-06-06,Concluído,1,302
598,8235,5,2023-11-02,Concluído,7,344
599,4232,4,2023-05-22,Pendente,0,0
600,1371,4,2023-11-10,Pendente,0,0
601,3965,3,2023-12-24,Concluído,6,332
602,7367,4,2023-05-17,Cancelado,0,0
603,4456,2,2023-01-12,Concluído,6,249
604,7210,3,2023-05-21,Pendente,0,0
605,1445,4,2023-07-27,Pendente,0,0
606,4857,5,2023-06-25,Cancelado,0,0
607,7427,5,2023-10-11,Concluído,7,226
608,253,4,2023-05-19,Pendente,0,0
609,3049,4,2023-12-02,Pendente,0,0
610,1826,2,2023-10-14,Concluído,4,173
611,7900,3,2023-07-31,Cancelado,0,0
612,7974,3,2023-07-29,Concluído,7,181
613,6395,3,2023-08-29,Concluído,6,328
614,622,3,2023-10-19,Concluído,7,321
615,382,1,2023-08-28,Cancelado,0,0
616,4094,4,2023-06-02,Concluído,7,251
617,4221,2,2023-06-24,Pendente,0,0
618,2178,5,2023-08-10,Cancelado,0,0
619,3933,3,2023-07-04,Concluído,3,253
620,4986,4,2023-10-27,Cancelado,0,0
621,5818,2,2023-07-09,Concluído,7,288
622,9060,5,2023-02-26,Concluído,6,150
623,1774,3,2023-12-18,Concluído,5,210
624,317,2,2023-09-03,Cancelado,0,0
625,6535,5,2023-04-11,Pendente,0,0
626,8135,3,2023-06-22,Concluído,4,272
627,8363,3,2023-02-22,Cancelado,0,0
628,7022,4,2023-06-11,Pendente,0,0
629,2939,5,2023-04-21,Concluído,4,158
630,484,1,2023-05-01,Concluído,1,242
631,5431,1,2023-07-07,Cancelado,0,0
632,5200,4,2023-05-25,Pendente,0,0
633,8539,1,2023-07-23,Concluído,2,279
634,4161,3,2023-05-14,Cancelado,0,0
635,2321,1,2023-07-23,Concluído,3,159
636,2536,3,2023-02-21,Cancelado,0,0
637,8133,2,2023-12-16,Pendente,0,0
638,7789,4,2023-03-18,Cancelado,0,0
639,4947,1,2023-09-14,Concluído,5,227
640,1892,5,2023-01-16,Concluído,3,266
641,8621,1,2023-02-15,Concluído,4,237
642,4862,5,2023-04-08,Cancelado,0,0
643,5859,5,2023-02-03,Concluído,6,198
644,4965,2,2023-03-05,Concluído,7,229
645,9908,3,2023-01-09,Pendente,0,0
646,1868,1,2023-01-22,Pendente,0,0
647,9069,2,2023-05-26,Pendente,0,0
648,8638,3,2023-11-09,Pendente,0,0
649,964,3,2023-01-11,Pendente,0,0
650,46,3,2023-06-05,Concluído,4,259
651,3503,4,2023-02-06,Pendente,0,0
652,3833,3,2023-06-15,Cancelado,0,0
653,2059,2,2023-08-07,Pendente,0,0
654,5638,5,2023-10-06,Pendente,0,0
655,6247,5,2023-10-20,Cancelado,0,0
656,5032,5,2023-01-05,Pendente,0,0
657,7500,1,2023-05-15,Pendente,0,0
658,4107,1,2023-09-25,Pendente,0,0
659,3935,2,2023-09-02,Concluído,4,190
660,7977,5,2023-07-02,Cancelado,0,0
661,2716,1,2023-06-21,Cancelado,0,0
662,8471,1,2023-12-20,Concluído,7,214
663,7844,4,2023-08-17,Cancelado,0,0
664,9844,4,2023-10-06,Pendente,0,0
665,4268,4,2023-04-14,Concluído,2,306
666,7399,3,2023-05-22,Concluído,4,212
667,4220,5,2023-10-13,Cancelado,0,0
668,1251,4,2023-11-04,Concluído,1,157
669,5800,2,2023-03-31,Cancelado,0,0
670,1355,2,2023-11-07,Concluído,4,261
671,394,4,2023-05-04,Concluído,4,252
672,5605,2,2023-08-22,Concluído,6,227
673,7856,2,2023-03-22,Concluído,1,306
674,3587,5,2023-06-14,Pendente,0,0
675,8318,1,2023-05-01,Pendente,0,0
676,6029,2,2023-10-17,Pendente,0,0
677,4780,4,2023-01-01,Cancelado,0,0
678,1521,3,2023-05-15,Cancelado,0,0
679,2364,5,2023-10-27,Pendente,0,0
680,775,1,2023-08-20,Concluído,7,200
681,2425,5,2023-08-20,Concluído,4,156
682,6976,4,2023-04-16,Cancelado,0,0
683,2713,3,2023-09-16,Cancelado,0,0
684,7491,3,2023-02-09,Pendente,0,0
685,8628,3,2023-09-02,Pendente,0,0
686,422,4,2023-09-20,Concluído,1,273
687,206,1,2023-06-01,Concluído,3,328
688,5032,4,2023-10-17,Concluído,3,340
689,3800,3,2023-11-03,Concluído,5,214
690,2742,2,2023-02-14,Cancelado,0,0
691,605,2,2023-05-03,Pendente,0,0
692,4958,1,2023-02-13,Cancelado,0,0
693,4920,4,2023-12-20,Pendente,0,0
694,6455,2,2023-03-18,Concluído,6,185
695,7440,1,2023-08-25,Cancelado,0,0
696,4914,2,2023-10-05,Cancelado,0,0
697,5544,2,2023-11-04,Cancelado,0,0
698,1366,1,2023-12-09,Concluído,7,195
699,783,2,2023-12-30,Cancelado,0,0
700,6141,3,2023-08-08,Pendente,0,0
701,9163,5,2023-10-08,Cancelado,0,0
702,750,3,2023-12-15,Concluído,4,270
703,5998,1,2023-12-21,Pendente,0,0
704,9930,5,2023-02-12,Pendente,0,0
705,8260,5,2023-06-09,Concluído,6,211
706,531,3,2023-10-10,Pendente,0,0
707,6558,4,2023-07-17,Concluído,4,275
708,2884,4,2023-06-19,Cancelado,0,0
709,2188,1,2023-05-20,Pendente,0,0
710,1130,5,2023-05-12,Pendente,0,0
711,2410,4,2023-12-10,Concluído,3,297
712,7267,3,2023-03-03,Pendente,0,0
713,8655,1,2023-12-18,Cancelado,0,0
714,4852,5,2023-06-14,Concluído,1,222
715,5254,1,2023-11-09,Pendente,0,0
716,7620,3,2023-01-21,Concluído,1,309
717,8363,3,2023-01-29,Pendente,0,0
718,3094,2,2023-07-03,Cancelado,0,0
719,8438,2,2023-08-12,Pendente,0,0
720,2886,4,2023-03-29,Concluído,7,174
721,2359,3,2023-08-09,Pendente,0,0
722,8308,1,2023-03-21,Pendente,0,0
723,978,3,2023-10-13,Pendente,0,0
724,3879,4,2023-01-18,Concluído,1,326
725,2886,4,2023-11-04,Concluído,7,302
726,7080,1,2023-08-01,Pendente,0,0
727,5099,5,2023-08-06,Pendente,0,0
728,4889,3,2023-11-30,Cancelado,0,0
729,1898,2,2023-11-06,Pendente,0,0
730,3391,5,2023-09-24,Concluído,3,231
731,8613,3,2023-01-02,Concluído,6,317
732,9773,4,2023-11-29,Pendente,0,0
733,7557,1,2023-11-02,Concluído,1,207
734,1041,5,2023-05-30,Pendente,0,0
735,5659,5,2023-12-24,Pendente,0,0
736,7090,1,2023-11-13,Cancelado,0,0
737,1683,5,2023-12-16,Concluído,6,229
738,2428,5,2023-06-06,Cancelado,0,0
739,5821,2,2023-05-04,Pendente,0,0
740,6563,5,2023-09-05,Concluído,4,273
741,9327,2,2023-07-19,Cancelado,0,0
742,3846,4,2023-11-09,Concluído,2,343
743,3842,2,2023-04-01,Concluído,2,196
744,5403,3,2023-11-27,Cancelado,0,0
745,5895,5,2023-11-23,Pendente,0,0
746,8635,1,2023-12-31,Cancelado,0,0
747,3455,4,2023-03-08,Cancelado,0,0
748,9415,1,2023-05-31,Concluído,5,317
749,5034,3,2023-11-12,Pendente,0,0
750,1268,3,2023-01-31,Concluído,2,314
751,3401,1,2023-10-09,Cancelado,0,0
752,7429,4,2023-06-15,Pendente,0,0
753,5357,5,2023-01-02,Pendente,0,0
754,2897,4,2023-03-27,Cancelado,0,0
755,8609,1,2023-06-17,Cancelado,0,0
756,7829,2,2023-11-25,Cancelado,0,0
757,2656,2,2023-12-28,Cancelado,0,0
758,8759,3,2023-12-09,Cancelado,0,0
759,1885,2,2023-02-17,Cancelado,0,0
760,4642,4,2023-01-28,Cancelado,0,0
761,3046,4,2023-10-15,Pendente,0,0
762,3829,5,2023-03-24,Concluído,1,275
763,3666,2,2023-10-01,Concluído,1,271
764,4439,4,2023-05-21,Cancelado,0,0
765,3698,2,2023-09-11,Cancelado,0,0
766,9771,5,2023-08-27,Concluído,5,259
767,6671,4,2023-08-08,Cancelado,0,0
768,1435,3,2023-07-14,Concluído,6,248
769,8495,3,2023-02-10,Concluído,7,165
770,5292,4,2023-10-23,Concluído,3,267
771,9205,5,2023-01-07,Pendente,0,0
772,2283,4,2023-07-13,Cancelado,0,0
773,6103,3,2023-02-10,Pendente,0,0
774,7656,5,2023-01-30,Cancelado,0,0
775,8293,1,2023-05-07,Concluído,7,334
776,4428,2,2023-08-03,Pendente,0,0
777,932,2,2023-07-20,Concluído,7,181
778,1722,5,2023-02-25,Concluído,2,214
779,3364,1,2023-03-14,Pendente,0,0
780,2355,1,2023-04-22,Concluído,4,319
781,4796,1,2023-01-31,Cancelado,0,0
782,2425,1,2023-02-01,Cancelado,0,0
783,1970,1,2023-06-15,Pendente,0,0
784,9705,2,2023-05-16,Pendente,0,0
785,4605,3,2023-08-20,Cancelado,0,0
786,8328,4,2023-03-02,Cancelado,0,0
787,3569,5,2023-12-26,Pendente,0,0
788,2804,3,2023-06-24,Cancelado,0,0
789,4757,3,2023-04-10,Pendente,0,0
790,7583,4,2023-06-23,Concluído,7,244
791,6596,3,2023-03-01,Pendente,0,0
792,5400,3,2023-01-13,Pendente,0,0
793,5579,3,2023-04-18,Cancelado,0,0
794,8143,2,2023-04-17,Pendente,0,0
795,5471,1,2023-09-22,Cancelado,0,0
796,2041,3,2023-11-14,Pendente,0,0
797,1140,3,2023-10-25,Cancelado,0,0
798,5074,2,2023-10-17,Concluído,3,324
799,611,4,2023-07-31,Pendente,0,0
800,8396,3,2023-10-07,Concluído,7,243
801,4232,5,2023-07-21,Cancelado,0,0
802,7592,5,2023-03-18,Concluído,2,244
803,3424,1,2023-08-31,Concluído,4,197
804,2757,5,2023-04-20,Pendente,0,0
805,5506,1,2023-01-12,Concluído,5,154
806,6666,1,2023-05-11,Cancelado,0,0
807,7133,2,2023-06-04,Concluído,3,283
808,2312,2,2023-01-01,Pendente,0,0
809,6942,5,2023-12-31,Concluído,4,289
810,6826,2,2023-08-19,Pendente,0,0
811,9744,3,2023-10-24,Pendente,0,0
812,6121,5,2023-11-13,Cancelado,0,0
813,315,1,2023-11-25,Concluído,1,337
814,344,4,2023-06-17,Pendente,0,0
815,1069,5,2023-09-02,Concluído,1,310
816,3518,1,2023-07-28,Cancelado,0,0
817,5988,4,2023-08-14,Pendente,0,0
818,3001,2,2023-02-23,Concluído,2,195
819,3138,5,2023-04-22,Cancelado,0,0
820,8788,2,2023-07-18,Pendente,0,0
821,1294,2,2023-08-28,Pendente,0,0
822,5093,1,2023-05-27,Concluído,4,171
823,8350,2,2023-01-11,Pendente,0,0
824,9446,2,2023-07-09,Concluído,1,257
825,4248,1,2023-04-12,Cancelado,0,0
826,9511,3,2023-05-21,Concluído,5,188
827,8109,2,2023-12-11,Concluído,7,303
828,893,2,2023-04-29,Concluído,4,347
829,1292,3,2023-10-12,Concluído,5,201
830,8092,1,2023-05-06,Pendente,0,0
831,4561,1,2023-09-14,Pendente,0,0
832,8535,4,2023-08-02,Concluído,6,263
833,3824,3,2023-09-20,Pendente,0,0
834,7384,2,2023-06-08,Concluído,1,278
835,8721,4,2023-06-19,Pendente,0,0
836,8286,3,2023-11-09,Pendente,0,0
837,6992,2,2023-01-19,Cancelado,0,0
838,7276,5,2023-08-05,Concluído,2,157
839,3441,4,2023-05-05,Concluído,4,159
840,2045,1,2023-05-19,Pendente,0,0
841,613,4,2023-08-12,Cancelado,0,0
842,9609,5,2023-04-24,Pendente,0,0
843,4301,2,2023-03-17,Concluído,7,235
844,29,2,2023-04-29,Cancelado,0,0
845,4896,2,2023-03-24,Pendente,0,0
846,8891,4,2023-10-02,Concluído,1,154
847,5637,2,2023-06-09,Pendente,0,0
848,1275,1,2023-05-04,Cancelado,0,0
849,5568,4,2023-12-14,Cancelado,0,0
850,4519,3,2023-08-25,Pendente,0,0
851,5852,4,2023-12-11,Pendente,0,0
852,2691,5,2023-08-05,Cancelado,0,0
853,9600,2,2023-12-24,Cancelado,0,0
854,9965,4,2023-04-06,Concluído,5,222
855,3866,5,2023-04-26,Concluído,3,303
856,2638,4,2023-12-09,Concluído,2,308
857,9305,2,2023-12-05,Pendente,0,0
858,3185,3,2023-10-23,Pendente,0,0
859,7076,2,2023-12-04,Cancelado,0,0
860,5077,1,2023-07-01,Pendente,0,0
861,1015,5,2023-08-24,Concluído,1,194
862,9658,5,2023-10-13,Cancelado,0,0
863,9882,2,2023-03-21,Pendente,0,0
864,9229,2,2023-05-22,Cancelado,0,0
865,2144,3,2023-11-15,Cancelado,0,0
866,9223,4,2023-02-23,Cancelado,0,0
867,4140,3,2023-08-03,Cancelado,0,0
868,2719,4,2023-11-14,Pendente,0,0
869,6273,5,2023-10-13,Pendente,0,0
870,2708,1,2023-01-31,Pendente,0,0
871,216,4,2023-02-14,Concluído,5,243
872,1215,4,2023-03-18,Concluído,3,261
873,3122,5,2023-06-17,Concluído,2,230
874,5479,2,2023-01-04,Cancelado,0,0
875,3825,3,2023-11-23,Cancelado,0,0
876,1177,4,2023-08-21,Cancelado,0,0
877,1781,5,2023-03-19,Concluído,3,255
878,7625,5,2023-04-10,Cancelado,0,0
879,938,5,2023-03-30,Pendente,0,0
880,8480,1,2023-11-26,Concluído,7,319
881,4966,5,2023-07-18,Cancelado,0,0
882,886,4,2023-05-19,Cancelado,0,0
883,4638,1,2023-08-30,Pendente,0,0
884,4169,2,2023-02-19,Concluído,1,259
885,7586,5,2023-02-21,Pendente,0,0
886,3867,5,2023-12-25,Concluído,1,343
887,9314,1,2023-05-29,Concluído,2,262
888,6990,2,2023-08-02,Concluído,5,298
889,6045,2,2023-05-07,Pendente,0,0
890,5717,4,2023-09-02,Concluído,4,346
891,2486,4,2023-10-06,Concluído,2,305
892,1604,3,2023-05-08,Cancelado,0,0
893,7362,2,2023-01-15,Concluído,7,214
894,6318,2,2023-09-25,Concluído,5,232
895,3807,5,2023-11-01,Concluído,2,269
896,427,1,2023-08-27,Pendente,0,0
897,6040,4,2023-04-13,Concluído,6,179
898,2500,3,2023-04-20,Cancelado,0,0
899,3116,3,2023-02-22,Cancelado,0,0
900,7018,4,2023-11-19,Cancelado,0,0
901,6238,3,2023-08-08,Pendente,0,0
902,7397,2,2024-01-01,Cancelado,0,0
903,7533,2,2023-01-03,Pendente,0,0
904,3623,3,2023-04-26,Pendente,0,0
905,8206,3,2023-01-02,Cancelado,0,0
906,2357,3,2023-10-15,Concluído,6,277
907,366,4,2023-07-21,Pendente,0,0
908,7087,1,2023-04-18,Pendente,0,0
909,1804,4,2023-03-25,Concluído,1,166
910,9904,3,2023-04-15,Pendente,0,0
911,2566,5,2023-09-11,Pendente,0,0
912,6901,2,2023-06-24,Pendente,0,0
913,1017,3,2023-04-06,Pendente,0,0
914,5652,1,2023-12-31,Cancelado,0,0
915,795,2,2023-01-25,Concluído,2,308
916,7128,1,2023-10-12,Pendente,0,0
917,9989,3,2023-04-12,Pendente,0,0
918,1080,5,2023-10-08,Cancelado,0,0
919,9605,5,2023-11-19,Concluído,1,332
920,7260,3,2023-05-31,Concluído,6,336
921,5324,2,2023-12-27,Concluído,6,310
922,2005,3,2023-12-16,Cancelado,0,0
923,6539,4,2023-11-23,Concluído,7,282
924,3595,4,2023-06-20,Cancelado,0,0
925,7493,3,2023-10-17,Concluído,3,256
926,6064,1,2023-05-02,Concluído,2,159
927,9914,1,2023-01-31,Concluído,5,192
928,9150,3,2023-02-08,Pendente,0,0
929,508,5,2023-05-18,Cancelado,0,0
930,1718,3,2023-12-24,Concluído,2,341
931,7960,1,2023-10-25,Concluído,4,344
932,8515,4,2023-04-09,Cancelado,0,0
933,989,3,2023-11-18,Cancelado,0,0
934,5776,1,2023-06-03,Cancelado,0,0
935,3457,4,2023-11-21,Cancelado,0,0
936,795,5,2023-11-22,Concluído,7,202
937,8257,3,2023-07-11,Concluído,2,163
938,7317,3,2023-04-30,Cancelado,0,0
939,6361,1,2023-05-17,Concluído,4,241
940,8743,4,2023-07-11,Concluído,3,235
941,2562,3,2023-05-24,Cancelado,0,0
942,4216,2,2023-03-15,Cancelado,0,0
943,1026,2,2023-09-29,Concluído,2,332
944,5893,1,2023-01-26,Concluído,4,208
945,4684,2,2023-12-05,Cancelado,0,0
946,6179,2,2023-05-02,Cancelado,0,0
947,4316,5,2023-07-27,Concluído,7,167
948,2379,5,2023-10-14,Pendente,0,0
949,9328,3,2023-10-11,Cancelado,0,0
950,8256,4,2023-12-10,Cancelado,0,0
951,606,4,2023-05-30,Cancelado,0,0
952,3100,2,2023-09-19,Pendente,0,0
953,9010,2,2023-06-07,Pendente,0,0
954,9997,4,2023-05-30,Pendente,0,0
955,6424,2,2023-06-30,Concluído,1,285
956,545,3,2023-11-03,Concluído,4,215
957,7537,5,2023-11-17,Pendente,0,0
958,3122,4,2023-06-02,Concluído,1,163
959,4072,4,2023-01-10,Cancelado,0,0
960,875,4,2023-02-24,Concluído,6,274
961,7776,5,2023-10-24,Concluído,2,153
962,3186,2,2023-09-11,Concluído,4,215
963,5067,2,2023-03-27,Cancelado,0,0
964,3947,1,2023-02-15,Pendente,0,0
965,5545,5,2023-02-16,Cancelado,0,0
966,6292,1,2023-01-14,Concluído,4,231
967,3051,4,2023-04-11,Pendente,0,0
968,2551,2,2023-11-21,Cancelado,0,0
969,9608,1,2023-09-14,Concluído,7,291
970,8012,5,2023-07-05,Concluído,6,235
971,9378,4,2023-03-10,Concluído,7,225
972,1385,3,2023-01-07,Concluído,4,166
973,178,2,2023-10-29,Cancelado,0,0
974,952,3,2023-12-15,Concluído,6,178
975,6730,4,2023-12-31,Concluído,7,165
976,2394,4,2023-06-21,Cancelado,0,0
977,8648,1,2023-06-18,Pendente,0,0
978,6117,5,2023-05-25,Cancelado,0,0
979,5929,2,2023-09-19,Concluído,1,314
980,3133,5,2023-03-09,Cancelado,0,0
981,9528,5,2023-08-31,Pendente,0,0
982,4559,3,2023-03-09,Concluído,4,324
983,5565,3,2023-04-17,Pendente,0,0
984,7774,5,2023-06-16,Cancelado,0,0
985,7852,3,2023-05-02,Concluído,3,325
986,1938,1,2023-06-15,Concluído,3,193
987,7764,2,2023-11-29,Cancelado,0,0
988,8734,3,2023-05-18,Pendente,0,0
989,3032,1,2023-03-07,Cancelado,0,0
990,1910,5,2023-05-04,Concluído,7,187
991,9058,2,2023-12-08,Pendente,0,0
992,9294,4,2023-01-03,Cancelado,0,0
993,4480,4,2023-09-19,Pendente,0,0
994,9756,4,2023-11-21,Cancelado,0,0
995,9603,3,2023-06-17,Concluído,3,276
996,3751,5,2023-04-18,Cancelado,0,0
997,514,3,2023-05-26,Cancelado,0,0
998,9763,5,2023-11-21,Pendente,0,0
999,3844,3,2023-04-11,Concluído,3,216
1000,3245,4,2023-08-18,Pendente,0,0
1001,2788,2,2023-12-04,Cancelado,0,0
1002,7080,3,2023-06-08,Pendente,0,0
1003,2874,1,2023-10-25,Cancelado,0,0
1004,7621,5,2023-10-12,Cancelado,0,0
1005,6751,4,2023-06-01,Concluído,3,207
1006,6777,5,2023-06-14,Pendente,0,0
1007,8587,5,2023-03-14,Cancelado,0,0
1008,8710,3,2023-12-20,Concluído,7,279
1009,4672,5,2023-03-08,Pendente,0,0
1010,4348,4,2023-10-04,Cancelado,0,0
1011,9582,2,2023-02-07,Concluído,2,212
1012,390,4,2023-02-27,Pendente,0,0
1013,557,1,2023-02-19,Cancelado,0,0
1014,607,3,2023-03-17,Pendente,0,0
1015,2837,2,2023-08-28,Cancelado,0,0
1016,3205,4,2023-09-13,Concluído,6,251
1017,9293,1,2023-08-04,Pendente,0,0
1018,6492,1,2023-09-02,Concluído,7,200
1019,9386,1,2023-12-23,Concluído,4,220
1020,7231,3,2023-04-30,Concluído,5,299
1021,7898,3,2023-01-04,Cancelado,0,0
1022,3245,4,2023-08-18,Concluído,6,346
1023,7242,2,2023-10-26,Concluído,5,201
1024,337,5,2023-04-01,Cancelado,0,0
1025,2728,2,2023-04-07,Pendente,0,0
1026,4251,3,2023-05-12,Pendente,0,0
1027,8691,5,2023-03-12,Concluído,1,246
1028,5904,1,2023-10-16,Concluído,2,296
1029,9776,4,2023-05-21,Concluído,3,226
1030,9124,2,2023-05-13,Cancelado,0,0
1031,450,3,2023-11-02,Cancelado,0,0
1032,3359,5,2023-07-29,Pendente,0,0
1033,5539,1,2023-11-17,Concluído,5,268
1034,4041,3,2023-09-04,Concluído,5,349
1035,3245,2,2023-09-24,Pendente,0,0
1036,2604,1,2023-06-05,Concluído,3,225
1037,6861,2,2023-10-19,Cancelado,0,0
1038,8872,2,2023-10-22,Concluído,1,214
1039,5111,1,2023-02-19,Cancelado,0,0
1040,1201,2,2023-05-15,Cancelado,0,0
1041,4790,1,2023-05-15,Concluído,7,161
1042,4774,4,2023-07-30,Pendente,0,0
1043,1693,4,2023-08-20,Pendente,0,0
1044,713,5,2023-09-16,Concluído,7,242
1045,1576,1,2023-07-04,Cancelado,0,0
1046,1158,2,2023-12-30,Cancelado,0,0
1047,3427,4,2023-05-03,Cancelado,0,0
1048,6813,2,2023-12-03,Cancelado,0,0
1049,3682,1,2023-02-17,Pendente,0,0
1050,599,3,2023-12-24,Pendente,0,0
1051,7142,5,2023-05-04,Cancelado,0,0
1052,8594,2,2023-05-19,Pendente,0,0
1053,866,2,2023-04-30,Concluído,3,240
1054,5240,2,2023-09-20,Concluído,3,313
1055,6012,1,2023-11-25,Concluído,6,333
1056,9803,5,2023-06-29,Pendente,0,0
1057,1121,5,2023-02-20,Pendente,0,0
1058,8890,1,2023-09-09,Cancelado,0,0
1059,6506,5,2023-09-13,Concluído,7,326
1060,2712,1,2023-01-06,Cancelado,0,0
1061,5938,4,2023-08-04,Pendente,0,0
1062,5722,5,2023-08-21,Pendente,0,0
1063,815,2,2023-05-12,Pendente,0,0
1064,8767,2,2023-03-07,Cancelado,0,0
1065,3601,4,2023-01-31,Concluído,2,229
1066,1972,1,2023-11-24,Cancelado,0,0
1067,7336,4,2023-04-10,Pendente,0,0
1068,7683,1,2023-08-20,Pendente,0,0
1069,5778,2,2023-03-05,Pendente,0,0
1070,8683,5,2023-05-18,Concluído,2,316
1071,2647,3,2023-12-18,Cancelado,0,0
1072,4705,5,2023-08-16,Pendente,0,0
1073,3294,1,2023-12-27,Concluído,1,253
1074,761,5,2023-06-16,Concluído,1,307
1075,8855,5,2023-08-10,Concluído,6,294
1076,3074,4,2023-06-18,Concluído,5,350
1077,7014,2,2023-06-11,Pendente,0,0
1078,7867,3,2023-03-12,Concluído,5,194
1079,1848,4,2023-03-29,Concluído,1,192
1080,1831,5,2023-08-16,Concluído,6,236
1081,4624,1,2023-06-16,Pendente,0,0
1082,4642,1,2023-11-15,Pendente,0,0
1083,3230,2,2023-01-06,Concluído,4,224
1084,196,5,2023-07-09,Concluído,4,170
1085,3829,3,2023-12-12,Pendente,0,0
1086,1869,1,2023-12-18,Concluído,3,190
1087,8355,4,2023-08-21,Pendente,0,0
1088,195,4,2023-10-05,Cancelado,0,0
1089,9016,4,2023-01-31,Concluído,4,277
1090,1348,2,2023-07-04,Pendente,0,0
1091,1812,2,2023-03-19,Concluído,5,335
1092,7383,4,2023-04-11,Cancelado,0,0
1093,2934,3,2023-01-01,Concluído,3,193
1094,2545,1,2023-01-31,Cancelado,0,0
1095,3349,1,2023-01-13,Pendente,0,0
1096,7774,4,2023-10-23,Pendente,0,0
1097,6804,1,2023-01-08,Cancelado,0,0
1098,2137,5,2023-09-13,Cancelado,0,0
1099,2693,4,2023-02-12,Pendente,0,0
1100,9805,5,2023-04-30,Pendente,0,0
1101,8591,1,2023-10-03,Pendente,0,0
1102,476,1,2023-09-03,Cancelado,0,0
1103,8680,1,2023-09-13,Cancelado,0,0
1104,3100,5,2023-01-15,Cancelado,0,0
1105,3718,3,2023-06-10,Concluído,4,312
1106,9099,1,2023-02-22,Pendente,0,0
1107,1627,5,2023-11-16,Pendente,0,0
1108,8957,4,2023-11-05,Pendente,0,0
1109,3295,3,2023-06-12,Pendente,0,0
1110,9483,2,2023-11-18,Pendente,0,0
1111,8700,1,2023-09-04,Concluído,3,245
1112,2326,3,2023-02-06,Cancelado,0,0
1113,5643,1,2023-11-13,Cancelado,0,0
1114,5072,2,2023-08-11,Cancelado,0,0
1115,284,4,2023-03-21,Pendente,0,0
1116,3370,2,2023-03-18,Concluído,2,251
1117,6712,5,2023-06-27,Pendente,0,0
1118,9473,3,2023-03-05,Cancelado,0,0
1119,8537,2,2023-03-26,Pendente,0,0
1120,3616,3,2023-08-24,Pendente,0,0
1121,8234,5,2023-12-01,Concluído,3,174
1122,5745,4,2023-08-27,Cancelado,0,0
1123,8278,4,2023-05-30,Cancelado,0,0
1124,1478,3,2023-05-26,Pendente,0,0
1125,2775,4,2023-06-19,Pendente,0,0
1126,8220,2,2023-06-21,Concluído,5,302
1127,3779,2,2023-08-04,Concluído,2,185
1128,7958,5,2023-02-23,Cancelado,0,0
1129,7137,2,2023-11-18,Concluído,1,248
1130,9031,2,2023-07-18,Pendente,0,0
1131,4002,5,2023-04-26,Concluído,3,196
1132,8681,5,2023-09-13,Concluído,1,263
1133,2311,5,2023-01-24,Cancelado,0,0
1134,1332,5,2023-08-26,Cancelado,0,0
1135,5870,5,2023-03-30,Cancelado,0,0
1136,3249,4,2023-05-23,Pendente,0,0
1137,7615,1,2023-05-24,Cancelado,0,0
1138,9055,3,2023-04-14,Concluído,1,262
1139,6265,1,2023-05-24,Concluído,7,175
1140,2268,5,2023-09-18,Cancelado,0,0
1141,7785,3,2023-10-19,Pendente,0,0
1142,8262,5,2023-05-27,Concluído,5,171
1143,4232,5,2023-08-03,Pendente,0,0
1144,9869,5,2023-07-28,Pendente,0,0
1145,5643,4,2023-10-10,Concluído,3,296
1146,8215,1,2023-03-03,Concluído,3,307
1147,1912,2,2023-09-30,Cancelado,0,0
1148,1354,1,2023-10-24,Cancelado,0,0
1149,9243,2,2023-07-27,Concluído,5,183
1150,5479,3,2023-08-23,Pendente,0,0
1151,3611,3,2023-09-27,Cancelado,0,0
1152,1351,2,2023-12-07,Concluído,7,243
1153,9965,2,2023-01-04,Pendente,0,0
1154,6592,1,2023-02-11,Concluído,2,175
1155,7140,4,2023-07-10,Concluído,2,309
1156,9668,1,2023-04-28,Concluído,1,313
1157,6247,4,2023-11-21,Pendente,0,0
1158,2575,5,2023-06-06,Pendente,0,0
1159,8248,3,2023-07-27,Cancelado,0,0
1160,1977,1,2023-03-14,Cancelado,0,0
1161,3626,5,2023-01-04,Cancelado,0,0
1162,197,1,2023-06-10,Cancelado,0,0
1163,1450,2,2023-05-09,Concluído,2,255
1164,4776,2,2023-11-28,Concluído,4,297
1165,6066,3,2023-08-12,Pendente,0,0
1166,5991,2,2023-04-05,Cancelado,0,0
1167,1076,4,2023-05-22,Cancelado,0,0
1168,4802,1,2023-11-29,Cancelado,0,0
1169,2437,4,2023-05-16,Cancelado,0,0
1170,3307,3,2023-12-10,Cancelado,0,0
1171,5885,2,2023-06-25,Cancelado,0,0
1172,5959,1,2023-04-30,Concluído,4,270
1173,6726,5,2023-11-16,Cancelado,0,0
1174,341,2,2023-07-13,Pendente,0,0
1175,1445,4,2023-07-15,Cancelado,0,0
1176,8347,4,2023-04-25,Pendente,0,0
1177,4090,2,2023-03-14,Cancelado,0,0
1178,2834,5,2023-03-16,Concluído,2,308
1179,4720,3,2023-04-29,Cancelado,0,0
1180,7166,4,2023-07-28,Pendente,0,0
1181,8447,4,2023-01-15,Pendente,0,0
1182,2521,5,2023-02-06,Pendente,0,0
1183,2580,4,2023-08-20,Pendente,0,0
1184,2115,5,2023-08-13,Cancelado,0,0
1185,8578,3,2023-02-21,Pendente,0,0
1186,7797,4,2023-05-08,Concluído,5,168
1187,8999,2,2023-05-11,Cancelado,0,0
1188,523,5,2023-10-21,Cancelado,0,0
1189,3716,3,2023-08-25,Concluído,5,186
1190,790,3,2023-08-18,Cancelado,0,0
1191,5871,5,2023-05-02,Concluído,1,297
1192,8885,5,2023-03-24,Cancelado,0,0
1193,4975,2,2023-02-09,Cancelado,0,0
1194,6557,1,2023-02-18,Cancelado,0,0
1195,839,5,2023-05-25,Concluído,7,329
1196,8445,2,2023-05-19,Cancelado,0,0
1197,5702,5,2023-03-11,Cancelado,0,0
1198,4125,2,2023-01-17,Cancelado,0,0
1199,769,3,2023-11-01,Cancelado,0,0
1200,4337,4,2023-01-03,Pendente,0,0
1201,7663,3,2023-11-04,Cancelado,0,0
1202,9773,4,2023-04-28,Cancelado,0,0
1203,601,3,2023-04-08,Cancelado,0,0
1204,3021,5,2023-11-30,Concluído,5,347
1205,7823,2,2023-08-10,Cancelado,0,0
1206,478,2,2023-04-08,Pendente,0,0
1207,5493,3,2023-09-12,Cancelado,0,0
1208,8209,3,2023-12-30,Concluído,4,251
1209,6970,1,2023-11-14,Concluído,6,216
1210,576,4,2023-11-02,Concluído,4,317
1211,6746,2,2023-07-12,Pendente,0,0
1212,3712,2,2023-04-21,Concluído,7,299
1213,1257,1,2023-10-10,Concluído,5,153
1214,8976,2,2023-01-07,Cancelado,0,0
1215,6383,5,2023-08-16,Pendente,0,0
1216,5686,3,2023-05-23,Cancelado,0,0
1217,9099,2,2023-10-30,Concluído,3,180
1218,9901,2,2023-01-01,Cancelado,0,0
1219,7385,1,2023-12-30,Concluído,3,211
1220,5284,4,2023-08-29,Pendente,0,0
1221,8123,4,2023-12-18,Pendente,0,0
1222,6,1,2023-04-03,Pendente,0,0
1223,4278,2,2023-04-08,Pendente,0,0
1224,9179,5,2023-04-08,Cancelado,0,0
1225,9990,5,2023-11-05,Concluído,1,318
1226,1784,5,2023-07-12,Concluído,2,346
1227,5932,2,2023-02-18,Cancelado,0,0
1228,5781,3,2023-12-14,Concluído,3,162
1229,9043,4,2023-01-10,Cancelado,0,0
1230,5483,2,2023-04-06,Cancelado,0,0
1231,7836,3,2023-03-30,Pendente,0,0
1232,2086,1,2023-07-13,Cancelado,0,0
1233,3394,4,2023-06-27,Concluído,2,203
1234,7751,1,2023-04-08,Pendente,0,0
1235,7042,3,2023-02-13,Pendente,0,0
1236,9111,5,2023-04-14,Cancelado,0,0
1237,8924,2,2023-11-08,Concluído,4,243
1238,1799,5,2023-04-03,Pendente,0,0
1239,5260,1,2023-04-29,Concluído,5,239
1240,2954,3,2023-10-14,Cancelado,0,0
1241,164,4,2023-12-23,Concluído,1,281
1242,5230,1,2023-07-15,Concluído,3,290
1243,1153,2,2023-03-18,Cancelado,0,0
1244,3721,1,2023-11-12,Cancelado,0,0
1245,9779,5,2023-05-07,Cancelado,0,0
1246,3603,2,2023-08-09,Cancelado,0,0
1247,2494,4,2023-05-14,Cancelado,0,0
1248,9075,2,2023-10-26,Pendente,0,0
1249,6308,3,2023-02-15,Cancelado,0,0
1250,9515,5,2023-03-23,Cancelado,0,0
1251,9766,1,2023-02-08,Concluído,5,249
1252,3643,2,2023-02-21,Cancelado,0,0
1253,8341,4,2023-10-14,Pendente,0,0
1254,5127,2,2023-07-21,Pendente,0,0
1255,4768,3,2023-09-16,Cancelado,0,0
1256,7375,3,2023-08-06,Concluído,2,282
1257,540,3,2023-03-18,Cancelado,0,0
1258,1315,3,2023-01-13,Pendente,0,0
1259,7826,2,2023-07-19,Concluído,3,297
1260,255,2,2023-03-05,Concluído,4,152
1261,7954,2,2023-03-13,Cancelado,0,0
1262,9753,5,2023-05-22,Cancelado,0,0
1263,6405,5,2023-01-05,Cancelado,0,0
1264,234,3,2023-08-06,Concluído,3,207
1265,2166,5,2023-05-02,Cancelado,0,0
1266,2804,5,2023-07-10,Cancelado,0,0
1267,9841,4,2023-10-17,Concluído,7,183
1268,6604,3,2023-12-25,Cancelado,0,0
1269,2188,1,2023-12-15,Cancelado,0,0
1270,7034,1,2023-01-11,Pendente,0,0
1271,9085,3,2023-04-15,Cancelado,0,0
1272,1107,2,2023-05-17,Pendente,0,0
1273,9062,3,2023-11-12,Cancelado,0,0
1274,329,4,2023-08-13,Pendente,0,0
1275,3750,5,2023-08-09,Concluído,5,150
1276,2332,4,2023-04-27,Pendente,0,0
1277,7804,1,2023-08-26,Cancelado,0,0
1278,8278,4,2023-11-15,Pendente,0,0
1279,9365,1,2023-12-13,Pendente,0,0
1280,7227,4,2023-11-02,Cancelado,0,0
1281,7183,2,2023-02-17,Pendente,0,0
1282,7027,1,2023-11-30,Concluído,7,263
1283,5749,1,2023-11-06,Concluído,3,255
1284,2984,4,2023-07-28,Cancelado,0,0
1285,8239,5,2023-05-23,Pendente,0,0
1286,5955,4,2023-08-27,Concluído,2,164
1287,4555,2,2023-02-07,Cancelado,0,0
1288,1609,4,2023-11-28,Cancelado,0,0
1289,3265,2,2023-06-09,Pendente,0,0
1290,342,3,2023-09-23,Pendente,0,0
1291,3348,4,2023-06-16,Pendente,0,0
1292,5377,3,2023-03-27,Pendente,0,0
1293,2364,3,2023-04-22,Pendente,0,0
1294,3374,1,2023-02-11,Pendente,0,0
1295,9886,5,2023-01-01,Cancelado,0,0
1296,6813,1,2023-07-05,Cancelado,0,0
1297,5842,4,2023-06-22,Pendente,0,0
1298,1896,5,2023-12-17,Pendente,0,0
1299,4663,2,2023-09-02,Pendente,0,0
1300,4326,2,2023-02-15,Concluído,1,239
1301,633,2,2023-10-01,Pendente,0,0
1302,7613,1,2023-05-05,Pendente,0,0
1303,6027,3,2023-05-29,Concluído,1,185
1304,1985,5,2023-01-16,Pendente,0,0
1305,2314,4,2023-01-05,Concluído,1,294
1306,4644,3,2023-02-19,Concluído,2,223
1307,6229,2,2023-01-27,Pendente,0,0
1308,8828,5,2023-06-21,Cancelado,0,0
1309,7090,2,2023-06-06,Pendente,0,0
1310,3103,3,2023-03-07,Pendente,0,0
1311,856,5,2023-11-25,Cancelado,0,0
1312,9488,2,2023-06-06,Cancelado,0,0
1313,1866,1,2023-03-18,Pendente,0,0
1314,627,4,2023-01-10,Concluído,6,335
1315,9797,2,2023-07-22,Cancelado,0,0
1316,6736,3,2023-09-19,Pendente,0,0
1317,6775,5,2023-03-24,Concluído,3,271
1318,5302,5,2023-03-12,Pendente,0,0
1319,5453,3,2023-11-17,Pendente,0,0
1320,2524,5,2023-12-15,Cancelado,0,0
1321,4035,2,2023-06-17,Pendente,0,0
1322,3071,3,2023-04-04,Cancelado,0,0
1323,1440,5,2023-12-27,Cancelado,0,0
1324,5103,4,2023-11-09,Pendente,0,0
1325,1576,2,2023-11-22,Cancelado,0,0
1326,8278,3,2023-03-23,Pendente,0,0
1327,5998,5,2023-07-29,Concluído,1,267
1328,172,4,2023-06-04,Cancelado,0,0
1329,6397,5,2023-10-28,Cancelado,0,0
1330,3513,1,2023-05-15,Cancelado,0,0
1331,7059,4,2023-10-21,Pendente,0,0
1332,8204,1,2023-01-14,Pendente,0,0
1333,3023,5,2023-02-07,Cancelado,0,0
1334,9174,3,2023-04-25,Concluído,7,308
1335,2535,1,2023-02-03,Concluído,6,291
1336,7674,2,2023-05-29,Concluído,5,171
1337,1092,1,2023-12-04,Cancelado,0,0
1338,9642,4,2023-07-23,Concluído,6,179
1339,9160,4,2023-03-29,Pendente,0,0
1340,575,5,2023-04-29,Pendente,0,0
1341,2030,5,2023-01-25,Pendente,0,0
1342,5313,3,2023-01-27,Concluído,2,233
1343,1526,5,2023-01-21,Cancelado,0,0
1344,9839,5,2023-08-30,Pendente,0,0
1345,3330,2,2023-09-19,Pendente,0,0
1346,642,4,2023-12-29,Cancelado,0,0
1347,2504,2,2023-03-26,Cancelado,0,0
1348,8708,5,2023-05-14,Cancelado,0,0
1349,4087,3,2023-12-12,Cancelado,0,0
1350,4549,4,2023-03-06,Pendente,0,0
1351,143,4,2023-12-07,Pendente,0,0
1352,5649,5,2023-09-06,Pendente,0,0
1353,1514,1,2023-03-17,Pendente,0,0
1354,4591,3,2023-08-21,Concluído,3,265
1355,9830,2,2023-01-02,Cancelado,0,0
1356,4940,4,2024-01-01,Concluído,2,261
1357,356,3,2023-07-17,Cancelado,0,0
1358,8164,1,2023-09-28,Concluído,5,237
1359,6930,5,2023-06-16,Pendente,0,0
1360,98,2,2023-05-07,Pendente,0,0
1361,2734,3,2023-12-13,Pendente,0,0
1362,2667,2,2023-12-29,Concluído,1,212
1363,6545,5,2023-11-06,Cancelado,0,0
1364,7471,1,2023-06-01,Concluído,2,153
1365,8649,1,2023-10-29,Pendente,0,0
1366,6398,1,2023-01-29,Cancelado,0,0
1367,6616,4,2023-02-12,Concluído,1,227
1368,7262,5,2023-04-06,Cancelado,0,0
1369,89,2,2023-07-09,Cancelado,0,0
1370,6627,3,2023-06-14,Cancelado,0,0
1371,9210,5,2023-10-17,Concluído,4,329
1372,9526,5,2023-05-21,Cancelado,0,0
1373,9782,1,2023-05-01,Pendente,0,0
1374,7408,1,2023-05-27,Pendente,0,0
1375,1688,2,2023-04-02,Cancelado,0,0
1376,9679,1,2023-07-29,Cancelado,0,0
1377,4834,3,2023-04-27,Concluído,1,263
1378,702,1,2023-02-03,Concluído,3,200
1379,2547,1,2023-01-09,Concluído,7,332
1380,8035,2,2023-07-09,Cancelado,0,0
1381,6995,5,2023-05-23,Pendente,0,0
1382,901,1,2023-10-03,Cancelado,0,0
1383,8610,3,2023-07-04,Concluído,7,296
1384,9995,2,2023-05-05,Cancelado,0,0
1385,5375,3,2023-02-26,Cancelado,0,0
1386,2170,1,2023-09-17,Cancelado,0,0
1387,8231,2,2023-06-23,Concluído,6,203
1388,1087,2,2023-04-02,Cancelado,0,0
1389,1772,2,2023-04-10,Pendente,0,0
1390,8130,5,2023-07-31,Cancelado,0,0
1391,4963,4,2023-09-12,Pendente,0,0
1392,605,1,2023-06-04,Pendente,0,0
1393,5,5,2023-06-03,Cancelado,0,0
1394,5112,5,2023-07-29,Pendente,0,0
1395,2587,1,2023-03-13,Cancelado,0,0
1396,6419,5,2023-10-18,Pendente,0,0
1397,6648,2,2023-05-27,Pendente,0,0
1398,3656,5,2023-10-24,Cancelado,0,0
1399,6169,3,2023-11-16,Cancelado,0,0
1400,8899,5,2023-05-13,Concluído,7,200
1401,2800,1,2023-08-08,Pendente,0,0
1402,5448,5,2023-01-13,Cancelado,0,0
1403,1047,4,2023-07-04,Concluído,7,271
1404,7221,2,2023-04-05,Pendente,0,0
1405,60,4,2023-09-26,Cancelado,0,0
1406,641,3,2023-12-09,Cancelado,0,0
1407,1080,1,2023-08-21,Cancelado,0,0
1408,8819,5,2023-11-13,Pendente,0,0
1409,2916,4,2023-08-30,Cancelado,0,0
1410,4461,1,2023-06-29,Cancelado,0,0
1411,7882,2,2023-07-13,Pendente,0,0
1412,6034,3,2023-12-27,Concluído,4,195
1413,6751,2,2023-07-31,Pendente,0,0
1414,1836,4,2023-01-11,Cancelado,0,0
1415,3304,5,2023-01-12,Pendente,0,0
1416,7575,2,2023-09-17,Pendente,0,0
1417,6010,5,2023-09-10,Concluído,3,264
1418,6057,3,2023-08-03,Cancelado,0,0
1419,1890,2,2023-12-23,Cancelado,0,0
1420,4396,2,2023-12-28,Concluído,6,219
1421,7494,5,2023-02-19,Pendente,0,0
1422,4775,5,2023-11-26,Pendente,0,0
1423,6850,4,2023-03-22,Pendente,0,0
1424,1983,4,2023-08-26,Pendente,0,0
1425,9336,2,2023-11-30,Cancelado,0,0
1426,5018,3,2023-06-21,Pendente,0,0
1427,4509,4,2023-11-22,Pendente,0,0
1428,1747,3,2023-08-10,Concluído,4,171
1429,185,2,2023-07-03,Pendente,0,0
1430,6314,4,2023-03-18,Cancelado,0,0
1431,9525,4,2023-11-07,Pendente,0,0
1432,1632,3,2023-07-18,Concluído,2,249
1433,8641,3,2023-09-07,Concluído,5,159
1434,6486,5,2023-12-31,Pendente,0,0
1435,7262,5,2023-02-06,Cancelado,0,0
1436,8721,4,2023-07-11,Pendente,0,0
1437,375,2,2023-09-18,Pendente,0,0
1438,8458,2,2023-01-23,Cancelado,0,0
1439,5985,5,2023-01-05,Concluído,6,197
1440,8354,2,2023-12-21,Pendente,0,0
1441,9793,3,2023-03-19,Pendente,0,0
1442,6492,1,2023-05-27,Cancelado,0,0
1443,8752,4,2023-10-25,Cancelado,0,0
1444,4656,3,2023-07-01,Pendente,0,0
1445,4798,5,2023-05-17,Cancelado,0,0
1446,933,5,2023-09-30,Cancelado,0,0
1447,469,1,2023-05-31,Concluído,4,247
1448,1728,1,2023-07-03,Cancelado,0,0
1449,9561,3,2023-01-25,Concluído,6,252
1450,4104,1,2023-11-20,Pendente,0,0
1451,6078,3,2023-06-21,Cancelado,0,0
1452,5756,2,2023-04-24,Pendente,0,0
1453,523,3,2023-02-09,Pendente,0,0
1454,5944,3,2023-09-21,Pendente,0,0
1455,7691,3,2023-01-23,Concluído,3,255
1456,4018,3,2023-11-07,Concluído,2,321
1457,8533,1,2023-03-14,Cancelado,0,0
1458,45,3,2023-02-21,Cancelado,0,0
1459,3656,1,2023-11-23,Concluído,3,322
1460,9295,1,2023-01-24,Pendente,0,0
1461,5772,1,2023-04-18,Cancelado,0,0
1462,638,3,2023-01-22,Pendente,0,0
1463,5960,3,2023-09-17,Cancelado,0,0
1464,7427,1,2023-10-19,Cancelado,0,0
1465,5562,5,2023-10-21,Concluído,2,171
1466,6315,1,2023-07-04,Pendente,0,0
1467,5312,4,2023-12-31,Pendente,0,0
1468,5343,3,2023-12-21,Cancelado,0,0
1469,4961,3,2023-07-16,Cancelado,0,0
1470,4635,1,2023-03-21,Pendente,0,0
1471,4191,5,2023-01-06,Cancelado,0,0
1472,9611,4,2023-01-20,Cancelado,0,0
1473,8641,5,2023-05-01,Concluído,1,285
1474,8797,3,2023-05-11,Cancelado,0,0
1475,7020,4,2023-06-02,Concluído,7,299
1476,5841,4,2023-06-20,Concluído,6,165
1477,6265,4,2023-12-10,Cancelado,0,0
1478,498,4,2023-10-19,Concluído,6,283
1479,1182,5,2023-09-22,Pendente,0,0
1480,1613,3,2023-07-08,Pendente,0,0
1481,2769,2,2023-01-08,Cancelado,0,0
1482,9097,5,2023-08-14,Cancelado,0,0
1483,6417,1,2023-10-04,Pendente,0,0
1484,5001,5,2023-07-17,Pendente,0,0
1485,7982,4,2023-05-23,Pendente,0,0
1486,1002,2,2023-06-09,Pendente,0,0
1487,3926,1,2023-03-16,Cancelado,0,0
1488,3944,2,2023-03-04,Concluído,4,245
1489,5823,1,2023-09-08,Pendente,0,0
1490,6205,5,2023-05-29,Cancelado,0,0
1491,2345,5,2023-01-08,Concluído,2,235
1492,8169,1,2023-06-04,Pendente,0,0
1493,9444,1,2023-11-22,Pendente,0,0
1494,7454,3,2023-10-15,Cancelado,0,0
1495,5156,1,2023-07-25,Concluído,1,215
1496,5799,2,2023-08-28,Cancelado,0,0
1497,5122,2,2023-02-03,Cancelado,0,0
1498,3237,3,2023-11-17,Cancelado,0,0
1499,9571,1,2023-09-07,Pendente,0,0
1500,4222,5,2023-11-25,Cancelado,0,0
1501,939,1,2023-05-08,Pendente,0,0
1502,6894,5,2023-04-21,Concluído,1,226
1503,7744,5,2023-09-24,Cancelado,0,0
1504,2918,1,2023-08-29,Concluído,5,230
1505,6109,1,2023-08-16,Concluído,4,311
1506,1242,3,2023-01-15,Cancelado,0,0
1507,655,2,2023-02-03,Concluído,7,222
1508,3105,2,2023-07-01,Concluído,3,301
1509,5589,1,2023-04-28,Pendente,0,0
1510,3055,1,2023-09-16,Pendente,0,0
1511,6030,3,2023-10-22,Cancelado,0,0
1512,8235,5,2023-08-26,Concluído,6,337
1513,8360,3,2023-02-25,Cancelado,0,0
1514,9280,5,2023-10-24,Pendente,0,0
1515,4209,2,2023-02-25,Pendente,0,0
1516,6778,1,2023-09-01,Cancelado,0,0
1517,4284,2,2023-02-14,Concluído,7,182
1518,8808,2,2023-05-17,Pendente,0,0
1519,5861,4,2023-12-22,Pendente,0,0
1520,5841,4,2023-11-28,Cancelado,0,0
1521,1206,1,2023-05-06,Concluído,3,163
1522,9879,1,2023-09-10,Pendente,0,0
1523,8671,2,2023-02-03,Concluído,1,303
1524,1915,1,2023-05-14,Cancelado,0,0
1525,7499,4,2023-01-14,Pendente,0,0
1526,1744,5,2023-12-11,Pendente,0,0
1527,5531,4,2023-09-27,Pendente,0,0
1528,5854,3,2023-06-27,Concluído,7,193
1529,1595,2,2023-09-19,Pendente,0,0
1530,3464,1,2023-11-29,Concluído,3,165
1531,175,1,2023-02-04,Concluído,7,251
1532,5049,5,2023-08-10,Pendente,0,0
1533,4580,1,2023-05-26,Concluído,6,348
1534,8942,2,2023-06-03,Concluído,4,193
1535,4764,4,2023-05-02,Cancelado,0,0
1536,5619,4,2023-10-12,Cancelado,0,0
1537,4724,1,2023-03-06,Pendente,0,0
1538,4261,4,2023-03-24,Pendente,0,0
1539,3135,1,2023-10-15,Pendente,0,0
1540,1498,3,2023-03-10,Cancelado,0,0
1541,1023,5,2023-07-01,Concluído,2,202
1542,6027,4,2023-09-26,Cancelado,0,0
1543,3091,1,2023-03-11,Pendente,0,0
1544,5123,3,2023-10-16,Pendente,0,0
1545,1101,1,2023-06-10,Cancelado,0,0
1546,9977,4,2023-07-16,Pendente,0,0
1547,2890,5,2023-10-21,Pendente,0,0
1548,6790,3,2023-08-14,Concluído,1,280
1549,3481,3,2023-12-22,Pendente,0,0
1550,3056,2,2023-09-09,Cancelado,0,0
1551,3152,1,2023-08-22,Pendente,0,0
1552,1925,4,2023-03-16,Concluído,6,320
1553,4973,3,2023-04-22,Cancelado,0,0
1554,3984,5,2023-09-25,Cancelado,0,0
1555,2776,2,2023-08-11,Pendente,0,0
1556,2791,3,2023-09-03,Pendente,0,0
1557,2414,1,2023-10-06,Cancelado,0,0
1558,1123,3,2023-04-03,Pendente,0,0
1559,6389,1,2023-08-26,Pendente,0,0
1560,1729,5,2023-12-20,Cancelado,0,0
1561,8856,5,2023-07-25,Cancelado,0,0
1562,6055,4,2023-12-11,Pendente,0,0
1563,515,2,2023-05-20,Pendente,0,0
1564,1139,1,2023-08-22,Pendente,0,0
1565,4574,4,2023-10-11,Concluído,1,304
1566,2137,1,2023-12-08,Cancelado,0,0
1567,2956,4,2023-05-10,Concluído,4,274
1568,7071,1,2023-06-29,Concluído,6,278
1569,2185,2,2023-04-29,Concluído,2,235
1570,1908,2,2023-02-07,Concluído,7,307
1571,1454,2,2023-12-30,Cancelado,0,0
1572,7595,1,2023-03-16,Pendente,0,0
1573,2868,2,2023-01-11,Cancelado,0,0
1574,4391,3,2023-03-02,Cancelado,0,0
1575,8898,3,2023-11-08,Cancelado,0,0
1576,8626,5,2023-07-30,Concluído,5,217
1577,239,5,2023-07-25,Pendente,0,0
1578,6085,3,2023-10-01,Pendente,0,0
1579,2086,4,2023-11-28,Concluído,3,165
1580,7344,1,2023-03-29,Cancelado,0,0
1581,8632,2,2023-02-22,Concluído,3,204
1582,2412,1,2023-02-09,Concluído,2,311
1583,3669,2,2023-01-13,Cancelado,0,0
1584,180,2,2023-04-10,Concluído,7,349
1585,9951,3,2023-09-21,Pendente,0,0
1586,4043,5,2023-10-26,Pendente,0,0
1587,8359,2,2023-06-06,Concluído,5,258
1588,8761,1,2023-07-14,Cancelado,0,0
1589,2383,3,2023-11-22,Pendente,0,0
1590,7442,3,2023-09-18,Cancelado,0,0
1591,5192,4,2023-11-06,Cancelado,0,0
1592,5125,1,2023-03-24,Cancelado,0,0
1593,3239,1,2023-11-17,Pendente,0,0
1594,1489,4,2023-11-07,Concluído,1,216
1595,4664,1,2023-04-05,Concluído,3,244
1596,5636,5,2023-02-14,Pendente,0,0
1597,2588,5,2023-07-27,Concluído,5,286
1598,5535,2,2023-11-12,Concluído,1,263
1599,9551,1,2023-08-11,Concluído,7,299
1600,2813,5,2023-05-04,Cancelado,0,0
1601,7703,3,2023-10-12,Concluído,3,316
1602,5446,2,2023-02-12,Pendente,0,0
1603,5019,4,2024-01-01,Cancelado,0,0
1604,3416,5,2023-01-26,Concluído,4,232
1605,2019,4,2023-10-29,Concluído,1,347
1606,1761,3,2023-12-14,Concluído,6,235
1607,8757,5,2023-04-04,Concluído,5,160
1608,1656,5,2023-01-10,Cancelado,0,0
1609,1424,4,2023-07-17,Cancelado,0,0
1610,6080,5,2023-11-04,Pendente,0,0
1611,1367,5,2023-08-04,Pendente,0,0
1612,8602,3,2023-06-19,Pendente,0,0
1613,8421,1,2023-03-11,Cancelado,0,0
1614,6730,3,2023-06-24,Concluído,7,291
1615,1595,1,2023-02-24,Pendente,0,0
1616,7345,1,2023-09-02,Pendente,0,0
1617,8559,2,2023-08-09,Cancelado,0,0
1618,8270,4,2023-05-14,Pendente,0,0
1619,7256,5,2023-05-08,Cancelado,0,0
1620,731,1,2023-12-09,Pendente,0,0
1621,758,3,2023-07-13,Cancelado,0,0
1622,3074,4,2023-07-04,Concluído,1,235
1623,3916,2,2023-11-11,Pendente,0,0
1624,366,1,2023-08-09,Concluído,4,172
1625,7147,4,2023-12-11,Pendente,0,0
1626,5759,5,2023-10-01,Pendente,0,0
1627,4841,3,2023-09-18,Pendente,0,0
1628,6422,5,2023-05-17,Concluído,3,250
1629,3239,2,2023-05-08,Concluído,3,235
1630,1346,1,2023-08-09,Cancelado,0,0
1631,2207,4,2023-09-15,Pendente,0,0
1632,6214,3,2023-08-30,Pendente,0,0
1633,9629,5,2023-02-26,Cancelado,0,0
1634,9040,3,2023-08-23,Concluído,4,204
1635,8499,3,2023-02-22,Cancelado,0,0
1636,9563,5,2023-04-15,Cancelado,0,0
1637,2646,4,2023-05-11,Pendente,0,0
1638,7652,1,2023-11-25,Cancelado,0,0
1639,6612,3,2023-01-02,Concluído,3,241
1640,5420,3,2023-06-07,Cancelado,0,0
1641,8410,2,2023-09-26,Pendente,0,0
1642,2236,1,2023-05-01,Pendente,0,0
1643,7968,4,2023-02-13,Concluído,6,345
1644,560,4,2023-12-22,Pendente,0,0
1645,1807,2,2023-03-17,Concluído,7,280
1646,1937,5,2023-03-21,Concluído,1,153
1647,8972,4,2023-03-29,Cancelado,0,0
1648,6919,1,2023-06-25,Concluído,5,319
1649,8001,2,2023-06-29,Concluído,6,193
1650,8943,3,2023-10-21,Cancelado,0,0
1651,4661,4,2023-12-26,Concluído,3,345
1652,9688,2,2023-12-29,Cancelado,0,0
1653,5006,3,2023-05-20,Concluído,1,323
1654,4680,1,2023-02-23,Cancelado,0,0
1655,491,4,2023-07-31,Concluído,2,207
1656,3504,5,2023-09-08,Pendente,0,0
1657,6453,5,2023-05-04,Concluído,2,267
1658,9970,2,2023-03-28,Concluído,5,343
1659,3869,1,2023-11-03,Pendente,0,0
1660,6633,1,2023-09-28,Concluído,7,312
1661,886,2,2023-02-22,Cancelado,0,0
1662,6403,1,2023-11-25,Pendente,0,0
1663,3487,2,2023-03-15,Concluído,6,235
1664,4681,2,2023-11-14,Concluído,1,318
1665,2939,1,2023-12-31,Pendente,0,0
1666,1133,3,2023-04-26,Cancelado,0,0
1667,5990,1,2023-03-11,Cancelado,0,0
1668,473,4,2023-01-28,Pendente,0,0
1669,359,2,2023-05-27,Cancelado,0,0
1670,7558,2,2023-08-17,Cancelado,0,0
1671,6956,3,2023-07-06,Pendente,0,0
1672,8053,3,2023-01-10,Cancelado,0,0
1673,7977,5,2023-11-03,Pendente,0,0
1674,8703,1,2023-01-19,Pendente,0,0
1675,6036,1,2023-12-23,Pendente,0,0
1676,9284,3,2023-06-06,Concluído,7,317
1677,364,5,2023-04-06,Pendente,0,0
1678,6209,3,2023-08-22,Concluído,7,161
1679,9371,4,2023-01-13,Concluído,3,281
1680,7987,1,2023-08-05,Pendente,0,0
1681,9187,2,2023-07-18,Cancelado,0,0
1682,4554,1,2023-07-30,Pendente,0,0
1683,8084,1,2023-11-05,Pendente,0,0
1684,9323,2,2023-09-03,Pendente,0,0
1685,6251,5,2023-03-05,Cancelado,0,0
1686,6140,4,2023-06-15,Concluído,4,273
1687,7526,5,2023-03-28,Concluído,6,334
1688,7207,3,2023-06-18,Pendente,0,0
1689,3695,5,2023-09-11,Cancelado,0,0
1690,2719,4,2023-12-02,Cancelado,0,0
1691,7933,1,2023-11-24,Concluído,7,294
1692,6661,4,2023-02-26,Cancelado,0,0
1693,6937,1,2023-07-02,Concluído,1,246
1694,3039,2,2023-11-20,Pendente,0,0
1695,8460,3,2023-06-21,Concluído,6,316
1696,1826,2,2023-04-22,Pendente,0,0
1697,1465,1,2023-05-15,Pendente,0,0
1698,4668,4,2023-11-04,Concluído,1,253
1699,2619,5,2023-06-30,Concluído,3,167
1700,6231,2,2023-06-28,Pendente,0,0
1701,5931,5,2023-06-02,Pendente,0,0
1702,1482,3,2023-09-10,Cancelado,0,0
1703,4181,1,2023-09-11,Pendente,0,0
1704,4833,5,2023-03-08,Concluído,5,281
1705,5833,1,2023-09-26,Concluído,3,285
1706,9033,5,2023-05-06,Concluído,7,264
1707,9654,2,2023-01-10,Cancelado,0,0
1708,2356,1,2023-07-25,Cancelado,0,0
1709,6852,3,2023-11-06,Pendente,0,0
1710,3875,3,2023-07-29,Pendente,0,0
1711,1257,4,2023-09-13,Cancelado,0,0
1712,9998,5,2023-10-18,Concluído,3,341
1713,2182,3,2023-06-20,Concluído,5,242
1714,4000,4,2023-10-05,Cancelado,0,0
1715,2648,3,2023-04-08,Concluído,3,339
1716,1283,3,2023-08-23,Pendente,0,0
1717,9077,4,2023-03-30,Cancelado,0,0
1718,8288,1,2023-07-08,Cancelado,0,0
1719,2366,5,2023-05-06,Cancelado,0,0
1720,82,4,2023-08-27,Cancelado,0,0
1721,1399,2,2023-06-27,Concluído,1,306
1722,6975,4,2023-01-12,Cancelado,0,0
1723,2210,2,2023-10-10,Cancelado,0,0
1724,4557,4,2023-02-27,Concluído,4,347
1725,8270,1,2023-10-30,Pendente,0,0
1726,7142,3,2023-04-11,Pendente,0,0
1727,798,3,2023-01-15,Cancelado,0,0
1728,6215,5,2023-03-26,Cancelado,0,0
1729,4764,1,2023-04-12,Cancelado,0,0
1730,5828,3,2023-09-05,Concluído,6,226
1731,3891,3,2023-12-23,Cancelado,0,0
1732,361,4,2023-08-10,Cancelado,0,0
1733,2561,4,2023-10-19,Concluído,1,263
1734,6036,2,2023-09-16,Concluído,4,276
1735,2998,1,2023-01-06,Concluído,2,162
1736,9901,5,2023-11-10,Concluído,1,267
1737,6672,5,2023-03-26,Pendente,0,0
1738,6731,5,2023-06-29,Pendente,0,0
1739,2665,3,2023-09-18,Concluído,1,213
1740,4960,4,2023-08-20,Pendente,0,0
1741,7901,4,2023-05-22,Concluído,1,283
1742,6721,5,2023-06-13,Concluído,3,151
1743,5140,5,2023-06-12,Concluído,5,190
1744,2800,1,2023-09-16,Cancelado,0,0
1745,2366,5,2023-01-29,Cancelado,0,0
1746,1571,4,2023-07-29,Cancelado,0,0
1747,9345,4,2023-08-03,Cancelado,0,0
1748,5477,4,2023-01-09,Pendente,0,0
1749,7295,4,2023-02-05,Pendente,0,0
1750,8101,2,2023-10-15,Cancelado,0,0
1751,8426,5,2023-06-05,Cancelado,0,0
1752,3641,4,2023-02-09,Concluído,1,195
1753,2402,1,2023-07-24,Concluído,4,328
1754,1186,1,2023-02-24,Concluído,5,222
1755,6040,3,2023-08-13,Pendente,0,0
1756,2122,1,2023-01-27,Cancelado,0,0
1757,4226,5,2023-05-03,Concluído,5,231
1758,1585,5,2023-06-27,Cancelado,0,0
1759,4309,1,2023-04-26,Concluído,1,232
1760,3903,2,2023-04-19,Pendente,0,0
1761,9320,2,2023-04-24,Pendente,0,0
1762,9662,1,2023-04-23,Cancelado,0,0
1763,1994,4,2023-04-13,Cancelado,0,0
1764,9349,2,2023-11-06,Pendente,0,0
1765,7952,1,2023-04-07,Cancelado,0,0
1766,4088,3,2023-09-03,Pendente,0,0
1767,6266,3,2023-03-08,Cancelado,0,0
1768,9842,2,2023-09-28,Pendente,0,0
1769,7362,3,2023-01-02,Pendente,0,0
1770,9432,4,2023-01-22,Pendente,0,0
1771,639,4,2023-02-28,Pendente,0,0
1772,7062,1,2023-04-08,Cancelado,0,0
1773,3532,5,2023-03-05,Concluído,4,322
1774,536,1,2023-04-22,Pendente,0,0
1775,5347,4,2023-10-30,Pendente,0,0
1776,5472,3,2023-09-22,Concluído,4,202
1777,6771,1,2023-11-26,Pendente,0,0
1778,9230,2,2023-03-10,Concluído,1,181
1779,3199,5,2023-11-26,Cancelado,0,0
1780,7225,1,2023-04-26,Concluído,5,290
1781,7016,5,2023-11-28,Pendente,0,0
1782,6991,3,2023-12-23,Cancelado,0,0
1783,9054,4,2023-11-19,Cancelado,0,0
1784,4077,3,2023-05-15,Cancelado,0,0
1785,968,1,2023-01-04,Cancelado,0,0
1786,9370,2,2023-04-11,Concluído,6,237
1787,2350,2,2023-06-20,Cancelado,0,0
1788,7723,4,2023-05-06,Concluído,5,289
1789,7826,2,2023-06-22,Concluído,6,256
1790,106,4,2023-11-15,Concluído,6,189
1791,9043,3,2023-11-30,Concluído,1,286
1792,4185,5,2023-09-08,Concluído,4,308
1793,1867,3,2023-08-27,Pendente,0,0
1794,7622,3,2023-10-10,Concluído,7,239
1795,2510,3,2023-02-14,Concluído,1,272
1796,4191,2,2023-06-25,Cancelado,0,0
1797,9216,4,2023-11-27,Concluído,7,275
1798,9567,5,2023-08-06,Pendente,0,0
1799,5846,1,2023-02-25,Concluído,2,165
1800,4222,5,2023-06-12,Cancelado,0,0
1801,111,4,2023-08-03,Concluído,5,318
1802,3096,4,2023-09-17,Cancelado,0,0
1803,1274,4,2023-10-27,Cancelado,0,0
1804,4018,1,2023-12-16,Pendente,0,0
1805,6978,3,2023-06-25,Concluído,1,255
1806,3033,4,2023-06-24,Cancelado,0,0
1807,5645,1,2023-12-25,Concluído,7,248
1808,5760,1,2023-02-06,Pendente,0,0
1809,60,3,2023-12-29,Cancelado,0,0
1810,5059,4,2023-01-05,Pendente,0,0
1811,7313,1,2023-05-29,Concluído,7,202
1812,4237,3,2023-07-08,Concluído,1,318
1813,4280,4,2023-04-29,Concluído,2,294
1814,3034,3,2023-10-19,Cancelado,0,0
1815,3241,2,2023-01-20,Pendente,0,0
1816,1299,1,2023-06-29,Concluído,7,206
1817,9587,2,2023-09-20,Cancelado,0,0
1818,6545,4,2023-01-13,Pendente,0,0
1819,1751,2,2023-10-12,Concluído,4,290
1820,3086,4,2023-04-09,Concluído,2,296
1821,859,2,2023-12-10,Cancelado,0,0
1822,9464,5,2023-07-31,Cancelado,0,0
1823,9925,2,2023-11-06,Pendente,0,0
1824,6001,3,2023-07-18,Concluído,3,202
1825,7972,4,2023-09-06,Cancelado,0,0
1826,4866,1,2023-03-13,Concluído,4,243
1827,2444,4,2023-04-24,Pendente,0,0
1828,3534,4,2023-02-12,Pendente,0,0
1829,7352,2,2023-09-09,Concluído,4,177
1830,7070,4,2023-06-28,Concluído,5,183
1831,4601,5,2023-03-18,Pendente,0,0
1832,5845,3,2023-06-06,Pendente,0,0
1833,3041,5,2023-09-01,Pendente,0,0
1834,9476,1,2023-06-10,Pendente,0,0
1835,6873,1,2023-07-12,Cancelado,0,0
1836,4191,3,2023-12-31,Cancelado,0,0
1837,7754,1,2023-09-07,Pendente,0,0
1838,2493,5,2023-11-03,Concluído,2,224
1839,7162,3,2023-10-22,Pendente,0,0
1840,3695,2,2023-03-13,Cancelado,0,0
1841,7445,1,2023-02-02,Pendente,0,0
1842,1514,5,2023-11-12,Concluído,4,151
1843,2835,3,2023-07-10,Pendente,0,0
1844,3987,1,2023-01-15,Pendente,0,0
1845,7157,5,2023-06-28,Pendente,0,0
1846,5761,2,2023-07-02,Cancelado,0,0
1847,1619,2,2023-02-18,Cancelado,0,0
1848,6008,2,2023-05-22,Concluído,7,151
1849,9336,5,2023-03-08,Cancelado,0,0
1850,196,5,2023-01-05,Cancelado,0,0
1851,7605,2,2023-07-13,Concluído,5,309
1852,4397,5,2023-06-06,Cancelado,0,0
1853,2420,2,2023-09-05,Pendente,0,0
1854,3524,2,2023-10-11,Pendente,0,0
1855,1640,4,2023-05-31,Cancelado,0,0
1856,40,5,2023-10-14,Concluído,6,252
1857,4384,2,2023-07-26,Concluído,1,225
1858,9173,3,2023-07-16,Concluído,6,217
1859,9028,5,2023-03-24,Pendente,0,0
1860,860,1,2023-11-19,Concluído,5,247
1861,8467,1,2023-08-20,Concluído,1,195
1862,2315,2,2023-12-25,Pendente,0,0
1863,3335,1,2023-04-27,Concluído,1,268
1864,7563,1,2023-03-18,Concluído,6,226
1865,1088,4,2023-02-25,Concluído,2,305
1866,4030,2,2023-01-06,Concluído,1,291
1867,4114,4,2023-04-02,Pendente,0,0
1868,4337,5,2023-01-02,Pendente,0,0
1869,9713,2,2023-05-30,Cancelado,0,0
1870,2614,2,2023-02-10,Cancelado,0,0
1871,2069,3,2023-10-11,Pendente,0,0
1872,1898,1,2023-05-10,Pendente,0,0
1873,1296,1,2023-08-07,Concluído,1,247
1874,9558,3,2023-07-09,Concluído,3,190
1875,7233,2,2023-08-29,Concluído,1,321
1876,5869,3,2023-04-05,Concluído,7,308
1877,2623,1,2023-04-24,Pendente,0,0
1878,3204,2,2023-07-04,Concluído,6,174
1879,7726,1,2023-09-14,Pendente,0,0
1880,2717,4,2023-08-19,Pendente,0,0
1881,8639,4,2023-03-07,Concluído,3,210
1882,9833,3,2023-08-05,Pendente,0,0
1883,8267,2,2023-05-08,Cancelado,0,0
1884,7543,1,2023-01-18,Cancelado,0,0
1885,6476,4,2023-02-24,Cancelado,0,0
1886,1540,5,2023-01-16,Concluído,6,195
1887,303,1,2023-10-14,Pendente,0,0
1888,3426,4,2023-08-11,Concluído,4,243
1889,92,4,2023-05-09,Pendente,0,0
1890,9005,1,2023-07-16,Pendente,0,0
1891,3579,3,2023-02-10,Cancelado,0,0
1892,352,4,2023-05-06,Cancelado,0,0
1893,1217,1,2023-10-25,Concluído,1,247
1894,6241,4,2023-02-04,Pendente,0,0
1895,1089,5,2023-10-05,Pendente,0,0
1896,2840,3,2023-05-19,Pendente,0,0
1897,5949,4,2023-01-05,Concluído,2,281
1898,8264,1,2023-04-24,Pendente,0,0
1899,5914,3,2023-03-10,Pendente,0,0
1900,767,2,2023-03-02,Cancelado,0,0
1901,142,4,2023-02-01,Pendente,0,0
1902,3795,5,2023-10-18,Cancelado,0,0
1903,6790,2,2023-07-03,Pendente,0,0
1904,5058,3,2023-12-25,Concluído,6,301
1905,3698,3,2023-01-30,Pendente,0,0
1906,7010,1,2023-09-24,Pendente,0,0
1907,825,5,2023-02-19,Pendente,0,0
1908,5421,1,2024-01-01,Cancelado,0,0
1909,6766,3,2023-03-18,Pendente,0,0
1910,9231,1,2023-03-05,Pendente,0,0
1911,3470,2,2023-03-16,Concluído,4,297
1912,4274,4,2023-06-25,Pendente,0,0
1913,5172,4,2023-06-06,Pendente,0,0
1914,6355,3,2023-11-28,Concluído,1,295
1915,8193,5,2023-08-31,Pendente,0,0
1916,2203,5,2023-07-06,Pendente,0,0
1917,985,2,2023-05-26,Pendente,0,0
1918,700,3,2023-12-20,Concluído,2,346
1919,4443,2,2023-04-22,Cancelado,0,0
1920,5082,1,2023-11-08,Concluído,6,213
1921,9952,3,2023-09-15,Pendente,0,0
1922,6010,2,2023-08-19,Cancelado,0,0
1923,5673,2,2023-12-20,Pendente,0,0
1924,4765,1,2023-02-12,Concluído,2,319
1925,9459,5,2023-04-09,Pendente,0,0
1926,6270,4,2023-02-12,Pendente,0,0
1927,4758,4,2023-05-21,Concluído,7,331
1928,6678,5,2023-10-22,Cancelado,0,0
1929,8780,1,2023-02-21,Cancelado,0,0
1930,3247,4,2023-01-18,Cancelado,0,0
1931,7309,4,2023-09-28,Pendente,0,0
1932,9353,4,2023-11-14,Concluído,4,302
1933,9092,5,2023-06-09,Cancelado,0,0
1934,6268,2,2023-10-09,Cancelado,0,0
1935,2532,3,2023-03-28,Cancelado,0,0
1936,9824,2,2023-06-10,Concluído,2,312
1937,307,4,2023-12-27,Pendente,0,0
1938,8491,2,2023-11-19,Pendente,0,0
1939,3735,2,2023-01-29,Concluído,1,298
1940,525,5,2023-04-26,Pendente,0,0
1941,5877,3,2023-02-04,Cancelado,0,0
1942,3602,4,2023-04-10,Concluído,2,228
1943,8557,5,2023-06-09,Concluído,6,268
1944,1868,4,2023-06-13,Pendente,0,0
1945,4441,1,2023-04-08,Pendente,0,0
1946,2719,3,2023-06-24,Pendente,0,0
1947,9579,4,2023-06-14,Cancelado,0,0
1948,2266,3,2023-06-26,Cancelado,0,0
1949,8427,1,2023-10-07,Pendente,0,0
1950,4495,3,2023-07-26,Concluído,2,153
1951,5413,1,2023-05-28,Pendente,0,0
1952,5994,4,2023-11-17,Cancelado,0,0
1953,8184,1,2023-12-19,Cancelado,0,0
1954,4631,3,2023-12-21,Concluído,6,346
1955,5144,3,2023-10-02,Pendente,0,0
1956,7779,2,2023-03-26,Concluído,5,179
1957,3783,5,2023-06-11,Concluído,7,247
1958,1281,3,2023-06-25,Cancelado,0,0
1959,3025,3,2023-04-18,Cancelado,0,0
1960,2955,1,2023-09-28,Concluído,7,328
1961,974,1,2023-10-07,Pendente,0,0
1962,5327,1,2023-07-26,Concluído,2,270
1963,683,4,2023-11-14,Concluído,4,329
1964,3471,4,2023-01-28,Cancelado,0,0
1965,893,3,2023-03-27,Concluído,5,326
1966,5104,3,2023-10-21,Pendente,0,0
1967,495,2,2023-07-05,Cancelado,0,0
1968,9877,3,2023-04-10,Pendente,0,0
1969,101,2,2023-02-16,Pendente,0,0
1970,1355,2,2023-12-21,Concluído,5,176
1971,3984,1,2023-08-15,Cancelado,0,0
1972,8980,3,2023-05-10,Pendente,0,0
1973,5801,2,2023-05-15,Pendente,0,0
1974,2840,2,2023-01-06,Pendente,0,0
1975,6624,2,2023-06-20,Pendente,0,0
1976,2501,4,2023-07-27,Pendente,0,0
1977,9454,5,2023-09-08,Concluído,4,195
1978,6273,5,2023-11-30,Concluído,6,186
1979,4379,1,2023-09-29,Pendente,0,0
1980,7744,2,2023-09-20,Cancelado,0,0
1981,5669,5,2023-11-16,Cancelado,0,0
1982,385,2,2023-05-18,Concluído,3,258
1983,7606,3,2023-07-12,Cancelado,0,0
1984,8847,5,2023-09-01,Cancelado,0,0
1985,9015,2,2023-04-06,Cancelado,0,0
1986,5856,3,2023-08-05,Cancelado,0,0
1987,825,3,2023-11-12,Concluído,5,153
1988,6280,2,2023-10-28,Concluído,1,337
1989,1586,4,2023-01-31,Concluído,4,169
1990,1684,2,2023-03-11,Pendente,0,0
1991,8861,3,2023-11-11,Cancelado,0,0
1992,8621,4,2023-06-19,Concluído,4,330
1993,3859,2,2023-07-12,Pendente,0,0
1994,5567,3,2023-07-17,Cancelado,0,0
1995,8412,5,2023-05-21,Cancelado,0,0
1996,6567,2,2023-12-22,Cancelado,0,0
1997,173,5,2023-08-25,Cancelado,0,0
1998,6265,1,2023-08-30,Pendente,0,0
1999,4683,3,2023-10-09,Cancelado,0,0
2000,9107,2,2023-09-03,Pendente,0,0
2001,2455,2,2023-12-25,Pendente,0,0
2002,704,1,2023-12-04,Pendente,0,0
2003,99,2,2023-02-28,Cancelado,0,0
2004,1422,2,2023-10-29,Pendente,0,0
2005,5193,2,2023-06-13,Concluído,3,186
2006,9582,2,2023-05-14,Pendente,0,0
2007,7188,2,2023-05-12,Pendente,0,0
2008,8664,3,2023-02-13,Pendente,0,0
2009,6700,4,2023-07-17,Pendente,0,0
2010,5640,3,2023-09-08,Cancelado,0,0
2011,1247,5,2023-12-11,Cancelado,0,0
2012,5464,1,2023-11-05,Cancelado,0,0
2013,3682,4,2023-03-21,Pendente,0,0
2014,8288,4,2023-12-30,Concluído,7,213
2015,5281,3,2023-05-24,Cancelado,0,0
2016,8398,2,2023-09-07,Concluído,7,294
2017,7575,3,2023-11-23,Cancelado,0,0
2018,9362,5,2023-03-13,Pendente,0,0
2019,4215,4,2023-01-21,Cancelado,0,0
2020,2716,5,2023-04-06,Concluído,4,323
2021,5928,1,2023-02-21,Concluído,5,244
2022,9593,5,2023-07-22,Concluído,2,248
2023,5331,4,2023-05-13,Concluído,1,211
2024,7780,5,2023-09-27,Concluído,1,296
2025,7554,2,2023-07-31,Concluído,2,336
2026,2951,1,2023-10-03,Cancelado,0,0
2027,1089,1,2023-02-10,Cancelado,0,0
2028,698,2,2023-08-04,Cancelado,0,0
2029,3457,4,2023-08-24,Pendente,0,0
2030,5044,1,2023-09-21,Pendente,0,0
2031,7409,2,2023-05-05,Cancelado,0,0
2032,8093,3,2023-06-19,Concluído,3,338
2033,2453,5,2023-06-09,Concluído,2,171
2034,1816,4,2023-11-04,Cancelado,0,0
2035,2060,3,2023-01-23,Concluído,5,283
2036,8813,5,2023-07-03,Cancelado,0,0
2037,383,2,2023-10-17,Pendente,0,0
2038,5933,2,2023-09-14,Pendente,0,0
2039,8306,2,2023-09-09,Cancelado,0,0
2040,4092,5,2023-12-28,Pendente,0,0
2041,2310,1,2023-10-25,Concluído,5,166
2042,8845,3,2023-06-18,Pendente,0,0
2043,904,1,2023-03-24,Cancelado,0,0
2044,7835,3,2023-03-11,Pendente,0,0
2045,4896,2,2023-10-24,Pendente,0,0
2046,9188,2,2023-03-05,Concluído,5,325
2047,8165,2,2023-07-19,Pendente,0,0
2048,5264,4,2023-11-01,Pendente,0,0
2049,8419,1,2023-02-03,Cancelado,0,0
2050,5981,2,2023-04-29,Pendente,0,0
2051,1943,1,2023-05-24,Pendente,0,0
2052,1813,1,2023-12-20,Pendente,0,0
2053,4510,4,2023-12-26,Pendente,0,0
2054,3411,5,2023-01-15,Concluído,2,343
2055,8099,1,2023-04-13,Concluído,2,228
2056,5446,5,2023-09-14,Pendente,0,0
2057,3634,3,2023-09-02,Pendente,0,0
2058,8360,2,2023-02-11,Concluído,5,293
2059,5798,4,2023-03-24,Pendente,0,0
2060,3495,2,2023-03-12,Concluído,3,337
2061,212,2,2023-05-24,Concluído,4,324
2062,7940,3,2023-10-24,Cancelado,0,0
2063,5995,2,2023-01-02,Concluído,2,229
2064,8578,3,2023-10-02,Concluído,4,215
2065,9133,2,2023-08-11,Concluído,2,172
2066,3212,4,2023-04-28,Pendente,0,0
2067,6462,4,2023-09-01,Concluído,4,308
2068,399,1,2023-06-09,Concluído,2,346
2069,4307,5,2023-07-18,Pendente,0,0
2070,874,2,2023-11-07,Concluído,4,350
2071,7000,2,2023-11-10,Pendente,0,0
2072,421,2,2023-07-31,Concluído,7,267
2073,516,3,2023-12-13,Cancelado,0,0
2074,7718,2,2023-02-22,Concluído,5,230
2075,9101,3,2023-04-28,Pendente,0,0
2076,9290,1,2023-10-30,Cancelado,0,0
2077,7904,3,2023-02-15,Pendente,0,0
2078,2717,5,2023-03-23,Cancelado,0,0
2079,9500,4,2023-05-27,Concluído,6,341
2080,2882,1,2023-10-10,Pendente,0,0
2081,4982,2,2023-04-30,Concluído,6,228
2082,1680,3,2023-10-21,Concluído,1,222
2083,9499,1,2023-05-26,Pendente,0,0
2084,6533,1,2023-12-27,Cancelado,0,0
2085,1095,4,2023-03-31,Concluído,2,325
2086,3708,5,2023-12-23,Pendente,0,0
2087,6363,3,2023-08-03,Pendente,0,0
2088,8340,3,2023-12-07,Pendente,0,0
2089,316,5,2023-10-29,Cancelado,0,0
2090,4128,4,2023-10-01,Concluído,7,223
2091,7360,5,2023-09-01,Cancelado,0,0
2092,3304,4,2023-05-07,Pendente,0,0
2093,2554,5,2023-09-26,Concluído,6,295
2094,3242,5,2023-10-20,Concluído,3,161
2095,3960,1,2023-09-27,Concluído,2,204
2096,6838,5,2023-06-20,Concluído,5,217
2097,9376,3,2023-03-08,Pendente,0,0
2098,2511,1,2023-05-30,Pendente,0,0
2099,2591,5,2023-04-30,Cancelado,0,0
2100,9582,3,2023-06-02,Pendente,0,0
2101,5212,5,2023-03-12,Pendente,0,0
2102,8656,5,2023-06-28,Concluído,3,312
2103,8972,2,2023-03-13,Cancelado,0,0
2104,3434,2,2023-09-02,Concluído,6,285
2105,6565,3,2023-10-21,Pendente,0,0
2106,4757,4,2023-05-12,Pendente,0,0
2107,7596,5,2023-05-25,Cancelado,0,0
2108,1678,3,2023-04-01,Pendente,0,0
2109,3007,2,2023-08-28,Concluído,7,213
2110,1513,2,2023-04-05,Pendente,0,0
2111,3054,3,2023-12-04,Cancelado,0,0
2112,7070,4,2023-04-07,Pendente,0,0
2113,9715,2,2023-07-07,Cancelado,0,0
2114,5956,2,2023-04-02,Cancelado,0,0
2115,3641,1,2023-12-27,Cancelado,0,0
2116,9556,1,2023-06-10,Concluído,7,209
2117,7965,3,2023-06-08,Pendente,0,0
2118,8831,1,2023-10-07,Pendente,0,0
2119,9312,5,2023-05-15,Cancelado,0,0
2120,6767,3,2023-01-01,Concluído,2,231
2121,4396,1,2023-03-07,Pendente,0,0
2122,2903,2,2023-02-18,Pendente,0,0
2123,2871,4,2023-09-28,Concluído,6,316
2124,3292,5,2023-07-11,Cancelado,0,0
2125,6797,1,2023-12-07,Concluído,2,162
2126,9767,3,2023-02-15,Pendente,0,0
2127,483,5,2023-05-03,Pendente,0,0
2128,7049,3,2023-09-06,Concluído,5,231
2129,1588,4,2023-04-12,Concluído,7,305
2130,1790,1,2023-06-25,Pendente,0,0
2131,7745,1,2023-09-23,Cancelado,0,0
2132,7033,5,2023-03-22,Pendente,0,0
2133,2654,1,2023-04-07,Pendente,0,0
2134,8951,5,2023-03-04,Cancelado,0,0
2135,956,5,2023-06-20,Concluído,6,213
2136,2684,2,2023-01-29,Pendente,0,0
2137,8814,2,2023-11-27,Pendente,0,0
2138,1885,3,2023-05-09,Concluído,3,196
2139,8318,1,2023-02-07,Concluído,3,246
2140,9281,4,2023-12-15,Cancelado,0,0
2141,4706,5,2023-12-14,Concluído,6,349
2142,83,3,2023-11-10,Pendente,0,0
2143,2170,2,2023-05-24,Pendente,0,0
2144,2535,3,2023-06-15,Cancelado,0,0
2145,415,1,2023-07-11,Pendente,0,0
2146,5561,1,2023-02-17,Pendente,0,0
2147,9109,4,2023-08-01,Cancelado,0,0
2148,7183,1,2023-01-20,Concluído,4,280
2149,3300,3,2023-09-26,Cancelado,0,0
2150,1295,4,2023-04-02,Concluído,4,150
2151,1857,2,2023-10-19,Concluído,7,271
2152,7795,4,2023-05-21,Pendente,0,0
2153,3641,4,2023-03-27,Concluído,6,233
2154,6929,5,2023-03-11,Cancelado,0,0
2155,930,3,2023-11-27,Concluído,2,155
2156,6297,5,2023-10-08,Concluído,2,276
2157,6,2,2023-07-21,Cancelado,0,0
2158,9821,1,2023-11-07,Cancelado,0,0
2159,5341,2,2023-01-02,Pendente,0,0
2160,370,2,2023-04-21,Concluído,2,172
2161,7524,2,2023-08-21,Pendente,0,0
2162,7975,5,2023-09-11,Concluído,7,179
2163,3795,2,2023-07-03,Cancelado,0,0
2164,834,2,2023-05-14,Concluído,7,291
2165,61,3,2023-03-13,Pendente,0,0
2166,2875,5,2024-01-01,Concluído,6,207
2167,5710,5,2023-12-25,Cancelado,0,0
2168,7868,1,2023-04-06,Concluído,4,198
2169,9867,3,2023-08-30,Pendente,0,0
2170,3961,2,2023-01-27,Pendente,0,0
2171,5683,3,2023-07-06,Pendente,0,0
2172,770,1,2023-07-02,Concluído,7,274
2173,5529,1,2023-07-27,Concluído,2,238
2174,6697,3,2023-04-03,Cancelado,0,0
2175,1897,3,2023-12-19,Concluído,7,346
2176,8698,5,2023-06-04,Pendente,0,0
2177,3666,1,2023-01-20,Cancelado,0,0
2178,82,3,2023-10-10,Cancelado,0,0
2179,6881,4,2023-11-21,Cancelado,0,0
2180,7552,2,2023-07-14,Pendente,0,0
2181,6224,5,2023-11-26,Concluído,7,285
2182,6369,2,2023-07-13,Concluído,2,204
2183,8894,5,2023-07-29,Pendente,0,0
2184,2079,3,2023-09-13,Concluído,3,259
2185,2897,5,2023-05-13,Pendente,0,0
2186,3273,1,2023-02-22,Cancelado,0,0
2187,5273,3,2023-01-16,Cancelado,0,0
2188,8100,3,2023-10-02,Pendente,0,0
2189,843,5,2023-06-10,Cancelado,0,0
2190,9936,1,2023-01-27,Concluído,2,295
2191,6201,2,2023-03-28,Pendente,0,0
2192,1396,5,2023-07-12,Cancelado,0,0
2193,6973,1,2023-08-19,Pendente,0,0
2194,5687,4,2023-12-06,Pendente,0,0
2195,9164,1,2023-08-30,Pendente,0,0
2196,2448,2,2023-09-18,Cancelado,0,0
2197,144,2,2023-11-11,Concluído,4,329
2198,3852,5,2023-01-20,Pendente,0,0
2199,9236,1,2023-06-29,Cancelado,0,0
2200,2128,5,2023-02-01,Pendente,0,0
2201,2803,1,2023-06-07,Concluído,3,197
2202,4701,2,2023-04-04,Concluído,2,272
2203,8932,5,2023-07-30,Cancelado,0,0
2204,6720,5,2023-11-20,Cancelado,0,0
2205,5602,2,2023-11-27,Pendente,0,0
2206,3524,2,2023-12-31,Cancelado,0,0
2207,8499,1,2023-09-20,Pendente,0,0
2208,5222,5,2023-10-26,Concluído,2,192
2209,419,3,2023-10-27,Concluído,7,163
2210,6540,4,2023-04-22,Concluído,4,333
2211,7140,4,2023-11-04,Concluído,2,277
2212,3375,2,2023-02-25,Concluído,1,324
2213,2321,5,2023-03-09,Concluído,7,240
2214,2041,3,2023-09-18,Pendente,0,0
2215,696,1,2023-06-20,Pendente,0,0
2216,8266,5,2023-10-11,Concluído,2,192
2217,9111,1,2023-01-02,Pendente,0,0
2218,4888,1,2023-05-04,Pendente,0,0
2219,980,4,2023-11-28,Pendente,0,0
2220,9726,5,2023-12-06,Cancelado,0,0
2221,7504,1,2023-08-24,Concluído,2,286
2222,6533,5,2023-10-21,Concluído,4,286
2223,7049,4,2023-04-25,Concluído,2,258
2224,8472,3,2023-05-12,Concluído,3,221
2225,4148,5,2023-03-19,Concluído,3,251
2226,8823,5,2023-12-26,Pendente,0,0
2227,5800,5,2023-08-02,Cancelado,0,0
2228,4611,4,2023-10-21,Pendente,0,0
2229,5415,1,2023-02-06,Cancelado,0,0
2230,6974,1,2023-03-09,Cancelado,0,0
2231,338,2,2023-09-18,Concluído,3,192
2232,4740,5,2023-02-19,Cancelado,0,0
2233,4694,1,2023-06-16,Pendente,0,0
2234,1866,1,2023-06-02,Concluído,2,258
2235,381,5,2023-03-08,Concluído,6,317
2236,314,5,2023-01-14,Concluído,5,201
2237,4351,3,2023-03-14,Pendente,0,0
2238,6620,1,2023-06-15,Cancelado,0,0
2239,1285,5,2023-02-16,Concluído,3,239
2240,2522,5,2023-01-09,Cancelado,0,0
2241,7752,1,2023-07-18,Pendente,0,0
2242,3209,3,2023-02-22,Cancelado,0,0
2243,6500,4,2023-06-21,Pendente,0,0
2244,5098,5,2023-05-08,Concluído,2,323
2245,6672,5,2023-07-13,Cancelado,0,0
2246,2747,5,2023-10-03,Concluído,4,275
2247,3704,1,2023-11-07,Pendente,0,0
2248,8867,1,2023-04-29,Concluído,1,259
2249,6948,3,2023-10-05,Concluído,2,260
2250,1112,4,2023-03-08,Cancelado,0,0
2251,745,1,2023-08-25,Cancelado,0,0
2252,968,5,2023-12-20,Pendente,0,0
2253,85,5,2023-10-13,Pendente,0,0
2254,3779,2,2023-04-11,Pendente,0,0
2255,5850,3,2023-11-29,Concluído,4,291
2256,7338,1,2023-10-15,Pendente,0,0
2257,1535,2,2023-03-15,Cancelado,0,0
2258,460,2,2023-04-02,Pendente,0,0
2259,458,2,2023-02-28,Concluído,6,340
2260,7922,2,2023-05-16,Concluído,4,262
2261,4575,2,2023-01-12,Pendente,0,0
2262,7450,3,2023-03-20,Concluído,6,153
2263,9579,1,2023-05-08,Cancelado,0,0
2264,424,3,2023-11-13,Cancelado,0,0
2265,2955,2,2023-09-02,Concluído,3,335
2266,7660,2,2023-11-19,Cancelado,0,0
2267,494,4,2023-08-31,Concluído,6,222
2268,9726,2,2023-06-23,Cancelado,0,0
2269,5341,5,2023-04-09,Concluído,4,336
2270,5282,2,2023-06-12,Cancelado,0,0
2271,7599,2,2023-10-23,Cancelado,0,0
2272,2390,1,2023-10-05,Pendente,0,0
2273,1941,1,2023-12-16,Pendente,0,0
2274,2695,1,2023-09-16,Cancelado,0,0
2275,6079,2,2023-06-10,Concluído,5,189
2276,3293,5,2023-12-28,Pendente,0,0
2277,7969,5,2023-12-16,Pendente,0,0
2278,9152,1,2023-04-08,Pendente,0,0
2279,5777,4,2023-04-03,Pendente,0,0
2280,62,3,2023-08-09,Pendente,0,0
2281,2577,3,2023-05-27,Cancelado,0,0
2282,3637,5,2023-08-01,Pendente,0,0
2283,1736,5,2023-06-23,Cancelado,0,0
2284,7091,3,2023-11-02,Concluído,5,185
2285,8073,5,2023-07-24,Concluído,2,280
2286,5510,2,2023-08-30,Cancelado,0,0
2287,8103,3,2023-10-03,Pendente,0,0
2288,599,5,2023-05-30,Concluído,5,206
2289,6591,5,2023-06-21,Concluído,3,303
2290,6873,3,2023-11-28,Concluído,1,204
2291,2526,2,2023-03-26,Cancelado,0,0
2292,3704,3,2023-01-21,Pendente,0,0
2293,363,4,2023-02-15,Concluído,2,324
2294,4769,3,2023-01-16,Concluído,7,220
2295,9710,1,2023-06-30,Pendente,0,0
2296,3674,1,2023-04-04,Concluído,5,335
2297,8306,1,2023-02-07,Pendente,0,0
2298,4077,3,2023-10-22,Cancelado,0,0
2299,7150,4,2023-12-02,Pendente,0,0
2300,3540,3,2023-04-13,Pendente,0,0
2301,2955,4,2023-07-25,Cancelado,0,0
2302,3367,4,2023-01-10,Pendente,0,0
2303,968,5,2023-06-09,Concluído,4,290
2304,6901,1,2023-04-25,Cancelado,0,0
2305,3124,3,2023-01-06,Cancelado,0,0
2306,9172,1,2023-10-08,Cancelado,0,0
2307,1298,1,2023-06-03,Cancelado,0,0
2308,2957,2,2023-03-23,Pendente,0,0
2309,2471,1,2023-06-18,Concluído,5,250
2310,745,3,2023-04-04,Pendente,0,0
2311,8136,5,2023-01-15,Concluído,6,295
2312,35,5,2023-01-30,Cancelado,0,0
2313,1627,5,2023-01-31,Concluído,1,235
2314,9395,4,2023-06-07,Concluído,2,312
2315,8968,5,2023-02-25,Cancelado,0,0
2316,7907,3,2023-05-05,Pendente,0,0
2317,4901,4,2023-02-25,Cancelado,0,0
2318,3195,2,2023-11-03,Pendente,0,0
2319,6532,2,2023-11-13,Cancelado,0,0
2320,3572,5,2023-07-12,Pendente,0,0
2321,3501,5,2023-08-10,Cancelado,0,0
2322,524,1,2023-06-29,Concluído,1,254
2323,3204,4,2023-10-13,Pendente,0,0
2324,8082,2,2023-12-21,Concluído,5,321
2325,8815,2,2023-11-06,Pendente,0,0
2326,5838,5,2023-09-28,Pendente,0,0
2327,6028,5,2023-09-24,Cancelado,0,0
2328,1457,2,2023-06-10,Concluído,4,292
2329,7501,4,2023-05-09,Pendente,0,0
2330,6580,3,2023-03-12,Cancelado,0,0
2331,4574,1,2023-12-19,Pendente,0,0
2332,3256,3,2023-02-10,Pendente,0,0
2333,4525,2,2023-08-08,Concluído,6,168
2334,5201,4,2023-08-07,Pendente,0,0
2335,8857,3,2023-01-09,Cancelado,0,0
2336,8847,2,2023-06-21,Cancelado,0,0
2337,6602,3,2023-12-30,Pendente,0,0
2338,1481,1,2023-02-18,Concluído,2,278
2339,1895,5,2023-10-14,Cancelado,0,0
2340,6192,3,2023-06-14,Concluído,2,244
2341,3837,4,2023-03-02,Cancelado,0,0
2342,3616,2,2023-01-30,Pendente,0,0
2343,4577,2,2023-05-23,Pendente,0,0
2344,2906,1,2023-12-15,Concluído,7,309
2345,1072,1,2023-05-06,Concluído,6,297
2346,4812,2,2023-02-06,Pendente,0,0
2347,7475,5,2023-02-13,Cancelado,0,0
2348,444,4,2023-01-07,Pendente,0,0
2349,5101,1,2023-07-31,Concluído,7,243
2350,7057,4,2023-08-12,Concluído,1,222
2351,1612,1,2023-12-31,Concluído,5,204
2352,4436,5,2023-01-04,Concluído,1,217
2353,4561,5,2023-04-17,Cancelado,0,0
2354,2121,2,2023-11-12,Pendente,0,0
2355,8950,1,2023-09-17,Pendente,0,0
2356,2125,2,2023-03-17,Cancelado,0,0
2357,8662,3,2023-06-08,Cancelado,0,0
2358,4896,1,2023-03-21,Concluído,6,292
2359,9924,1,2023-04-10,Cancelado,0,0
2360,548,2,2023-12-16,Cancelado,0,0
2361,1981,2,2023-02-06,Pendente,0,0
2362,5560,1,2023-02-27,Concluído,6,277
2363,2483,5,2023-02-09,Concluído,2,186
2364,8825,3,2023-04-29,Concluído,1,209
2365,163,1,2023-01-29,Pendente,0,0
2366,1166,4,2023-05-05,Cancelado,0,0
2367,4560,2,2023-02-11,Concluído,5,237
2368,3094,5,2023-01-02,Concluído,6,188
2369,7750,5,2023-08-24,Concluído,3,202
2370,6524,3,2023-04-02,Cancelado,0,0
2371,8958,3,2023-03-08,Pendente,0,0
2372,8646,3,2023-04-01,Concluído,6,189
2373,34,2,2023-03-24,Pendente,0,0
2374,505,1,2023-07-21,Cancelado,0,0
2375,700,3,2023-11-28,Pendente,0,0
2376,7297,4,2023-07-17,Cancelado,0,0
2377,1246,1,2023-05-30,Concluído,3,174
2378,6894,1,2023-01-15,Cancelado,0,0
2379,7705,1,2023-07-09,Pendente,0,0
2380,2604,2,2023-11-08,Cancelado,0,0
2381,4784,5,2023-01-10,Cancelado,0,0
2382,1494,5,2023-04-21,Pendente,0,0
2383,3519,2,2023-02-20,Concluído,2,277
2384,7862,5,2023-02-24,Cancelado,0,0
2385,417,4,2023-08-10,Concluído,1,154
2386,1307,3,2023-10-05,Cancelado,0,0
2387,1308,4,2023-08-21,Concluído,6,223
2388,7259,2,2023-06-13,Cancelado,0,0
2389,1445,3,2023-11-09,Concluído,2,182
2390,7399,5,2023-03-15,Cancelado,0,0
2391,983,3,2023-08-06,Cancelado,0,0
2392,5436,2,2023-01-12,Pendente,0,0
2393,8356,5,2023-01-02,Pendente,0,0
2394,3746,4,2023-03-16,Cancelado,0,0
2395,9870,1,2023-03-30,Pendente,0,0
2396,8581,2,2023-01-07,Pendente,0,0
2397,8164,2,2023-10-20,Concluído,2,163
2398,1753,4,2023-10-17,Pendente,0,0
2399,6904,2,2023-03-05,Cancelado,0,0
2400,1513,5,2023-10-11,Concluído,5,280
2401,664,1,2023-05-08,Pendente,0,0
2402,6128,5,2023-12-24,Cancelado,0,0
2403,9041,1,2023-06-16,Cancelado,0,0
2404,5064,3,2023-01-11,Cancelado,0,0
2405,8377,3,2023-05-11,Cancelado,0,0
2406,8625,1,2023-08-10,Cancelado,0,0
2407,9593,3,2023-12-02,Cancelado,0,0
2408,7098,5,2023-06-22,Concluído,4,176
2409,5754,5,2023-04-22,Concluído,3,221
2410,3747,1,2023-08-04,Cancelado,0,0
2411,797,2,2023-01-27,Concluído,7,304
2412,4674,5,2023-03-03,Cancelado,0,0
2413,7184,5,2023-09-03,Pendente,0,0
2414,8844,5,2023-06-08,Pendente,0,0
2415,3964,3,2023-03-22,Pendente,0,0
2416,1947,2,2023-03-13,Concluído,7,266
2417,7445,3,2023-06-06,Pendente,0,0
2418,7563,4,2023-03-12,Cancelado,0,0
2419,9004,2,2023-03-15,Pendente,0,0
2420,6291,3,2023-10-15,Concluído,7,276
2421,8353,1,2023-10-10,Cancelado,0,0
2422,7685,1,2023-04-11,Cancelado,0,0
2423,665,4,2023-01-10,Pendente,0,0
2424,8722,2,2023-08-09,Pendente,0,0
2425,3041,1,2023-05-08,Pendente,0,0
2426,8010,4,2023-05-04,Cancelado,0,0
2427,7782,2,2023-04-27,Pendente,0,0
2428,5311,5,2023-05-06,Pendente,0,0
2429,8354,2,2023-05-16,Concluído,1,277
2430,6423,2,2023-07-14,Pendente,0,0
2431,7952,3,2023-05-09,Concluído,2,279
2432,8802,1,2023-05-02,Pendente,0,0
2433,4215,5,2023-06-11,Cancelado,0,0
2434,8532,3,2023-06-28,Concluído,6,304
2435,1424,4,2023-10-31,Cancelado,0,0
2436,9416,3,2023-07-29,Concluído,6,172
2437,5495,5,2023-08-10,Cancelado,0,0
2438,6201,4,2023-09-30,Cancelado,0,0
2439,2093,2,2023-12-22,Pendente,0,0
2440,8586,4,2023-04-03,Cancelado,0,0
2441,2230,1,2023-07-05,Pendente,0,0
2442,382,4,2023-07-11,Pendente,0,0
2443,4835,4,2023-07-03,Concluído,5,153
2444,6665,2,2023-03-30,Cancelado,0,0
2445,7445,2,2023-07-01,Concluído,6,302
2446,1325,3,2023-12-18,Pendente,0,0
2447,4392,2,2023-02-03,Cancelado,0,0
2448,8187,5,2023-06-13,Concluído,7,334
2449,5558,5,2023-10-21,Cancelado,0,0
2450,7715,4,2023-09-14,Concluído,5,198
2451,9027,3,2023-01-04,Concluído,6,249
2452,99,2,2023-08-15,Concluído,1,319
2453,7082,2,2023-03-06,Pendente,0,0
2454,670,1,2023-02-17,Cancelado,0,0
2455,6144,2,2023-11-24,Pendente,0,0
2456,5094,1,2023-03-30,Concluído,7,337
2457,5508,3,2023-08-15,Concluído,1,285
2458,2499,1,2023-01-27,Cancelado,0,0
2459,738,2,2023-07-10,Cancelado,0,0
2460,1155,5,2023-10-29,Pendente,0,0
2461,8809,1,2023-09-21,Pendente,0,0
2462,5376,5,2023-02-05,Concluído,2,161
2463,5806,1,2023-07-05,Pendente,0,0
2464,6897,2,2023-12-07,Pendente,0,0
2465,1472,5,2023-08-23,Cancelado,0,0
2466,1529,5,2023-09-05,Concluído,2,274
2467,674,5,2023-08-09,Pendente,0,0
2468,7690,1,2023-12-10,Cancelado,0,0
2469,191,5,2023-12-16,Cancelado,0,0
2470,3292,3,2023-09-20,Cancelado,0,0
2471,3353,3,2023-09-26,Concluído,3,314
2472,7474,4,2023-04-14,Concluído,7,150
2473,8550,1,2023-07-02,Cancelado,0,0
2474,6159,4,2023-05-27,Cancelado,0,0
2475,8750,2,2023-11-21,Cancelado,0,0
2476,2361,2,2023-04-04,Pendente,0,0
2477,9592,4,2023-07-07,Concluído,2,179
2478,4901,4,2023-01-10,Pendente,0,0
2479,9705,4,2023-11-28,Concluído,5,261
2480,6485,2,2023-11-16,Pendente,0,0
2481,2922,4,2023-09-21,Pendente,0,0
2482,2233,5,2023-11-07,Cancelado,0,0
2483,4364,3,2023-07-20,Cancelado,0,0
2484,4809,2,2023-08-28,Concluído,4,206
2485,8897,2,2023-12-24,Pendente,0,0
2486,1788,4,2023-03-13,Concluído,5,259
2487,9132,4,2023-06-30,Pendente,0,0
2488,4870,4,2023-07-26,Cancelado,0,0
2489,4706,2,2023-06-13,Pendente,0,0
2490,7894,5,2023-01-11,Concluído,7,279
2491,4346,3,2023-07-07,Concluído,3,202
2492,898,4,2023-11-11,Concluído,1,237
2493,8732,3,2023-02-12,Concluído,4,165
2494,6244,1,2023-08-27,Cancelado,0,0
2495,2806,3,2023-09-26,Pendente,0,0
2496,1237,5,2023-11-05,Concluído,7,151
2497,3800,3,2023-12-18,Concluído,2,239
2498,8354,4,2023-11-17,Pendente,0,0
2499,3237,4,2023-09-02,Concluído,2,284
2500,6390,2,2023-09-10,Pendente,0,0
2501,8392,5,2023-10-26,Cancelado,0,0
2502,556,1,2023-06-02,Cancelado,0,0
2503,3726,3,2023-11-03,Concluído,2,203
2504,2718,2,2023-09-07,Pendente,0,0
2505,7915,5,2023-09-24,Pendente,0,0
2506,8472,5,2023-08-25,Pendente,0,0
2507,5406,5,2023-04-24,Concluído,1,173
2508,886,4,2023-03-21,Pendente,0,0
2509,9015,4,2023-11-25,Cancelado,0,0
2510,8341,2,2023-05-15,Pendente,0,0
2511,7466,4,2023-07-01,Pendente,0,0
2512,75,3,2023-06-30,Cancelado,0,0
2513,9424,5,2023-11-10,Cancelado,0,0
2514,3156,5,2023-08-14,Concluído,3,250
2515,8364,2,2023-11-05,Pendente,0,0
2516,7701,1,2023-11-09,Concluído,4,226
2517,9331,2,2023-02-11,Cancelado,0,0
2518,2116,2,2023-11-25,Pendente,0,0
2519,9868,5,2023-07-25,Cancelado,0,0
2520,2621,4,2023-04-02,Concluído,3,186
2521,6649,5,2023-11-29,Pendente,0,0
2522,9074,4,2023-07-15,Cancelado,0,0
2523,7425,3,2023-11-01,Pendente,0,0
2524,7626,1,2023-12-30,Pendente,0,0
2525,5716,2,2023-10-20,Cancelado,0,0
2526,6089,5,2023-04-27,Cancelado,0,0
2527,7930,4,2023-06-20,Cancelado,0,0
2528,2116,1,2023-10-07,Concluído,1,254
2529,6706,2,2023-10-23,Pendente,0,0
2530,4581,2,2023-10-15,Concluído,6,162
2531,9308,2,2023-07-19,Cancelado,0,0
2532,8318,2,2023-12-24,Concluído,3,326
2533,3654,4,2023-07-30,Cancelado,0,0
2534,2572,1,2023-07-31,Cancelado,0,0
2535,5170,4,2023-12-15,Cancelado,0,0
2536,3838,5,2023-04-21,Concluído,1,330
2537,4216,3,2023-08-14,Cancelado,0,0
2538,7338,1,2023-01-25,Concluído,7,256
2539,3274,5,2023-01-05,Concluído,4,214
2540,5111,1,2023-06-01,Pendente,0,0
2541,1739,3,2023-03-21,Pendente,0,0
2542,3379,4,2023-07-11,Concluído,6,227
2543,4071,1,2023-06-28,Pendente,0,0
2544,4481,3,2023-10-23,Concluído,7,180
2545,9351,1,2023-11-12,Concluído,6,185
2546,7442,2,2023-05-10,Concluído,2,273
2547,4907,2,2023-01-21,Concluído,1,170
2548,9095,5,2023-05-03,Cancelado,0,0
2549,8648,2,2023-06-29,Cancelado,0,0
2550,6809,1,2023-07-30,Pendente,0,0
2551,4397,4,2023-08-28,Cancelado,0,0
2552,5303,1,2023-09-23,Cancelado,0,0
2553,1707,4,2023-09-12,Pendente,0,0
2554,9872,4,2023-04-11,Cancelado,0,0
2555,5985,2,2023-10-29,Concluído,1,328
2556,8449,1,2023-10-19,Pendente,0,0
2557,8707,5,2023-11-16,Concluído,1,261
2558,9344,4,2023-01-11,Concluído,6,270
2559,8804,1,2023-04-07,Concluído,6,213
2560,348,2,2023-04-05,Concluído,4,166
2561,2643,3,2023-10-08,Concluído,7,291
2562,6175,1,2023-08-08,Concluído,7,152
2563,9911,5,2023-02-28,Pendente,0,0
2564,3572,5,2023-07-02,Cancelado,0,0
2565,3126,3,2023-12-31,Pendente,0,0
2566,9002,4,2023-03-08,Cancelado,0,0
2567,6624,3,2023-05-07,Concluído,4,200
2568,9602,3,2023-01-03,Concluído,2,326
2569,3165,4,2023-06-04,Cancelado,0,0
2570,6516,4,2023-02-26,Pendente,0,0
2571,1584,5,2023-01-02,Cancelado,0,0
2572,3416,4,2023-10-13,Pendente,0,0
2573,2936,1,2023-12-15,Cancelado,0,0
2574,6134,4,2023-08-19,Cancelado,0,0
2575,1026,1,2023-11-01,Cancelado,0,0
2576,2207,5,2023-08-15,Concluído,3,284
2577,3468,1,2023-01-20,Concluído,3,180
2578,8838,2,2023-10-13,Cancelado,0,0
2579,5652,5,2023-09-03,Cancelado,0,0
2580,2998,3,2023-12-21,Pendente,0,0
2581,6631,5,2023-04-27,Concluído,4,150
2582,8986,4,2023-06-07,Concluído,3,203
2583,4028,4,2023-01-31,Cancelado,0,0
2584,4919,4,2023-07-25,Pendente,0,0
2585,3402,1,2023-03-16,Concluído,4,198
2586,2576,5,2023-07-04,Concluído,6,196
2587,5214,5,2023-06-06,Concluído,7,294
2588,6642,5,2023-03-08,Concluído,6,317
2589,4605,3,2023-06-09,Concluído,5,247
2590,1755,3,2023-02-27,Pendente,0,0
2591,3439,1,2023-05-20,Concluído,1,249
2592,7339,3,2023-04-29,Cancelado,0,0
2593,9455,5,2023-12-02,Cancelado,0,0
2594,8485,5,2023-04-17,Concluído,7,208
2595,7267,5,2023-01-26,Concluído,4,199
2596,9380,5,2023-08-17,Concluído,2,324
2597,7703,2,2023-08-04,Concluído,5,279
2598,6083,5,2023-07-12,Cancelado,0,0
2599,9297,1,2023-02-08,Cancelado,0,0
2600,6446,3,2023-11-17,Concluído,2,158
2601,4680,1,2023-01-25,Concluído,5,247
2602,9666,4,2023-06-30,Concluído,4,344
2603,2834,1,2023-01-10,Concluído,1,349
2604,5771,2,2023-03-05,Concluído,1,150
2605,5494,2,2023-03-28,Cancelado,0,0
2606,4220,3,2023-08-13,Pendente,0,0
2607,6357,5,2023-08-03,Concluído,6,331
2608,6975,1,2023-05-17,Pendente,0,0
2609,3468,3,2023-04-19,Pendente,0,0
2610,3761,4,2023-07-04,Cancelado,0,0
2611,3638,5,2023-01-20,Pendente,0,0
2612,3508,2,2023-11-19,Cancelado,0,0
2613,8936,3,2023-06-07,Concluído,1,169
2614,4847,2,2023-08-06,Concluído,1,168
2615,7723,4,2023-09-21,Concluído,1,173
2616,9263,5,2023-02-23,Cancelado,0,0
2617,4480,1,2023-10-21,Cancelado,0,0
2618,5016,3,2023-04-05,Pendente,0,0
2619,795,2,2023-10-12,Pendente,0,0
2620,378,2,2023-07-22,Cancelado,0,0
2621,1581,5,2023-04-09,Pendente,0,0
2622,9101,3,2023-01-08,Cancelado,0,0
2623,3529,3,2023-12-27,Pendente,0,0
2624,6978,4,2023-08-02,Pendente,0,0
2625,2977,2,2023-06-23,Pendente,0,0
2626,7481,2,2023-01-22,Concluído,1,259
2627,9744,4,2023-07-15,Pendente,0,0
2628,3370,4,2023-08-27,Cancelado,0,0
2629,4644,3,2023-07-11,Cancelado,0,0
2630,2890,4,2023-06-13,Concluído,6,347
2631,4374,3,2023-07-06,Cancelado,0,0
2632,2806,4,2023-04-11,Pendente,0,0
2633,2680,3,2023-04-07,Cancelado,0,0
2634,6844,5,2023-12-13,Cancelado,0,0
2635,6397,3,2023-09-12,Concluído,4,272
2636,8492,4,2023-09-02,Concluído,6,346
2637,816,1,2023-12-31,Pendente,0,0
2638,818,3,2023-08-15,Pendente,0,0
2639,2994,4,2023-02-08,Cancelado,0,0
2640,6970,2,2023-03-08,Concluído,4,334
2641,3065,4,2023-10-14,Concluído,1,209
2642,9693,4,2023-11-04,Cancelado,0,0
2643,3273,1,2023-02-02,Cancelado,0,0
2644,4190,3,2023-06-29,Concluído,2,336
2645,5182,3,2023-12-08,Cancelado,0,0
2646,6320,5,2023-02-09,Pendente,0,0
2647,371,5,2023-01-14,Cancelado,0,0
2648,5271,1,2023-02-04,Concluído,3,308
2649,2029,1,2023-08-27,Concluído,1,205
2650,4232,5,2023-08-26,Pendente,0,0
2651,6602,3,2023-08-27,Pendente,0,0
2652,3870,4,2023-11-18,Pendente,0,0
2653,4706,1,2023-05-24,Concluído,3,272
2654,7137,2,2023-08-05,Cancelado,0,0
2655,2685,5,2023-06-30,Pendente,0,0
2656,6842,3,2023-09-02,Pendente,0,0
2657,3550,2,2023-10-21,Concluído,3,167
2658,1794,5,2023-06-30,Concluído,3,153
2659,9421,5,2023-02-05,Pendente,0,0
2660,4406,4,2023-07-30,Pendente,0,0
2661,3482,5,2023-06-15,Cancelado,0,0
2662,7557,1,2023-03-11,Cancelado,0,0
2663,5242,5,2023-07-26,Concluído,3,264
2664,203,4,2023-04-25,Pendente,0,0
2665,3522,2,2023-12-20,Concluído,5,247
2666,6405,5,2023-06-05,Pendente,0,0
2667,5123,2,2023-08-01,Cancelado,0,0
2668,9333,3,2023-09-02,Cancelado,0,0
2669,9030,2,2023-01-15,Cancelado,0,0
2670,3816,5,2023-12-01,Cancelado,0,0
2671,5695,2,2023-12-01,Cancelado,0,0
2672,5878,3,2023-07-01,Cancelado,0,0
2673,2284,2,2023-11-13,Pendente,0,0
2674,8432,1,2023-12-23,Cancelado,0,0
2675,3482,2,2023-01-03,Concluído,6,164
2676,6974,5,2023-03-30,Pendente,0,0
2677,663,4,2023-02-08,Cancelado,0,0
2678,2527,2,2023-10-15,Pendente,0,0
2679,1380,1,2023-07-09,Cancelado,0,0
2680,2616,1,2023-07-30,Pendente,0,0
2681,8386,1,2023-08-05,Concluído,2,250
2682,7000,5,2023-12-06,Pendente,0,0
2683,4242,4,2023-06-23,Concluído,7,220
2684,4596,1,2023-10-22,Concluído,7,204
2685,2353,2,2023-05-25,Pendente,0,0
2686,5836,5,2023-09-25,Concluído,6,219
2687,8136,4,2023-02-17,Concluído,5,177
2688,7969,1,2023-06-09,Cancelado,0,0
2689,1933,3,2023-02-15,Pendente,0,0
2690,2996,2,2023-12-31,Concluído,5,156
2691,5982,5,2023-01-23,Concluído,1,325
2692,2734,3,2023-08-31,Concluído,3,340
2693,609,3,2023-10-13,Cancelado,0,0
2694,4634,4,2023-01-06,Cancelado,0,0
2695,5798,2,2023-10-21,Concluído,5,340
2696,6568,4,2023-11-08,Cancelado,0,0
2697,8501,4,2023-12-21,Concluído,3,166
2698,7494,1,2023-06-24,Cancelado,0,0
2699,8237,1,2023-11-25,Cancelado,0,0
2700,1378,2,2023-02-15,Pendente,0,0
2701,2977,4,2023-07-08,Concluído,4,296
2702,8740,4,2023-04-04,Pendente,0,0
2703,2936,4,2023-04-16,Cancelado,0,0
2704,836,5,2023-04-15,Cancelado,0,0
2705,9309,2,2023-08-23,Concluído,7,282
2706,2698,5,2023-11-19,Cancelado,0,0
2707,7979,2,2023-10-23,Cancelado,0,0
2708,7503,3,2023-07-01,Pendente,0,0
2709,9689,4,2023-09-16,Cancelado,0,0
2710,62,4,2023-07-11,Cancelado,0,0
2711,7074,1,2023-08-05,Cancelado,0,0
2712,6352,4,2023-03-11,Pendente,0,0
2713,2150,1,2023-02-28,Concluído,2,192
2714,981,5,2023-11-12,Cancelado,0,0
2715,1333,1,2023-03-14,Cancelado,0,0
2716,1893,4,2023-04-17,Cancelado,0,0
2717,7885,3,2023-08-12,Concluído,5,347
2718,8889,3,2023-10-20,Concluído,4,331
2719,5073,3,2023-10-10,Concluído,6,188
2720,3176,4,2023-07-07,Cancelado,0,0
2721,3963,3,2023-11-22,Concluído,1,227
2722,5106,5,2023-05-04,Cancelado,0,0
2723,2442,5,2023-11-14,Pendente,0,0
2724,6703,2,2023-01-10,Cancelado,0,0
2725,7691,1,2023-05-16,Cancelado,0,0
2726,1022,3,2023-03-19,Cancelado,0,0
2727,5462,5,2023-04-23,Pendente,0,0
2728,2149,1,2023-03-31,Pendente,0,0
2729,7242,2,2023-12-03,Pendente,0,0
2730,7836,5,2023-05-08,Concluído,4,211
2731,9274,3,2023-01-14,Concluído,3,306
2732,1815,3,2023-05-05,Pendente,0,0
2733,5862,1,2023-08-17,Concluído,2,208
2734,9171,5,2023-06-12,Concluído,4,211
2735,764,3,2023-05-24,Concluído,1,330
2736,6579,4,2023-06-01,Pendente,0,0
2737,4860,3,2023-01-30,Concluído,7,227
2738,2101,5,2023-02-05,Cancelado,0,0
2739,4127,1,2023-07-15,Concluído,7,324
2740,3334,2,2023-08-09,Cancelado,0,0
2741,3220,5,2023-10-18,Concluído,4,293
2742,1634,1,2023-08-12,Concluído,7,292
2743,1190,3,2023-03-16,Cancelado,0,0
2744,1417,3,2023-05-21,Pendente,0,0
2745,4148,4,2023-11-24,Pendente,0,0
2746,9512,2,2023-11-17,Pendente,0,0
2747,337,3,2023-02-02,Pendente,0,0
2748,1574,3,2023-10-21,Pendente,0,0
2749,4862,1,2023-10-13,Cancelado,0,0
2750,3018,5,2023-10-14,Cancelado,0,0
2751,3716,3,2023-05-21,Cancelado,0,0
2752,5201,2,2023-07-25,Cancelado,0,0
2753,2610,2,2023-10-26,Concluído,3,322
2754,6007,5,2023-07-14,Concluído,6,306
2755,3107,3,2023-06-05,Concluído,3,174
2756,4965,4,2023-05-06,Pendente,0,0
2757,6451,3,2023-01-22,Concluído,1,341
2758,8263,2,2023-07-25,Concluído,4,159
2759,5769,3,2023-01-25,Concluído,4,269
2760,6099,2,2023-02-25,Cancelado,0,0
2761,9630,4,2023-07-28,Concluído,2,232
2762,3867,3,2023-11-08,Cancelado,0,0
2763,7410,1,2023-07-22,Cancelado,0,0
2764,8398,4,2023-07-14,Pendente,0,0
2765,8336,5,2023-03-07,Pendente,0,0
2766,4551,5,2023-02-23,Pendente,0,0
2767,5649,5,2023-06-07,Cancelado,0,0
2768,5487,4,2023-09-14,Concluído,1,344
2769,8634,2,2023-09-26,Pendente,0,0
2770,9267,2,2023-11-30,Cancelado,0,0
2771,8989,4,2023-07-23,Cancelado,0,0
2772,2455,2,2023-11-07,Pendente,0,0
2773,9479,3,2023-11-16,Concluído,5,332
2774,4818,5,2023-12-30,Cancelado,0,0
2775,2750,3,2023-02-05,Concluído,2,228
2776,3715,1,2023-06-20,Concluído,4,233
2777,27,5,2023-05-28,Pendente,0,0
2778,3464,5,2023-11-01,Concluído,2,278
2779,648,1,2023-10-23,Cancelado,0,0
2780,4520,4,2023-11-01,Concluído,4,171
2781,6724,4,2023-03-27,Concluído,4,205
2782,1559,1,2023-04-06,Pendente,0,0
2783,9685,2,2023-11-16,Pendente,0,0
2784,6810,2,2023-02-17,Cancelado,0,0
2785,1159,4,2023-08-07,Concluído,5,313
2786,1036,5,2023-12-21,Concluído,6,225
2787,2219,3,2023-08-12,Concluído,3,178
2788,8039,3,2023-09-07,Cancelado,0,0
2789,6827,2,2023-05-15,Pendente,0,0
2790,8656,3,2023-12-06,Cancelado,0,0
2791,3447,4,2023-08-19,Concluído,7,192
2792,4292,5,2023-03-20,Concluído,6,319
2793,5782,3,2023-03-13,Pendente,0,0
2794,1807,4,2023-10-29,Pendente,0,0
2795,3651,5,2023-06-07,Cancelado,0,0
2796,3316,1,2023-10-23,Pendente,0,0
2797,276,2,2023-09-02,Pendente,0,0
2798,2882,5,2023-12-17,Concluído,4,258
2799,618,4,2023-11-03,Cancelado,0,0
2800,5029,2,2023-02-21,Cancelado,0,0
2801,7359,3,2023-07-01,Cancelado,0,0
2802,3171,3,2023-03-04,Cancelado,0,0
2803,5772,5,2023-12-17,Concluído,5,229
2804,9630,5,2023-04-12,Pendente,0,0
2805,4337,1,2023-10-21,Concluído,1,216
2806,4296,4,2023-09-02,Concluído,4,306
2807,5729,1,2023-06-25,Pendente,0,0
2808,6937,1,2023-12-17,Cancelado,0,0
2809,7604,5,2023-01-13,Cancelado,0,0
2810,1366,3,2023-03-01,Cancelado,0,0
2811,8480,4,2023-02-08,Cancelado,0,0
2812,8263,5,2023-05-03,Cancelado,0,0
2813,7918,4,2023-11-12,Concluído,5,170
2814,5919,5,2023-03-27,Cancelado,0,0
2815,1703,4,2023-10-08,Cancelado,0,0
2816,5786,3,2023-12-12,Cancelado,0,0
2817,9406,1,2023-10-21,Concluído,6,195
2818,9315,3,2023-08-02,Pendente,0,0
2819,4799,1,2023-02-06,Cancelado,0,0
2820,778,1,2023-01-02,Cancelado,0,0
2821,597,2,2023-02-20,Pendente,0,0
2822,3803,5,2023-05-20,Concluído,7,210
2823,2108,1,2023-01-09,Pendente,0,0
2824,8594,4,2023-01-25,Cancelado,0,0
2825,1874,5,2023-07-17,Concluído,7,323
2826,1744,3,2023-09-07,Concluído,2,312
2827,8906,2,2023-09-17,Concluído,4,292
2828,7415,2,2023-10-14,Concluído,3,323
2829,4702,5,2023-02-27,Concluído,2,239
2830,2091,5,2023-10-26,Cancelado,0,0
2831,8581,4,2023-10-13,Cancelado,0,0
2832,8105,2,2023-10-28,Cancelado,0,0
2833,491,1,2023-01-24,Concluído,1,217
2834,8971,5,2023-02-11,Cancelado,0,0
2835,2079,2,2023-07-01,Pendente,0,0
2836,755,3,2023-02-27,Pendente,0,0
2837,4951,2,2023-04-08,Pendente,0,0
2838,6271,3,2023-03-16,Cancelado,0,0
2839,4478,3,2023-11-03,Concluído,4,173
2840,5902,4,2023-06-11,Cancelado,0,0
2841,5418,3,2023-05-30,Pendente,0,0
2842,5266,4,2023-12-23,Concluído,3,174
2843,2606,2,2023-04-20,Concluído,5,216
2844,3199,5,2023-12-04,Cancelado,0,0
2845,5506,4,2023-09-30,Pendente,0,0
2846,5240,4,2023-03-13,Cancelado,0,0
2847,5557,2,2023-06-07,Concluído,7,268
2848,975,3,2023-11-30,Concluído,2,237
2849,8663,4,2023-02-16,Cancelado,0,0
2850,3335,3,2023-08-17,Cancelado,0,0
2851,3170,2,2023-04-15,Cancelado,0,0
2852,9111,2,2023-04-01,Concluído,4,287
2853,8920,2,2023-06-07,Concluído,5,160
2854,4175,4,2023-08-08,Concluído,5,249
2855,2358,1,2023-12-05,Pendente,0,0
2856,9128,1,2023-05-29,Concluído,3,345
2857,8735,2,2023-12-10,Concluído,2,318
2858,7858,1,2023-05-01,Concluído,5,212
2859,6830,4,2023-07-03,Pendente,0,0
2860,531,2,2023-09-01,Cancelado,0,0
2861,8139,2,2023-08-15,Concluído,7,237
2862,2415,5,2023-01-22,Pendente,0,0
2863,4041,4,2023-04-11,Pendente,0,0
2864,2483,5,2023-04-17,Pendente,0,0
2865,3887,5,2023-05-14,Concluído,7,350
2866,795,2,2023-11-06,Cancelado,0,0
2867,898,4,2023-05-22,Pendente,0,0
2868,1199,4,2023-05-10,Cancelado,0,0
2869,8074,4,2023-02-22,Cancelado,0,0
2870,3688,3,2023-09-19,Pendente,0,0
2871,9814,2,2023-03-22,Concluído,6,337
2872,9790,2,2023-08-02,Concluído,7,228
2873,8477,5,2023-11-22,Concluído,1,162
2874,6019,1,2023-08-21,Cancelado,0,0
2875,1861,1,2023-08-12,Cancelado,0,0
2876,3307,1,2023-05-20,Cancelado,0,0
2877,1553,2,2023-07-27,Pendente,0,0
2878,9744,3,2023-06-05,Concluído,5,336
2879,7058,4,2023-03-24,Cancelado,0,0
2880,6060,5,2023-03-13,Cancelado,0,0
2881,1016,1,2023-12-07,Cancelado,0,0
2882,3066,2,2023-05-27,Concluído,3,198
2883,8705,4,2023-07-26,Cancelado,0,0
2884,1873,2,2023-09-01,Pendente,0,0
2885,4277,4,2023-09-23,Pendente,0,0
2886,2321,2,2023-06-24,Pendente,0,0
2887,2114,5,2023-01-20,Concluído,4,157
2888,3862,4,2023-06-18,Pendente,0,0
2889,2466,1,2023-03-13,Concluído,7,280
2890,3229,5,2023-09-19,Cancelado,0,0
2891,8098,2,2023-01-03,Concluído,1,346
2892,9885,4,2023-03-08,Cancelado,0,0
2893,2538,2,2023-06-12,Pendente,0,0
2894,7406,4,2023-02-26,Pendente,0,0
2895,6259,1,2023-02-28,Cancelado,0,0
2896,9395,4,2023-07-13,Cancelado,0,0
2897,391,4,2023-04-18,Cancelado,0,0
2898,7517,4,2023-07-19,Cancelado,0,0
2899,5304,2,2023-03-11,Pendente,0,0
2900,8258,4,2023-07-02,Concluído,7,280
2901,2906,2,2023-07-12,Concluído,6,150
2902,2432,4,2023-05-23,Concluído,7,288
2903,234,4,2023-05-23,Cancelado,0,0
2904,1351,4,2023-09-07,Concluído,7,151
2905,3601,1,2023-10-09,Concluído,3,220
2906,6790,3,2023-10-29,Cancelado,0,0
2907,4241,4,2023-11-09,Pendente,0,0
2908,3545,2,2023-03-04,Cancelado,0,0
2909,9539,3,2023-01-08,Cancelado,0,0
2910,1970,5,2023-01-07,Cancelado,0,0
2911,9681,3,2023-08-08,Cancelado,0,0
2912,2447,2,2023-09-29,Pendente,0,0
2913,661,4,2023-09-10,Pendente,0,0
2914,9359,1,2023-05-13,Concluído,7,320
2915,7211,4,2023-07-30,Cancelado,0,0
2916,779,1,2023-02-17,Cancelado,0,0
2917,3224,5,2023-02-01,Concluído,4,295
2918,5669,1,2023-02-01,Cancelado,0,0
2919,9906,5,2023-07-20,Concluído,4,161
2920,6171,3,2023-06-27,Concluído,4,344
2921,9736,1,2023-01-29,Pendente,0,0
2922,7618,2,2023-01-05,Cancelado,0,0
2923,3441,5,2023-03-18,Pendente,0,0
2924,3320,4,2023-09-10,Concluído,6,292
2925,6191,3,2023-04-30,Concluído,4,178
2926,6953,1,2023-02-23,Pendente,0,0
2927,6729,4,2023-01-15,Pendente,0,0
2928,8620,2,2023-03-18,Pendente,0,0
2929,4974,1,2023-01-02,Concluído,4,198
2930,8178,3,2023-05-04,Pendente,0,0
2931,9782,3,2023-04-24,Concluído,4,196
2932,7172,3,2023-01-15,Pendente,0,0
2933,7989,3,2023-01-05,Pendente,0,0
2934,5366,4,2023-04-25,Concluído,2,317
2935,2098,1,2023-10-10,Cancelado,0,0
2936,1336,3,2023-05-13,Cancelado,0,0
2937,9852,5,2023-11-06,Pendente,0,0
2938,3313,5,2023-08-26,Cancelado,0,0
2939,4490,5,2023-01-13,Concluído,3,260
2940,2369,1,2023-04-06,Pendente,0,0
2941,9173,1,2023-10-18,Concluído,7,261
2942,4077,4,2023-02-27,Concluído,2,231
2943,9195,4,2023-04-22,Pendente,0,0
2944,9643,3,2023-11-27,Cancelado,0,0
2945,7283,4,2023-10-27,Cancelado,0,0
2946,8990,2,2023-04-27,Cancelado,0,0
2947,1531,2,2023-03-28,Concluído,4,285
2948,2057,5,2023-09-23,Concluído,6,291
2949,3590,1,2023-03-14,Pendente,0,0
2950,1170,3,2023-05-25,Pendente,0,0
2951,1939,3,2023-09-12,Cancelado,0,0
2952,7218,5,2023-10-27,Concluído,7,315
2953,3824,3,2023-12-07,Concluído,6,158
2954,1631,2,2023-07-21,Cancelado,0,0
2955,6108,1,2023-07-13,Pendente,0,0
2956,4430,5,2023-05-14,Cancelado,0,0
2957,3325,2,2023-02-02,Cancelado,0,0
2958,8517,3,2023-10-26,Concluído,7,155
2959,4646,3,2023-10-29,Pendente,0,0
2960,2170,2,2023-07-19,Pendente,0,0
2961,2992,4,2023-08-07,Pendente,0,0
2962,9135,4,2023-11-17,Cancelado,0,0
2963,7636,3,2023-06-23,Pendente,0,0
2964,9034,3,2023-07-25,Pendente,0,0
2965,3942,5,2023-04-13,Pendente,0,0
2966,2380,5,2023-04-04,Cancelado,0,0
2967,2634,3,2023-02-10,Cancelado,0,0
2968,4158,1,2023-05-09,Pendente,0,0
2969,9443,1,2023-06-12,Concluído,4,296
2970,8251,4,2023-03-18,Concluído,2,271
2971,3375,1,2023-04-06,Pendente,0,0
2972,791,3,2023-06-11,Pendente,0,0
2973,8072,1,2023-04-28,Pendente,0,0
2974,9556,1,2023-04-19,Cancelado,0,0
2975,2463,2,2024-01-01,Cancelado,0,0
2976,5815,4,2023-08-23,Concluído,3,298
2977,534,4,2023-03-19,Cancelado,0,0
2978,3213,3,2023-02-28,Pendente,0,0
2979,510,2,2023-02-08,Concluído,7,266
2980,2300,2,2023-09-15,Concluído,6,167
2981,2659,3,2023-12-31,Concluído,5,188
2982,8194,5,2023-10-25,Pendente,0,0
2983,9653,3,2023-12-10,Concluído,2,163
2984,6175,1,2023-09-08,Concluído,1,229
2985,9149,5,2023-08-02,Concluído,4,289
2986,9434,1,2023-02-09,Concluído,2,181
2987,4776,5,2023-08-27,Pendente,0,0
2988,3099,3,2023-04-22,Concluído,3,280
2989,3479,1,2023-08-26,Concluído,2,208
2990,46,1,2023-01-22,Pendente,0,0
2991,6307,5,2023-08-12,Pendente,0,0
2992,1921,3,2023-07-29,Cancelado,0,0
2993,2376,1,2023-05-14,Cancelado,0,0
2994,8373,5,2023-01-16,Cancelado,0,0
2995,4263,1,2023-11-09,Pendente,0,0
2996,8343,3,2023-12-28,Concluído,1,199
2997,5713,5,2023-08-15,Pendente,0,0
2998,8800,2,2023-12-18,Concluído,7,303
2999,1551,1,2023-04-09,Cancelado,0,0
3000,554,5,2023-04-04,Concluído,3,336
3001,7876,3,2023-07-06,Pendente,0,0
3002,7935,1,2023-09-03,Pendente,0,0
3003,2144,1,2023-02-10,Pendente,0,0
3004,7302,1,2023-11-22,Cancelado,0,0
3005,6769,5,2023-09-23,Cancelado,0,0
3006,4848,1,2023-12-06,Concluído,4,163
3007,695,5,2023-06-02,Concluído,3,278
3008,2357,2,2023-02-20,Cancelado,0,0
3009,2185,1,2023-09-18,Cancelado,0,0
3010,2422,5,2023-05-07,Pendente,0,0
3011,5599,1,2023-10-03,Concluído,5,237
3012,7239,4,2023-06-07,Cancelado,0,0
3013,8196,1,2023-04-24,Concluído,4,263
3014,5220,1,2023-06-23,Cancelado,0,0
3015,7021,5,2023-08-22,Pendente,0,0
3016,3631,4,2023-06-14,Concluído,6,157
3017,8263,5,2023-06-25,Cancelado,0,0
3018,2072,2,2023-11-15,Pendente,0,0
3019,225,5,2023-07-08,Concluído,4,345
3020,6268,1,2023-02-11,Pendente,0,0
3021,3250,3,2023-03-24,Pendente,0,0
3022,4031,3,2023-06-15,Concluído,7,311
3023,7923,4,2023-04-14,Concluído,1,199
3024,5450,4,2023-12-08,Pendente,0,0
3025,5745,3,2023-06-11,Cancelado,0,0
3026,3589,5,2023-06-22,Pendente,0,0
3027,2919,5,2023-02-24,Concluído,6,216
3028,6695,2,2023-10-06,Concluído,6,248
3029,7130,4,2023-02-09,Pendente,0,0
3030,4096,1,2023-07-08,Concluído,4,330
3031,6874,2,2023-10-22,Concluído,5,211
3032,7951,5,2023-06-05,Concluído,5,253
3033,1636,4,2023-02-09,Cancelado,0,0
3034,4318,2,2023-03-29,Cancelado,0,0
3035,5572,3,2023-10-06,Cancelado,0,0
3036,6003,4,2023-01-18,Concluído,3,183
3037,9910,2,2023-03-25,Pendente,0,0
3038,7787,2,2023-03-22,Cancelado,0,0
3039,7962,1,2023-05-20,Cancelado,0,0
3040,8082,4,2023-11-27,Cancelado,0,0
3041,720,5,2023-08-16,Pendente,0,0
3042,4083,2,2023-09-06,Cancelado,0,0
3043,7687,4,2023-09-14,Cancelado,0,0
3044,6381,1,2023-05-21,Cancelado,0,0
3045,1685,2,2023-03-17,Concluído,1,219
3046,9953,2,2023-12-09,Pendente,0,0
3047,6747,1,2023-10-14,Pendente,0,0
3048,4915,3,2023-06-20,Concluído,4,227
3049,8943,4,2023-09-01,Concluído,4,248
3050,4936,2,2023-03-19,Pendente,0,0
3051,4132,2,2023-03-25,Pendente,0,0
3052,317,3,2023-10-07,Cancelado,0,0
3053,1628,5,2023-05-26,Pendente,0,0
3054,4514,4,2023-09-10,Concluído,5,265
3055,3088,1,2023-02-22,Concluído,3,308
3056,7849,5,2023-04-07,Cancelado,0,0
3057,6761,2,2023-04-16,Pendente,0,0
3058,5447,1,2023-05-27,Concluído,1,336
3059,9088,4,2023-08-24,Concluído,7,298
3060,3348,3,2023-11-26,Cancelado,0,0
3061,6242,3,2023-08-14,Cancelado,0,0
3062,55,3,2023-11-20,Concluído,1,208
3063,7038,1,2023-05-14,Cancelado,0,0
3064,1305,2,2023-03-13,Concluído,7,281
3065,8462,3,2023-09-04,Pendente,0,0
3066,7108,5,2023-05-17,Cancelado,0,0
3067,4839,3,2023-08-24,Pendente,0,0
3068,1213,1,2023-04-25,Cancelado,0,0
3069,8876,2,2023-03-29,Concluído,3,281
3070,9028,3,2023-12-19,Concluído,5,238
3071,2214,1,2023-02-11,Pendente,0,0
3072,2490,2,2023-06-12,Cancelado,0,0
3073,335,3,2023-06-28,Cancelado,0,0
3074,4986,2,2023-11-11,Pendente,0,0
3075,7606,1,2023-05-05,Cancelado,0,0
3076,4285,3,2023-08-09,Cancelado,0,0
3077,146,1,2023-09-15,Cancelado,0,0
3078,277,1,2023-07-27,Concluído,7,262
3079,1159,2,2023-01-09,Concluído,7,256
3080,9251,2,2023-03-26,Cancelado,0,0
3081,669,4,2023-02-12,Pendente,0,0
3082,2300,5,2023-10-05,Pendente,0,0
3083,9683,5,2023-07-20,Pendente,0,0
3084,711,1,2023-01-20,Concluído,3,203
3085,5948,4,2023-07-23,Cancelado,0,0
3086,8249,4,2023-09-16,Cancelado,0,0
3087,5762,3,2023-06-27,Pendente,0,0
3088,9886,3,2023-12-24,Pendente,0,0
3089,2568,1,2023-03-28,Cancelado,0,0
3090,8049,5,2023-01-05,Concluído,7,327
3091,7264,2,2023-02-03,Concluído,3,151
3092,1932,1,2023-03-14,Concluído,6,218
3093,9387,2,2023-02-05,Concluído,7,300
3094,3556,1,2023-03-02,Pendente,0,0
3095,3128,3,2023-05-13,Pendente,0,0
3096,6490,3,2023-07-19,Concluído,5,278
3097,8690,3,2023-06-07,Cancelado,0,0
3098,9454,3,2023-08-23,Cancelado,0,0
3099,4190,1,2023-03-13,Pendente,0,0
3100,1770,2,2023-07-07,Cancelado,0,0
3101,1542,2,2023-10-16,Pendente,0,0
3102,4682,5,2023-11-18,Cancelado,0,0
3103,9030,2,2023-03-05,Concluído,7,299
3104,7047,3,2023-11-18,Pendente,0,0
3105,6313,1,2023-11-22,Pendente,0,0
3106,5794,3,2023-12-01,Concluído,4,285
3107,630,1,2023-01-23,Pendente,0,0
3108,4122,4,2023-09-03,Pendente,0,0
3109,1263,2,2023-09-07,Pendente,0,0
3110,5475,2,2023-09-24,Concluído,7,219
3111,4242,5,2023-04-16,Pendente,0,0
3112,5551,1,2023-12-15,Cancelado,0,0
3113,1355,3,2023-03-24,Concluído,1,213
3114,9565,5,2023-12-26,Cancelado,0,0
3115,35,5,2023-03-25,Concluído,4,265
3116,7940,1,2023-09-17,Pendente,0,0
3117,1047,2,2023-05-16,Concluído,6,341
3118,877,2,2023-06-09,Cancelado,0,0
3119,1754,1,2023-05-17,Cancelado,0,0
3120,6541,3,2023-05-12,Concluído,6,248
3121,5369,3,2023-04-17,Pendente,0,0
3122,9779,3,2023-07-13,Cancelado,0,0
3123,4132,3,2023-04-17,Cancelado,0,0
3124,4494,5,2023-05-28,Pendente,0,0
3125,8198,1,2023-09-15,Pendente,0,0
3126,5820,1,2023-09-29,Cancelado,0,0
3127,7107,2,2023-02-28,Concluído,1,300
3128,2777,4,2023-07-21,Pendente,0,0
3129,2113,1,2023-03-27,Cancelado,0,0
3130,8548,4,2023-06-13,Cancelado,0,0
3131,5864,2,2023-02-01,Cancelado,0,0
3132,2129,4,2023-09-21,Concluído,6,184
3133,2267,5,2023-08-17,Cancelado,0,0
3134,1177,1,2023-12-10,Concluído,3,249
3135,124,4,2023-07-07,Cancelado,0,0
3136,3733,4,2023-12-27,Cancelado,0,0
3137,4331,3,2023-07-11,Concluído,3,207
3138,6604,5,2023-05-14,Pendente,0,0
3139,8195,5,2023-02-12,Pendente,0,0
3140,3638,4,2023-02-26,Concluído,7,304
3141,6163,2,2023-11-13,Concluído,4,191
3142,4297,4,2023-05-07,Cancelado,0,0
3143,2192,4,2023-04-23,Cancelado,0,0
3144,422,5,2023-11-14,Cancelado,0,0
3145,1505,1,2023-07-17,Cancelado,0,0
3146,5942,4,2023-01-21,Cancelado,0,0
3147,2390,5,2023-06-06,Cancelado,0,0
3148,3715,4,2023-12-09,Concluído,6,333
3149,3582,1,2023-04-27,Pendente,0,0
3150,8783,3,2023-02-06,Cancelado,0,0
3151,1119,2,2023-12-14,Cancelado,0,0
3152,789,4,2023-12-08,Concluído,2,241
3153,7793,4,2023-07-13,Concluído,6,226
3154,5156,3,2023-06-05,Concluído,5,251
3155,7288,5,2023-06-05,Cancelado,0,0
3156,3197,4,2023-10-21,Concluído,3,290
3157,7074,4,2023-03-17,Cancelado,0,0
3158,9929,5,2023-08-02,Pendente,0,0
3159,7597,1,2023-02-09,Cancelado,0,0
3160,1894,4,2023-11-14,Pendente,0,0
3161,8705,2,2023-12-22,Pendente,0,0
3162,6137,2,2023-05-22,Cancelado,0,0
3163,8026,4,2023-04-11,Pendente,0,0
3164,5965,1,2023-08-15,Concluído,7,216
3165,6292,3,2023-03-28,Concluído,6,238
3166,2379,4,2023-04-04,Concluído,5,310
3167,3025,5,2023-08-24,Cancelado,0,0
3168,5496,2,2023-12-04,Pendente,0,0
3169,4914,5,2023-05-05,Concluído,3,338
3170,3880,5,2023-07-03,Pendente,0,0
3171,2742,3,2023-10-18,Concluído,6,185
3172,6549,1,2023-04-05,Cancelado,0,0
3173,4068,5,2023-06-20,Pendente,0,0
3174,2077,3,2023-02-27,Pendente,0,0
3175,8821,3,2023-04-05,Cancelado,0,0
3176,6197,4,2023-04-09,Pendente,0,0
3177,5715,3,2023-03-21,Concluído,5,201
3178,2961,1,2023-03-24,Concluído,6,200
3179,1211,2,2023-01-06,Pendente,0,0
3180,495,3,2023-10-05,Pendente,0,0
3181,8648,3,2023-12-14,Pendente,0,0
3182,3852,1,2023-06-20,Pendente,0,0
3183,4180,3,2023-05-24,Pendente,0,0
3184,6681,2,2023-07-02,Pendente,0,0
3185,403,5,2023-03-08,Pendente,0,0
3186,9700,3,2023-10-06,Pendente,0,0
3187,9742,3,2023-09-26,Pendente,0,0
3188,9173,3,2023-07-18,Concluído,2,172
3189,3482,3,2023-09-08,Pendente,0,0
3190,5368,3,2023-01-15,Concluído,3,339
3191,2793,1,2023-11-04,Cancelado,0,0
3192,8026,2,2023-06-20,Concluído,3,231
3193,63,3,2023-02-15,Concluído,4,216
3194,6176,4,2023-09-18,Pendente,0,0
3195,8692,2,2023-11-16,Cancelado,0,0
3196,6283,4,2023-10-08,Concluído,6,282
3197,1407,4,2023-10-08,Cancelado,0,0
3198,2414,1,2023-04-14,Pendente,0,0
3199,4408,5,2023-02-22,Concluído,5,221
3200,6811,3,2023-10-06,Pendente,0,0
3201,4164,3,2023-04-21,Concluído,1,289
3202,9779,3,2023-05-01,Cancelado,0,0
3203,4441,5,2023-03-11,Concluído,7,152
3204,1234,4,2023-11-19,Cancelado,0,0
3205,4450,1,2023-10-04,Concluído,5,150
3206,5888,1,2023-06-02,Concluído,3,256
3207,6046,3,2023-08-18,Pendente,0,0
3208,3777,4,2023-06-01,Cancelado,0,0
3209,9526,5,2023-03-20,Pendente,0,0
3210,7349,5,2023-03-09,Concluído,6,245
3211,2804,2,2023-12-20,Concluído,5,249
3212,8121,1,2023-03-11,Pendente,0,0
3213,2748,3,2023-04-22,Pendente,0,0
3214,5667,1,2023-02-27,Cancelado,0,0
3215,5884,4,2023-06-15,Cancelado,0,0
3216,6146,2,2023-07-30,Pendente,0,0
3217,7120,5,2023-08-25,Concluído,1,210
3218,6700,1,2023-03-06,Concluído,5,289
3219,3435,2,2023-05-06,Concluído,7,214
3220,2995,5,2023-07-03,Cancelado,0,0
3221,223,3,2023-07-26,Cancelado,0,0
3222,2422,4,2023-01-16,Pendente,0,0
3223,6527,5,2023-07-26,Pendente,0,0
3224,2914,3,2023-09-16,Cancelado,0,0
3225,6960,3,2023-11-26,Cancelado,0,0
3226,9893,1,2023-05-05,Pendente,0,0
3227,5503,5,2023-03-21,Pendente,0,0
3228,7513,3,2023-04-04,Cancelado,0,0
3229,5153,2,2023-01-08,Concluído,7,309
3230,2680,5,2023-04-13,Pendente,0,0
3231,9179,5,2023-04-08,Cancelado,0,0
3232,4182,1,2023-11-29,Concluído,1,336
3233,4522,3,2023-03-21,Concluído,7,272
3234,8485,5,2023-03-07,Pendente,0,0
3235,544,4,2023-02-22,Concluído,4,158
3236,2664,5,2023-11-25,Cancelado,0,0
3237,3217,2,2023-02-19,Cancelado,0,0
3238,3734,3,2023-06-10,Cancelado,0,0
3239,9150,3,2023-03-19,Pendente,0,0
3240,5992,5,2023-09-12,Concluído,2,216
3241,8972,3,2023-07-28,Pendente,0,0
3242,1194,2,2023-04-18,Concluído,5,189
3243,7888,5,2023-05-24,Concluído,3,324
3244,8539,4,2023-03-26,Concluído,3,174
3245,9665,5,2023-03-01,Cancelado,0,0
3246,4024,1,2023-03-10,Cancelado,0,0
3247,5528,2,2023-11-01,Cancelado,0,0
3248,1925,4,2023-02-25,Concluído,5,313
3249,1328,3,2023-07-12,Concluído,3,235
3250,9206,4,2023-10-29,Concluído,5,336
3251,459,4,2023-05-03,Pendente,0,0
3252,4784,4,2023-07-09,Pendente,0,0
3253,6538,4,2023-10-06,Pendente,0,0
3254,2148,1,2023-10-23,Cancelado,0,0
3255,6114,3,2023-03-08,Pendente,0,0
3256,9204,4,2023-04-03,Pendente,0,0
3257,8944,3,2023-12-20,Pendente,0,0
3258,9451,5,2023-01-05,Concluído,3,291
3259,4526,3,2023-07-02,Concluído,7,318
3260,3572,5,2023-03-28,Cancelado,0,0
3261,8555,2,2023-06-27,Pendente,0,0
3262,8599,2,2023-01-20,Pendente,0,0
3263,2836,1,2023-01-17,Pendente,0,0
3264,9712,1,2023-12-15,Pendente,0,0
3265,9125,1,2023-02-21,Cancelado,0,0
3266,8812,3,2023-08-24,Cancelado,0,0
3267,7186,4,2023-01-10,Pendente,0,0
3268,8568,5,2023-09-10,Pendente,0,0
3269,8822,1,2023-04-29,Cancelado,0,0
3270,769,5,2023-07-29,Concluído,7,324
3271,6765,5,2023-02-02,Concluído,2,347
3272,7944,2,2023-10-05,Concluído,7,212
3273,4513,2,2023-08-26,Pendente,0,0
3274,695,3,2023-05-15,Cancelado,0,0
3275,5321,4,2023-04-21,Concluído,6,264
3276,5164,3,2023-09-01,Cancelado,0,0
3277,8187,3,2023-06-10,Concluído,2,255
3278,5121,2,2023-03-09,Pendente,0,0
3279,7173,1,2023-02-11,Pendente,0,0
3280,9236,4,2023-08-18,Pendente,0,0
3281,3076,2,2023-02-25,Pendente,0,0
3282,5260,4,2023-12-25,Pendente,0,0
3283,7720,4,2023-03-03,Concluído,2,329
3284,5127,2,2023-01-23,Concluído,7,225
3285,1154,1,2023-06-18,Cancelado,0,0
3286,6156,2,2023-12-08,Pendente,0,0
3287,3978,3,2023-03-20,Concluído,4,176
3288,437,3,2023-07-05,Concluído,5,245
3289,3701,3,2023-09-11,Pendente,0,0
3290,4610,4,2023-12-12,Cancelado,0,0
3291,622,5,2023-03-19,Concluído,4,235
3292,8158,3,2023-10-10,Cancelado,0,0
3293,8183,4,2023-04-06,Pendente,0,0
3294,8894,3,2023-07-20,Cancelado,0,0
3295,390,3,2023-11-24,Concluído,7,329
3296,148,3,2023-11-11,Cancelado,0,0
3297,2984,3,2023-09-24,Concluído,1,292
3298,5932,4,2023-06-20,Pendente,0,0
3299,6602,1,2023-03-13,Pendente,0,0
3300,9622,1,2023-09-20,Concluído,3,183
3301,3990,2,2023-08-10,Concluído,6,170
3302,6054,5,2023-02-14,Pendente,0,0
3303,3230,2,2023-07-15,Cancelado,0,0
3304,1917,5,2023-07-12,Cancelado,0,0
3305,1263,4,2023-05-14,Cancelado,0,0
3306,7653,1,2023-06-14,Cancelado,0,0
3307,318,5,2023-06-30,Concluído,6,225
3308,7647,5,2023-01-18,Pendente,0,0
3309,5736,3,2023-06-10,Pendente,0,0
3310,4152,5,2023-03-21,Pendente,0,0
3311,2258,2,2023-08-08,Pendente,0,0
3312,9791,2,2023-09-12,Concluído,4,153
3313,6628,3,2023-10-09,Cancelado,0,0
3314,9751,3,2023-09-04,Pendente,0,0
3315,6127,1,2023-07-02,Cancelado,0,0
3316,8671,5,2023-05-16,Cancelado,0,0
3317,6797,1,2023-12-18,Pendente,0,0
3318,2076,4,2023-04-07,Concluído,6,339
3319,536,4,2023-05-01,Pendente,0,0
3320,6025,2,2023-07-11,Concluído,1,256
3321,9753,5,2023-08-12,Pendente,0,0
3322,3737,2,2023-08-30,Pendente,0,0
3323,1450,1,2023-02-01,Concluído,6,223
3324,1172,1,2023-02-23,Pendente,0,0
3325,7015,3,2023-08-15,Pendente,0,0
3326,4053,3,2023-12-23,Concluído,6,348
3327,2619,3,2023-08-29,Pendente,0,0
3328,2714,5,2023-03-26,Pendente,0,0
3329,1053,5,2023-01-02,Cancelado,0,0
3330,467,2,2023-06-02,Cancelado,0,0
3331,5047,4,2023-03-25,Cancelado,0,0
3332,5869,1,2023-12-30,Concluído,4,303
3333,3611,3,2023-08-16,Concluído,4,195
3334,9470,5,2023-04-18,Pendente,0,0
3335,3260,5,2023-01-15,Cancelado,0,0
3336,1823,1,2023-06-04,Concluído,2,196
3337,6912,3,2023-03-31,Pendente,0,0
3338,4810,4,2023-10-01,Concluído,7,255
3339,6464,3,2023-07-20,Cancelado,0,0
3340,1108,2,2023-12-11,Concluído,7,300
3341,664,5,2023-09-13,Cancelado,0,0
3342,1032,1,2023-02-22,Concluído,6,154
3343,243,4,2023-07-08,Cancelado,0,0
3344,4651,2,2023-12-02,Concluído,1,234
3345,1636,1,2023-08-07,Pendente,0,0
3346,3059,1,2023-02-21,Pendente,0,0
3347,2413,1,2023-05-27,Pendente,0,0
3348,747,3,2023-11-19,Pendente,0,0
3349,7523,5,2023-05-06,Cancelado,0,0
3350,9242,4,2023-08-26,Pendente,0,0
3351,4961,3,2023-09-03,Pendente,0,0
3352,9819,1,2023-01-09,Pendente,0,0
3353,7856,2,2023-02-22,Pendente,0,0
3354,6700,4,2023-09-05,Pendente,0,0
3355,3684,2,2023-09-22,Cancelado,0,0
3356,6199,2,2023-12-21,Pendente,0,0
3357,565,5,2023-06-22,Pendente,0,0
3358,6011,5,2023-03-13,Cancelado,0,0
3359,6325,4,2023-10-27,Concluído,3,267
3360,3345,5,2023-10-13,Pendente,0,0
3361,4959,2,2023-08-03,Concluído,1,207
3362,5982,3,2023-08-28,Concluído,5,163
3363,8562,3,2023-03-16,Cancelado,0,0
3364,3728,4,2023-04-06,Pendente,0,0
3365,3254,2,2023-09-13,Pendente,0,0
3366,2941,3,2023-02-10,Concluído,5,227
3367,2480,3,2023-02-18,Pendente,0,0
3368,1677,1,2023-01-12,Cancelado,0,0
3369,6106,3,2023-04-17,Cancelado,0,0
3370,2507,1,2023-10-04,Cancelado,0,0
3371,2848,3,2023-06-16,Cancelado,0,0
3372,2419,5,2023-10-13,Pendente,0,0
3373,4442,1,2023-04-17,Cancelado,0,0
3374,2608,2,2023-04-22,Pendente,0,0
3375,2883,5,2023-06-02,Cancelado,0,0
3376,4974,1,2023-06-24,Cancelado,0,0
3377,5431,2,2023-04-08,Concluído,1,249
3378,1501,5,2023-10-19,Pendente,0,0
3379,8330,1,2023-11-10,Pendente,0,0
3380,9713,4,2023-07-09,Concluído,1,258
3381,8785,3,2023-06-20,Pendente,0,0
3382,4134,5,2023-08-30,Cancelado,0,0
3383,4084,4,2023-09-25,Concluído,3,345
3384,7660,1,2023-05-30,Cancelado,0,0
3385,4732,1,2023-09-22,Concluído,3,294
3386,6772,4,2023-06-14,Pendente,0,0
3387,7839,5,2023-12-04,Pendente,0,0
3388,3837,4,2023-06-02,Pendente,0,0
3389,7160,3,2023-08-24,Cancelado,0,0
3390,946,4,2023-04-12,Cancelado,0,0
3391,202,2,2023-09-03,Concluído,5,296
3392,5109,1,2023-01-02,Pendente,0,0
3393,868,3,2023-10-06,Cancelado,0,0
3394,7750,2,2023-10-14,Pendente,0,0
3395,5247,4,2023-01-07,Concluído,4,193
3396,820,3,2023-12-20,Pendente,0,0
3397,2979,4,2023-06-24,Pendente,0,0
3398,8282,1,2023-04-10,Cancelado,0,0
3399,6714,4,2023-06-30,Pendente,0,0
3400,102,3,2023-11-15,Cancelado,0,0
3401,1523,4,2023-03-14,Cancelado,0,0
3402,9101,3,2023-11-21,Cancelado,0,0
3403,2790,2,2023-07-03,Pendente,0,0
3404,3597,5,2023-01-12,Concluído,5,202
3405,730,4,2023-08-07,Pendente,0,0
3406,7651,1,2023-06-02,Cancelado,0,0
3407,6782,2,2023-02-27,Cancelado,0,0
3408,1879,2,2023-01-15,Concluído,4,278
3409,3139,4,2023-12-27,Concluído,2,314
3410,8040,2,2023-10-06,Cancelado,0,0
3411,7195,5,2023-08-14,Concluído,7,332
3412,816,2,2023-06-19,Concluído,3,214
3413,7714,5,2023-02-19,Cancelado,0,0
3414,7589,1,2023-06-27,Pendente,0,0
3415,8616,5,2023-05-10,Concluído,4,183
3416,1006,5,2023-07-10,Cancelado,0,0
3417,7200,2,2023-12-30,Pendente,0,0
3418,9089,3,2023-09-25,Cancelado,0,0
3419,6923,5,2023-04-30,Cancelado,0,0
3420,7930,3,2023-10-06,Cancelado,0,0
3421,5916,1,2023-07-07,Concluído,3,344
3422,739,3,2023-02-04,Concluído,5,296
3423,8510,4,2023-01-07,Cancelado,0,0
3424,8848,5,2023-02-06,Pendente,0,0
3425,9534,4,2023-02-09,Pendente,0,0
3426,5400,5,2023-07-15,Pendente,0,0
3427,6169,3,2023-03-10,Concluído,1,160
3428,1632,1,2023-06-13,Cancelado,0,0
3429,3894,3,2023-06-16,Pendente,0,0
3430,2432,4,2023-10-20,Cancelado,0,0
3431,3585,2,2023-03-26,Concluído,4,328
3432,3306,3,2023-08-01,Concluído,2,204
3433,3640,3,2023-08-17,Concluído,7,350
3434,5945,2,2023-08-25,Pendente,0,0
3435,2599,5,2023-01-28,Pendente,0,0
3436,8626,3,2023-07-29,Cancelado,0,0
3437,4004,1,2023-11-23,Pendente,0,0
3438,978,1,2023-05-25,Concluído,4,275
3439,5666,2,2023-01-11,Pendente,0,0
3440,5184,3,2023-05-23,Cancelado,0,0
3441,5929,1,2023-11-09,Pendente,0,0
3442,9343,5,2023-07-17,Concluído,3,180
3443,4723,5,2023-12-17,Concluído,3,302
3444,7357,2,2023-07-10,Cancelado,0,0
3445,8894,2,2023-08-08,Pendente,0,0
3446,1582,1,2023-07-25,Concluído,1,199
3447,7422,5,2023-05-14,Cancelado,0,0
3448,7904,4,2023-04-11,Concluído,4,331
3449,6314,4,2023-02-16,Pendente,0,0
3450,2486,1,2023-12-22,Concluído,5,174
3451,104,3,2023-05-15,Pendente,0,0
3452,3916,5,2023-01-21,Pendente,0,0
3453,4847,4,2023-09-07,Cancelado,0,0
3454,4139,3,2023-11-21,Cancelado,0,0
3455,1585,2,2023-04-12,Cancelado,0,0
3456,7462,1,2023-01-26,Cancelado,0,0
3457,4914,3,2023-12-28,Cancelado,0,0
3458,8928,2,2023-06-04,Concluído,6,246
3459,4432,3,2023-08-16,Cancelado,0,0
3460,7105,5,2023-01-26,Cancelado,0,0
3461,5083,2,2023-02-04,Pendente,0,0
3462,7495,1,2023-09-28,Cancelado,0,0
3463,484,3,2023-08-14,Cancelado,0,0
3464,7889,4,2023-06-15,Cancelado,0,0
3465,3067,4,2023-01-26,Cancelado,0,0
3466,5935,1,2023-11-21,Pendente,0,0
3467,6969,1,2023-01-17,Pendente,0,0
3468,5921,1,2023-11-08,Cancelado,0,0
3469,9568,1,2023-07-07,Concluído,6,289
3470,1582,4,2023-05-29,Concluído,4,330
3471,6277,3,2023-07-22,Pendente,0,0
3472,5122,2,2023-06-20,Concluído,4,335
3473,1470,1,2023-09-07,Concluído,3,285
3474,8630,3,2023-03-15,Cancelado,0,0
3475,8172,3,2023-04-25,Concluído,1,273
3476,8773,2,2023-02-13,Pendente,0,0
3477,9117,3,2023-05-16,Cancelado,0,0
3478,5265,5,2023-10-29,Cancelado,0,0
3479,7659,1,2023-12-11,Pendente,0,0
3480,2911,5,2023-07-22,Cancelado,0,0
3481,4269,5,2023-01-12,Pendente,0,0
3482,6910,3,2023-12-15,Pendente,0,0
3483,3449,3,2023-08-18,Concluído,1,294
3484,1627,5,2023-04-15,Pendente,0,0
3485,24,2,2023-08-21,Pendente,0,0
3486,8537,5,2023-01-02,Cancelado,0,0
3487,4122,1,2023-11-24,Pendente,0,0
3488,712,1,2023-01-19,Concluído,7,157
3489,1113,2,2023-03-16,Cancelado,0,0
3490,6576,5,2023-05-14,Cancelado,0,0
3491,6672,3,2023-12-23,Cancelado,0,0
3492,4630,2,2023-01-18,Concluído,7,267
3493,6608,3,2023-06-14,Concluído,7,171
3494,4209,5,2023-10-11,Cancelado,0,0
3495,9523,5,2023-08-14,Pendente,0,0
3496,4717,3,2023-12-02,Cancelado,0,0
3497,4429,1,2023-09-19,Concluído,7,257
3498,5131,2,2023-04-11,Concluído,7,206
3499,5190,2,2023-10-02,Cancelado,0,0
3500,6271,3,2023-11-13,Concluído,3,154
3501,2941,5,2023-02-14,Pendente,0,0
3502,6281,2,2023-07-24,Cancelado,0,0
3503,345,5,2023-01-25,Cancelado,0,0
3504,9808,3,2023-05-23,Pendente,0,0
3505,37,3,2023-06-07,Cancelado,0,0
3506,7301,4,2023-04-11,Cancelado,0,0
3507,4219,2,2023-07-19,Concluído,7,193
3508,1215,2,2023-03-13,Cancelado,0,0
3509,187,1,2023-10-12,Pendente,0,0
3510,2294,2,2023-08-27,Pendente,0,0
3511,2157,2,2023-05-08,Concluído,4,324
3512,2992,1,2023-12-15,Pendente,0,0
3513,2025,3,2023-06-17,Concluído,1,335
3514,379,4,2023-09-19,Concluído,1,231
3515,8306,4,2023-05-04,Cancelado,0,0
3516,8708,5,2023-04-24,Cancelado,0,0
3517,4630,5,2023-04-27,Cancelado,0,0
3518,2780,3,2023-09-13,Pendente,0,0
3519,6873,3,2023-09-09,Cancelado,0,0
3520,7960,2,2023-03-29,Concluído,2,327
3521,2491,4,2023-03-02,Cancelado,0,0
3522,5645,2,2023-04-13,Pendente,0,0
3523,4592,2,2023-02-19,Concluído,2,223
3524,5737,5,2023-01-31,Concluído,5,257
3525,3635,3,2023-03-17,Pendente,0,0
3526,3365,3,2023-07-20,Cancelado,0,0
3527,1063,3,2023-07-05,Pendente,0,0
3528,947,5,2023-11-19,Cancelado,0,0
3529,5190,5,2023-01-13,Pendente,0,0
3530,9206,3,2023-07-12,Concluído,7,162
3531,7743,1,2023-01-28,Pendente,0,0
3532,5884,5,2023-04-05,Pendente,0,0
3533,6179,1,2023-02-03,Pendente,0,0
3534,2566,3,2023-04-12,Cancelado,0,0
3535,5719,4,2023-06-04,Pendente,0,0
3536,649,5,2023-02-22,Pendente,0,0
3537,2882,5,2023-11-04,Pendente,0,0
3538,8944,2,2023-10-25,Cancelado,0,0
3539,547,4,2023-04-10,Pendente,0,0
3540,9308,4,2023-08-17,Concluído,7,268
3541,548,4,2023-05-23,Cancelado,0,0
3542,6178,2,2023-08-16,Pendente,0,0
3543,3587,1,2023-06-05,Concluído,2,179
3544,6638,3,2023-11-03,Pendente,0,0
3545,4242,3,2023-07-07,Cancelado,0,0
3546,2342,5,2023-03-22,Cancelado,0,0
3547,1196,3,2023-03-11,Cancelado,0,0
3548,9490,3,2023-03-24,Concluído,1,323
3549,5963,3,2023-11-11,Concluído,5,337
3550,2177,4,2023-11-01,Pendente,0,0
3551,6730,3,2023-04-08,Pendente,0,0
3552,7466,5,2023-11-20,Pendente,0,0
3553,2125,5,2023-01-14,Pendente,0,0
3554,7758,2,2023-06-29,Pendente,0,0
3555,825,2,2023-12-16,Pendente,0,0
3556,8563,4,2023-08-07,Concluído,4,150
3557,1128,5,2023-11-30,Pendente,0,0
3558,4734,4,2023-03-29,Concluído,2,265
3559,3437,2,2023-07-09,Concluído,2,300
3560,7700,2,2023-03-31,Concluído,7,196
3561,6120,1,2023-01-29,Pendente,0,0
3562,2763,1,2023-06-22,Pendente,0,0
3563,7540,2,2023-10-13,Pendente,0,0
3564,4402,5,2023-08-12,Cancelado,0,0
3565,1663,2,2023-12-16,Concluído,2,177
3566,7425,3,2023-10-21,Concluído,7,265
3567,2499,2,2023-10-24,Cancelado,0,0
3568,5469,4,2023-01-23,Cancelado,0,0
3569,2372,5,2023-05-28,Concluído,7,277
3570,9585,4,2023-08-15,Concluído,4,338
3571,346,1,2023-09-24,Cancelado,0,0
3572,7728,2,2024-01-01,Pendente,0,0
3573,552,3,2023-02-10,Cancelado,0,0
3574,9683,1,2023-05-02,Concluído,4,200
3575,9517,2,2023-08-21,Cancelado,0,0
3576,4376,1,2023-04-10,Concluído,1,175
3577,7896,1,2023-01-25,Cancelado,0,0
3578,2597,2,2023-06-10,Cancelado,0,0
3579,8846,1,2023-02-18,Pendente,0,0
3580,8267,4,2023-09-06,Cancelado,0,0
3581,6976,3,2023-01-24,Pendente,0,0
3582,1128,2,2023-10-21,Pendente,0,0
3583,7822,4,2023-11-11,Cancelado,0,0
3584,9473,2,2023-02-10,Concluído,5,256
3585,1298,1,2023-04-12,Cancelado,0,0
3586,9363,3,2023-08-16,Cancelado,0,0
3587,1933,2,2023-07-30,Concluído,6,180
3588,2802,2,2023-04-14,Concluído,6,290
3589,4209,2,2023-01-30,Pendente,0,0
3590,6482,4,2023-07-28,Pendente,0,0
3591,3654,5,2023-09-09,Cancelado,0,0
3592,7459,1,2023-03-20,Pendente,0,0
3593,9847,4,2023-11-30,Cancelado,0,0
3594,3642,4,2023-10-17,Cancelado,0,0
3595,858,5,2023-08-04,Cancelado,0,0
3596,6422,4,2023-10-29,Concluído,1,260
3597,2236,5,2023-05-17,Pendente,0,0
3598,3609,5,2023-04-23,Concluído,1,328
3599,2687,2,2023-03-17,Pendente,0,0
3600,3512,2,2023-11-22,Pendente,0,0
3601,5518,3,2023-07-09,Concluído,7,289
3602,5708,2,2023-01-18,Pendente,0,0
3603,8756,2,2023-12-08,Cancelado,0,0
3604,385,3,2023-04-28,Pendente,0,0
3605,3778,3,2023-09-16,Cancelado,0,0
3606,7877,5,2023-04-07,Cancelado,0,0
3607,1205,2,2023-01-11,Cancelado,0,0
3608,2234,2,2023-08-05,Pendente,0,0
3609,4739,4,2023-03-08,Cancelado,0,0
3610,165,1,2023-02-02,Concluído,6,312
3611,5719,3,2023-12-11,Pendente,0,0
3612,1718,5,2023-10-23,Pendente,0,0
3613,5042,4,2023-02-20,Concluído,6,258
3614,1922,5,2023-10-27,Pendente,0,0
3615,6021,4,2023-07-04,Concluído,1,157
3616,8036,4,2023-11-10,Concluído,4,256
3617,8646,1,2023-06-27,Concluído,2,349
3618,1811,4,2023-12-02,Pendente,0,0
3619,912,5,2023-03-07,Cancelado,0,0
3620,4625,3,2023-06-27,Cancelado,0,0
3621,7272,5,2023-09-22,Cancelado,0,0
3622,9867,2,2023-12-27,Cancelado,0,0
3623,6463,4,2023-11-29,Concluído,1,246
3624,1947,5,2023-12-01,Concluído,1,316
3625,4425,4,2023-03-13,Concluído,2,268
3626,9877,5,2023-10-10,Concluído,1,154
3627,4433,5,2023-10-28,Pendente,0,0
3628,1852,5,2023-12-13,Concluído,1,350
3629,807,5,2023-02-03,Concluído,5,186
3630,3916,3,2023-06-20,Concluído,5,158
3631,1217,5,2023-08-21,Cancelado,0,0
3632,2606,3,2023-09-12,Cancelado,0,0
3633,9593,1,2023-02-13,Cancelado,0,0
3634,1837,4,2023-06-03,Pendente,0,0
3635,849,2,2023-07-11,Pendente,0,0
3636,739,5,2023-09-13,Pendente,0,0
3637,1743,5,2023-11-03,Cancelado,0,0
3638,4383,2,2023-03-18,Cancelado,0,0
3639,9426,1,2023-07-27,Pendente,0,0
3640,6404,4,2023-05-03,Concluído,1,167
3641,2991,2,2023-08-15,Pendente,0,0
3642,7370,4,2023-10-24,Concluído,6,232
3643,6586,5,2023-12-26,Concluído,4,328
3644,27,2,2023-07-13,Pendente,0,0
3645,7544,4,2023-04-15,Cancelado,0,0
3646,3517,4,2023-10-16,Cancelado,0,0
3647,9578,5,2023-04-04,Pendente,0,0
3648,9396,1,2023-03-07,Concluído,4,245
3649,5148,3,2023-12-14,Cancelado,0,0
3650,5651,1,2023-06-06,Cancelado,0,0
3651,6927,1,2023-09-16,Concluído,6,232
3652,4454,4,2023-12-03,Concluído,5,332
3653,2220,2,2023-09-13,Cancelado,0,0
3654,1061,2,2023-02-15,Cancelado,0,0
3655,2850,2,2023-04-10,Concluído,6,169
3656,7347,3,2023-05-04,Pendente,0,0
3657,679,5,2023-07-05,Cancelado,0,0
3658,2833,2,2023-05-31,Pendente,0,0
3659,750,1,2023-05-11,Concluído,7,282
3660,3616,3,2023-12-25,Cancelado,0,0
3661,1721,2,2023-06-15,Pendente,0,0
3662,6571,1,2023-11-20,Pendente,0,0
3663,2442,4,2023-11-28,Cancelado,0,0
3664,8520,4,2023-01-10,Pendente,0,0
3665,2585,2,2023-09-20,Pendente,0,0
3666,7837,1,2023-02-11,Cancelado,0,0
3667,9170,3,2023-06-30,Concluído,5,197
3668,7036,4,2023-05-23,Pendente,0,0
3669,1693,3,2023-07-10,Concluído,5,281
3670,3555,1,2023-12-09,Concluído,3,187
3671,995,4,2023-05-21,Concluído,6,337
3672,3854,3,2023-06-09,Concluído,5,302
3673,3389,5,2023-12-02,Cancelado,0,0
3674,4112,1,2023-08-17,Cancelado,0,0
3675,939,1,2023-07-20,Cancelado,0,0
3676,4090,2,2023-05-21,Cancelado,0,0
3677,7484,5,2023-12-31,Cancelado,0,0
3678,2227,3,2023-01-20,Cancelado,0,0
3679,6985,2,2023-09-29,Concluído,3,191
3680,9009,3,2023-08-05,Cancelado,0,0
3681,4061,2,2023-12-23,Cancelado,0,0
3682,6273,5,2023-03-31,Cancelado,0,0
3683,2671,5,2023-07-08,Concluído,7,254
3684,5724,2,2023-03-04,Pendente,0,0
3685,5363,5,2023-04-21,Pendente,0,0
3686,537,4,2023-11-20,Concluído,6,174
3687,7307,3,2023-07-03,Cancelado,0,0
3688,3614,4,2023-02-09,Pendente,0,0
3689,8901,4,2023-01-05,Concluído,6,157
3690,4745,3,2023-05-31,Concluído,7,230
3691,943,4,2023-05-27,Pendente,0,0
3692,6870,4,2023-11-24,Concluído,7,316
3693,9998,1,2023-02-17,Concluído,6,176
3694,7126,1,2023-04-24,Cancelado,0,0
3695,191,3,2023-09-10,Concluído,2,275
3696,3100,3,2023-03-31,Cancelado,0,0
3697,4380,1,2023-10-23,Pendente,0,0
3698,977,1,2023-07-25,Pendente,0,0
3699,4628,5,2023-11-09,Concluído,5,262
3700,1913,4,2023-08-29,Pendente,0,0
3701,933,3,2023-09-25,Cancelado,0,0
3702,5328,1,2023-01-23,Cancelado,0,0
3703,3457,3,2023-09-15,Concluído,4,173
3704,3675,1,2023-06-07,Cancelado,0,0
3705,3354,5,2023-01-24,Concluído,2,342
3706,9948,4,2023-03-06,Pendente,0,0
3707,8993,3,2023-10-04,Concluído,4,249
3708,1283,2,2023-11-05,Cancelado,0,0
3709,311,2,2023-04-08,Concluído,1,189
3710,2044,1,2023-05-02,Concluído,2,206
3711,9824,1,2023-12-06,Concluído,6,219
3712,9702,4,2023-11-13,Pendente,0,0
3713,1348,1,2023-04-28,Pendente,0,0
3714,6796,4,2023-08-04,Pendente,0,0
3715,4699,4,2023-02-21,Pendente,0,0
3716,8827,4,2023-12-02,Pendente,0,0
3717,3345,5,2023-11-27,Concluído,7,237
3718,2323,5,2023-10-12,Pendente,0,0
3719,6595,1,2023-10-22,Pendente,0,0
3720,8218,3,2023-03-04,Concluído,7,179
3721,832,1,2023-04-01,Pendente,0,0
3722,4027,1,2023-11-05,Concluído,6,268
3723,22,1,2023-09-12,Concluído,2,209
3724,2105,4,2023-12-29,Cancelado,0,0
3725,1610,1,2023-08-15,Concluído,2,165
3726,3574,5,2023-07-12,Concluído,1,327
3727,9878,4,2023-07-07,Concluído,1,211
3728,136,4,2023-05-01,Pendente,0,0
3729,9942,3,2023-12-08,Cancelado,0,0
3730,8898,4,2023-12-30,Cancelado,0,0
3731,9172,5,2023-08-23,Cancelado,0,0
3732,8289,5,2023-12-25,Cancelado,0,0
3733,7062,2,2023-06-10,Concluído,5,154
3734,5222,2,2023-04-27,Cancelado,0,0
3735,7749,4,2023-08-08,Pendente,0,0
3736,6703,2,2023-04-01,Pendente,0,0
3737,6677,3,2023-06-25,Concluído,5,331
3738,9462,2,2023-08-07,Cancelado,0,0
3739,8244,5,2023-09-19,Cancelado,0,0
3740,4142,5,2023-04-13,Pendente,0,0
3741,9641,3,2023-12-16,Pendente,0,0
3742,8700,4,2023-07-25,Pendente,0,0
3743,1187,5,2023-05-05,Pendente,0,0
3744,9449,4,2023-02-19,Concluído,5,247
3745,5490,3,2023-02-27,Cancelado,0,0
3746,1812,1,2023-12-10,Concluído,1,292
3747,2027,3,2023-06-14,Concluído,5,210
3748,1997,3,2023-02-27,Pendente,0,0
3749,5817,4,2023-02-16,Pendente,0,0
3750,6505,1,2023-02-24,Cancelado,0,0
3751,2576,2,2023-03-27,Cancelado,0,0
3752,3448,1,2023-08-31,Pendente,0,0
3753,5856,5,2023-03-08,Cancelado,0,0
3754,8823,1,2023-02-26,Concluído,7,340
3755,9255,4,2023-07-08,Pendente,0,0
3756,3535,5,2023-05-29,Cancelado,0,0
3757,4039,2,2023-08-02,Concluído,2,200
3758,1011,3,2023-04-03,Concluído,2,154
3759,6433,3,2023-01-15,Cancelado,0,0
3760,4462,3,2023-03-16,Pendente,0,0
3761,6481,5,2023-03-17,Cancelado,0,0
3762,250,3,2023-05-24,Cancelado,0,0
3763,7221,5,2023-03-22,Concluído,4,180
3764,4747,4,2023-02-24,Concluído,5,213
3765,3860,3,2023-12-27,Pendente,0,0
3766,7621,5,2023-03-11,Pendente,0,0
3767,7239,1,2023-12-22,Pendente,0,0
3768,5199,4,2023-07-12,Cancelado,0,0
3769,1589,1,2024-01-01,Cancelado,0,0
3770,1721,3,2023-11-24,Pendente,0,0
3771,5493,5,2023-03-06,Pendente,0,0
3772,4440,3,2023-02-13,Pendente,0,0
3773,2521,5,2023-03-18,Concluído,7,160
3774,1894,2,2023-05-11,Concluído,5,274
3775,5284,4,2023-10-16,Concluído,1,248
3776,1112,2,2023-10-14,Cancelado,0,0
3777,3043,5,2023-12-19,Pendente,0,0
3778,5249,2,2023-12-16,Cancelado,0,0
3779,4134,4,2023-08-16,Concluído,1,236
3780,9382,5,2023-03-12,Pendente,0,0
3781,3906,1,2023-07-19,Pendente,0,0
3782,4867,3,2023-07-12,Cancelado,0,0
3783,8278,4,2023-01-18,Concluído,6,257
3784,6603,3,2023-03-02,Pendente,0,0
3785,3374,2,2023-07-07,Cancelado,0,0
3786,8396,2,2023-08-29,Cancelado,0,0
3787,4942,1,2023-04-21,Pendente,0,0
3788,9947,4,2023-12-30,Pendente,0,0
3789,8952,1,2023-06-16,Pendente,0,0
3790,7838,1,2023-07-09,Concluído,4,289
3791,6667,1,2023-09-08,Pendente,0,0
3792,4009,3,2023-09-04,Concluído,1,169
3793,1940,1,2023-09-19,Pendente,0,0
3794,1868,2,2023-08-16,Cancelado,0,0
3795,3631,4,2023-05-30,Pendente,0,0
3796,1999,5,2023-09-03,Concluído,1,207
3797,6851,4,2023-12-31,Concluído,3,218
3798,5178,3,2023-03-11,Cancelado,0,0
3799,3884,5,2023-01-15,Cancelado,0,0
3800,2036,5,2023-03-02,Pendente,0,0
3801,1330,2,2023-03-30,Concluído,2,321
3802,461,2,2023-12-23,Cancelado,0,0
3803,2885,5,2023-12-09,Pendente,0,0
3804,7364,1,2023-08-29,Pendente,0,0
3805,8321,1,2023-07-26,Concluído,4,312
3806,9632,3,2023-08-28,Cancelado,0,0
3807,7559,4,2023-11-30,Pendente,0,0
3808,5279,2,2023-12-20,Cancelado,0,0
3809,363,1,2023-05-06,Pendente,0,0
3810,1207,4,2023-01-28,Concluído,5,261
3811,4739,1,2023-06-27,Concluído,3,342
3812,7569,1,2023-03-18,Pendente,0,0
3813,5036,3,2023-10-27,Cancelado,0,0
3814,3761,1,2023-01-16,Cancelado,0,0
3815,5700,1,2023-02-08,Concluído,6,254
3816,8686,5,2023-06-17,Pendente,0,0
3817,8891,2,2023-04-28,Concluído,5,203
3818,5452,1,2023-11-16,Pendente,0,0
3819,1697,3,2023-02-28,Pendente,0,0
3820,8744,5,2023-08-17,Concluído,1,326
3821,6430,5,2023-02-17,Pendente,0,0
3822,6184,5,2023-02-01,Cancelado,0,0
3823,5189,4,2023-04-17,Cancelado,0,0
3824,8115,3,2023-09-06,Pendente,0,0
3825,5509,3,2023-11-27,Concluído,4,226
3826,8259,2,2023-07-19,Pendente,0,0
3827,9282,1,2023-01-09,Pendente,0,0
3828,8351,5,2023-08-20,Cancelado,0,0
3829,8502,1,2023-08-29,Concluído,1,249
3830,580,4,2023-02-04,Concluído,3,329
3831,3136,1,2023-10-20,Pendente,0,0
3832,3158,4,2023-08-27,Cancelado,0,0
3833,6959,1,2023-10-17,Concluído,2,235
3834,7801,2,2023-03-07,Concluído,7,272
3835,1247,4,2023-07-09,Cancelado,0,0
3836,4453,5,2023-04-03,Pendente,0,0
3837,6317,1,2023-11-17,Pendente,0,0
3838,6214,1,2023-08-08,Pendente,0,0
3839,9146,1,2023-04-07,Concluído,7,178
3840,5039,5,2023-03-27,Concluído,1,301
3841,7278,5,2023-03-15,Concluído,1,349
3842,474,2,2023-12-18,Cancelado,0,0
3843,8027,2,2023-10-06,Pendente,0,0
3844,2466,1,2023-11-02,Concluído,7,300
3845,8862,3,2023-06-26,Concluído,2,313
3846,3003,5,2023-11-30,Cancelado,0,0
3847,5602,4,2023-11-09,Cancelado,0,0
3848,8976,5,2023-05-04,Concluído,5,286
3849,6742,4,2023-08-16,Cancelado,0,0
3850,2002,1,2023-11-15,Pendente,0,0
3851,2649,1,2023-03-01,Pendente,0,0
3852,9268,2,2023-10-09,Pendente,0,0
3853,5752,5,2023-03-05,Cancelado,0,0
3854,6924,2,2023-02-12,Cancelado,0,0
3855,9522,3,2023-12-08,Cancelado,0,0
3856,9575,2,2023-02-15,Pendente,0,0
3857,1866,5,2023-05-10,Concluído,5,223
3858,839,1,2023-12-27,Cancelado,0,0
3859,4071,4,2023-12-30,Cancelado,0,0
3860,1884,1,2023-05-01,Cancelado,0,0
3861,3382,2,2023-02-08,Concluído,5,230
3862,6565,3,2023-04-26,Concluído,5,333
3863,292,4,2023-03-10,Concluído,3,341
3864,2287,3,2023-04-10,Cancelado,0,0
3865,9351,4,2023-10-22,Concluído,1,182
3866,8568,5,2023-03-15,Concluído,6,158
3867,1610,3,2023-07-09,Pendente,0,0
3868,1159,3,2023-10-10,Pendente,0,0
3869,3518,3,2023-06-18,Concluído,1,270
3870,5092,2,2023-01-10,Cancelado,0,0
3871,6287,5,2023-07-28,Pendente,0,0
3872,1398,3,2023-12-12,Cancelado,0,0
3873,5403,4,2023-07-20,Pendente,0,0
3874,3526,4,2023-01-10,Concluído,6,281
3875,9939,1,2023-08-09,Concluído,5,315
3876,6853,3,2023-08-31,Cancelado,0,0
3877,57,5,2023-08-11,Pendente,0,0
3878,9602,3,2023-01-29,Pendente,0,0
3879,4525,1,2023-01-02,Cancelado,0,0
3880,3155,5,2023-04-12,Concluído,2,237
3881,2244,2,2023-06-11,Concluído,7,185
3882,1906,2,2023-09-02,Concluído,2,156
3883,9753,4,2023-06-19,Concluído,1,287
3884,7120,1,2023-11-30,Cancelado,0,0
3885,970,2,2023-07-15,Concluído,1,322
3886,8820,5,2023-04-22,Cancelado,0,0
3887,9804,1,2023-03-19,Concluído,4,228
3888,6112,2,2023-02-22,Pendente,0,0
3889,8491,1,2023-02-17,Cancelado,0,0
3890,6454,3,2023-10-31,Pendente,0,0
3891,6856,5,2023-12-18,Concluído,3,331
3892,9527,5,2023-01-04,Cancelado,0,0
3893,6743,5,2023-11-06,Concluído,1,240
3894,5448,3,2023-11-06,Pendente,0,0
3895,9952,1,2023-03-28,Concluído,2,192
3896,9964,5,2023-03-24,Pendente,0,0
3897,8628,4,2023-01-27,Pendente,0,0
3898,8700,4,2023-12-17,Pendente,0,0
3899,7793,1,2023-08-26,Concluído,4,171
3900,8866,2,2023-04-29,Pendente,0,0
3901,3291,2,2023-04-08,Concluído,3,204
3902,295,1,2023-08-23,Pendente,0,0
3903,6408,1,2023-05-31,Cancelado,0,0
3904,7713,2,2023-04-15,Cancelado,0,0
3905,1302,3,2023-05-31,Concluído,5,185
3906,3056,4,2023-09-20,Concluído,7,346
3907,1862,1,2023-10-02,Pendente,0,0
3908,3775,4,2023-08-12,Pendente,0,0
3909,1726,3,2023-09-12,Cancelado,0,0
3910,899,5,2023-02-17,Cancelado,0,0
3911,1406,3,2023-04-05,Cancelado,0,0
3912,3634,3,2023-01-18,Concluído,3,239
3913,5060,2,2023-10-17,Cancelado,0,0
3914,4113,1,2023-04-28,Concluído,3,263
3915,8904,1,2023-07-29,Cancelado,0,0
3916,816,5,2023-02-28,Pendente,0,0
3917,7316,2,2023-12-02,Concluído,2,322
3918,794,5,2023-03-05,Cancelado,0,0
3919,378,1,2023-03-17,Cancelado,0,0
3920,9127,4,2023-03-16,Pendente,0,0
3921,6248,3,2023-03-03,Cancelado,0,0
3922,9181,2,2023-08-27,Concluído,3,264
3923,2965,3,2023-12-30,Cancelado,0,0
3924,7222,2,2023-01-28,Concluído,6,248
3925,8431,2,2023-06-30,Cancelado,0,0
3926,6243,3,2023-09-19,Concluído,2,255
3927,7533,2,2024-01-01,Concluído,2,240
3928,1515,1,2023-05-12,Concluído,2,340
3929,5750,2,2023-06-13,Concluído,1,303
3930,6618,4,2023-11-24,Pendente,0,0
3931,4162,1,2023-08-01,Cancelado,0,0
3932,9796,3,2023-06-14,Concluído,3,294
3933,4741,2,2023-10-31,Cancelado,0,0
3934,9336,5,2023-04-04,Concluído,3,220
3935,4814,2,2023-03-13,Cancelado,0,0
3936,9351,5,2023-02-24,Cancelado,0,0
3937,5317,1,2023-11-19,Cancelado,0,0
3938,3264,3,2023-07-24,Cancelado,0,0
3939,400,2,2023-02-11,Pendente,0,0
3940,9801,4,2023-12-10,Concluído,1,313
3941,647,3,2023-09-23,Concluído,6,164
3942,4299,5,2023-01-04,Cancelado,0,0
3943,4750,3,2023-04-11,Concluído,5,171
3944,2999,1,2023-05-12,Cancelado,0,0
3945,1024,2,2023-11-22,Cancelado,0,0
3946,7208,5,2023-03-09,Concluído,3,326
3947,4094,3,2023-02-09,Pendente,0,0
3948,4865,4,2023-10-10,Cancelado,0,0
3949,8304,4,2023-04-06,Pendente,0,0
3950,6663,1,2023-11-24,Cancelado,0,0
3951,8513,2,2023-11-02,Concluído,5,249
3952,9840,4,2023-12-31,Concluído,2,289
3953,5604,5,2023-11-23,Cancelado,0,0
3954,1272,1,2023-04-29,Cancelado,0,0
3955,9224,5,2023-04-21,Pendente,0,0
3956,1377,5,2023-04-02,Concluído,2,324
3957,3337,1,2023-01-12,Cancelado,0,0
3958,2352,2,2023-03-24,Cancelado,0,0
3959,2616,3,2023-05-17,Concluído,3,226
3960,2976,2,2023-05-09,Pendente,0,0
3961,5815,3,2023-06-20,Cancelado,0,0
3962,3008,3,2023-04-30,Pendente,0,0
3963,7959,3,2023-10-31,Concluído,1,298
3964,8548,4,2023-11-13,Cancelado,0,0
3965,5157,1,2023-11-09,Concluído,1,172
3966,5680,4,2023-01-05,Pendente,0,0
3967,8739,3,2023-07-03,Pendente,0,0
3968,376,2,2023-07-03,Cancelado,0,0
3969,379,4,2023-10-14,Pendente,0,0
3970,5067,4,2023-09-27,Concluído,1,226
3971,2174,4,2023-08-06,Pendente,0,0
3972,3544,1,2023-12-23,Pendente,0,0
3973,3382,1,2023-01-07,Pendente,0,0
3974,1934,4,2023-09-12,Pendente,0,0
3975,3687,3,2023-08-15,Cancelado,0,0
3976,5693,2,2023-04-05,Concluído,2,307
3977,2596,2,2023-12-13,Concluído,1,344
3978,2807,1,2023-01-12,Cancelado,0,0
3979,9876,3,2023-04-01,Cancelado,0,0
3980,922,1,2023-08-17,Cancelado,0,0
3981,9492,3,2023-11-17,Cancelado,0,0
3982,2739,1,2023-01-25,Concluído,5,285
3983,4574,3,2023-03-15,Cancelado,0,0
3984,7084,1,2023-12-13,Cancelado,0,0
3985,3921,1,2023-02-11,Cancelado,0,0
3986,4096,4,2023-06-11,Cancelado,0,0
3987,730,5,2023-08-10,Pendente,0,0
3988,5450,2,2023-03-31,Concluído,3,288
3989,4617,5,2023-09-15,Cancelado,0,0
3990,4535,3,2023-06-20,Pendente,0,0
3991,4601,3,2023-02-08,Concluído,4,238
3992,8787,1,2023-07-15,Concluído,6,317
3993,6530,1,2023-05-05,Pendente,0,0
3994,783,5,2023-12-04,Cancelado,0,0
3995,1707,4,2023-09-30,Pendente,0,0
3996,5080,1,2023-11-16,Cancelado,0,0
3997,4549,3,2023-05-04,Pendente,0,0
3998,105,4,2023-08-07,Concluído,6,193
3999,8767,3,2023-06-30,Cancelado,0,0
4000,2902,2,2023-02-12,Pendente,0,0
4001,5525,3,2023-09-19,Concluído,2,181
4002,6439,2,2023-06-28,Pendente,0,0
4003,7629,2,2023-10-05,Cancelado,0,0
4004,3302,2,2023-07-26,Pendente,0,0
4005,6351,5,2023-01-06,Pendente,0,0
4006,6507,3,2023-11-02,Concluído,6,309
4007,7863,5,2023-01-01,Concluído,5,303
4008,3246,4,2023-08-13,Cancelado,0,0
4009,9951,2,2023-10-22,Pendente,0,0
4010,8059,5,2023-01-08,Pendente,0,0
4011,1845,5,2023-12-15,Cancelado,0,0
4012,1890,5,2023-11-23,Cancelado,0,0
4013,7700,5,2023-04-20,Cancelado,0,0
4014,1389,2,2023-01-05,Concluído,7,228
4015,1187,4,2023-05-25,Concluído,6,208
4016,5166,1,2023-02-08,Pendente,0,0
4017,8741,5,2023-04-01,Cancelado,0,0
4018,9252,3,2023-12-03,Concluído,5,210
4019,489,4,2023-07-26,Cancelado,0,0
4020,944,4,2023-08-31,Pendente,0,0
4021,5195,5,2023-09-29,Cancelado,0,0
4022,2553,1,2023-01-27,Concluído,2,256
4023,6433,2,2023-10-05,Concluído,3,263
4024,7851,5,2023-04-26,Cancelado,0,0
4025,6499,1,2023-12-28,Concluído,3,334
4026,598,4,2023-07-29,Concluído,3,317
4027,971,5,2023-11-04,Cancelado,0,0
4028,6003,2,2023-09-01,Cancelado,0,0
4029,6560,5,2023-04-21,Concluído,2,157
4030,6439,4,2023-08-09,Cancelado,0,0
4031,4579,5,2023-03-03,Cancelado,0,0
4032,7755,5,2023-03-09,Pendente,0,0
4033,8377,1,2023-03-24,Pendente,0,0
4034,2144,4,2023-02-21,Cancelado,0,0
4035,3351,3,2023-09-22,Concluído,4,272
4036,6608,1,2023-02-06,Cancelado,0,0
4037,3963,1,2023-04-30,Concluído,6,215
4038,7480,4,2023-08-15,Concluído,3,273
4039,6658,3,2023-12-26,Concluído,3,220
4040,9699,4,2023-10-12,Concluído,6,268
4041,9262,2,2023-04-24,Cancelado,0,0
4042,8306,1,2023-05-16,Concluído,3,329
4043,6527,5,2023-08-07,Cancelado,0,0
4044,2037,1,2023-12-14,Pendente,0,0
4045,3930,4,2023-04-25,Pendente,0,0
4046,8903,3,2023-08-30,Pendente,0,0
4047,2397,5,2023-07-30,Pendente,0,0
4048,482,2,2023-03-20,Pendente,0,0
4049,2682,4,2023-08-10,Concluído,3,340
4050,6217,1,2023-01-07,Pendente,0,0
4051,4335,5,2023-03-30,Pendente,0,0
4052,7072,5,2023-10-05,Pendente,0,0
4053,7765,4,2023-05-18,Pendente,0,0
4054,2628,2,2023-06-08,Pendente,0,0
4055,5552,5,2023-06-20,Concluído,2,187
4056,8038,2,2023-05-28,Cancelado,0,0
4057,4312,4,2023-05-22,Cancelado,0,0
4058,2464,1,2023-11-28,Concluído,4,261
4059,6214,2,2023-04-11,Cancelado,0,0
4060,3700,3,2023-03-21,Concluído,3,317
4061,9596,2,2023-10-28,Concluído,2,247
4062,5899,1,2023-04-03,Concluído,1,218
4063,7634,2,2023-07-25,Cancelado,0,0
4064,5769,4,2023-07-22,Cancelado,0,0
4065,5542,5,2023-12-13,Concluído,1,228
4066,2474,3,2023-09-27,Concluído,6,309
4067,481,1,2023-04-14,Pendente,0,0
4068,5101,2,2023-12-11,Cancelado,0,0
4069,6405,4,2023-10-04,Concluído,7,230
4070,5829,3,2023-06-01,Cancelado,0,0
4071,5112,5,2023-12-21,Concluído,6,339
4072,849,4,2023-02-06,Concluído,1,244
4073,9800,1,2023-09-07,Cancelado,0,0
4074,4361,4,2023-07-15,Pendente,0,0
4075,3374,4,2023-07-23,Concluído,3,289
4076,2300,5,2023-04-10,Pendente,0,0
4077,9596,4,2023-01-01,Pendente,0,0
4078,391,4,2023-05-17,Cancelado,0,0
4079,5744,1,2023-06-04,Concluído,1,234
4080,6181,1,2023-08-12,Cancelado,0,0
4081,4429,1,2023-03-18,Pendente,0,0
4082,9953,5,2023-01-23,Cancelado,0,0
4083,5790,2,2023-06-20,Cancelado,0,0
4084,3019,3,2023-01-10,Pendente,0,0
4085,3700,2,2023-02-23,Concluído,1,167
4086,2804,5,2023-02-16,Cancelado,0,0
4087,5584,4,2023-03-06,Concluído,3,181
4088,7090,4,2023-08-17,Cancelado,0,0
4089,3048,4,2023-06-25,Pendente,0,0
4090,9284,3,2023-10-15,Pendente,0,0
4091,789,2,2023-11-17,Cancelado,0,0
4092,9034,4,2023-09-09,Pendente,0,0
4093,7429,1,2023-12-02,Cancelado,0,0
4094,1712,2,2023-02-08,Concluído,5,215
4095,8385,1,2023-07-01,Pendente,0,0
4096,2626,2,2023-11-11,Cancelado,0,0
4097,5804,5,2023-07-30,Concluído,5,188
4098,3889,4,2023-03-15,Concluído,2,330
4099,1662,1,2023-02-04,Cancelado,0,0
4100,7495,1,2023-02-03,Concluído,2,336
4101,6990,5,2023-06-25,Concluído,7,237
4102,5921,2,2023-06-20,Cancelado,0,0
4103,7562,3,2023-12-12,Pendente,0,0
4104,3820,3,2023-12-09,Cancelado,0,0
4105,4914,2,2023-12-14,Cancelado,0,0
4106,899,2,2023-10-25,Concluído,5,154
4107,3484,1,2023-10-31,Pendente,0,0
4108,5791,3,2023-06-18,Cancelado,0,0
4109,8579,5,2023-06-02,Concluído,5,250
4110,7671,1,2023-10-26,Cancelado,0,0
4111,8278,4,2023-08-01,Concluído,6,345
4112,9202,1,2023-12-05,Concluído,7,219
4113,2560,4,2023-07-06,Pendente,0,0
4114,3846,5,2023-01-30,Concluído,1,339
4115,8321,1,2023-10-04,Pendente,0,0
4116,9031,5,2023-09-30,Pendente,0,0
4117,8930,1,2023-12-06,Concluído,5,309
4118,9491,4,2023-03-19,Cancelado,0,0
4119,1645,2,2023-10-07,Cancelado,0,0
4120,8361,4,2023-03-07,Pendente,0,0
4121,8118,1,2023-04-03,Concluído,4,223
4122,3008,1,2023-08-28,Cancelado,0,0
4123,2736,5,2023-11-21,Cancelado,0,0
4124,2329,3,2023-11-27,Pendente,0,0
4125,8964,2,2023-05-12,Cancelado,0,0
4126,7472,2,2023-08-29,Pendente,0,0
4127,1387,1,2023-12-22,Concluído,7,259
4128,9368,1,2023-10-02,Concluído,4,179
4129,4246,5,2023-05-20,Concluído,1,171
4130,316,5,2023-10-05,Pendente,0,0
4131,1384,2,2023-01-22,Pendente,0,0
4132,4751,2,2023-12-06,Pendente,0,0
4133,8904,4,2023-12-05,Cancelado,0,0
4134,7068,2,2023-08-17,Pendente,0,0
4135,8741,1,2023-05-14,Pendente,0,0
4136,4233,2,2023-11-30,Pendente,0,0
4137,8858,1,2023-04-17,Pendente,0,0
4138,4747,5,2023-06-15,Concluído,7,162
4139,3782,5,2023-10-20,Cancelado,0,0
4140,5958,5,2023-10-10,Concluído,1,265
4141,7434,1,2023-12-06,Cancelado,0,0
4142,23,4,2023-08-06,Pendente,0,0
4143,7016,3,2023-03-03,Cancelado,0,0
4144,7719,5,2023-05-01,Concluído,6,287
4145,7527,3,2023-11-29,Pendente,0,0
4146,9100,1,2023-09-23,Pendente,0,0
4147,9729,4,2023-07-30,Pendente,0,0
4148,177,1,2023-03-31,Pendente,0,0
4149,9062,4,2023-03-21,Cancelado,0,0
4150,1961,3,2023-11-15,Cancelado,0,0
4151,1650,1,2023-10-03,Concluído,5,163
4152,2665,3,2023-11-12,Pendente,0,0
4153,3526,3,2023-10-13,Concluído,7,229
4154,2200,1,2023-07-15,Cancelado,0,0
4155,45,5,2023-12-30,Pendente,0,0
4156,1147,1,2023-12-11,Concluído,3,277
4157,8188,4,2023-08-03,Concluído,7,204
4158,3182,4,2023-05-01,Concluído,5,247
4159,1196,1,2023-12-19,Cancelado,0,0
4160,3035,3,2023-03-13,Cancelado,0,0
4161,4096,2,2023-01-11,Cancelado,0,0
4162,5787,3,2023-10-01,Cancelado,0,0
4163,506,1,2023-08-01,Concluído,7,226
4164,6853,4,2023-01-05,Pendente,0,0
4165,6236,1,2023-10-15,Concluído,7,343
4166,9962,1,2023-01-25,Pendente,0,0
4167,1624,2,2023-02-15,Cancelado,0,0
4168,7113,3,2023-02-02,Cancelado,0,0
4169,5587,1,2023-10-10,Pendente,0,0
4170,4088,2,2023-11-13,Pendente,0,0
4171,8712,4,2023-07-16,Cancelado,0,0
4172,1974,5,2023-12-03,Cancelado,0,0
4173,6624,4,2023-08-25,Cancelado,0,0
4174,1256,2,2023-05-20,Pendente,0,0
4175,5053,2,2023-09-13,Pendente,0,0
4176,7462,3,2023-04-27,Pendente,0,0
4177,4883,2,2023-08-23,Concluído,5,211
4178,5370,2,2023-05-31,Concluído,2,182
4179,3570,4,2023-05-05,Pendente,0,0
4180,2376,5,2023-09-25,Cancelado,0,0
4181,7059,5,2023-11-18,Cancelado,0,0
4182,7677,1,2023-04-08,Pendente,0,0
4183,9933,4,2023-07-19,Pendente,0,0
4184,1269,2,2023-03-16,Pendente,0,0
4185,5298,3,2023-09-30,Pendente,0,0
4186,5341,3,2023-05-11,Cancelado,0,0
4187,5187,3,2023-02-12,Concluído,5,250
4188,6701,5,2023-10-15,Concluído,4,310
4189,6669,4,2023-04-11,Pendente,0,0
4190,1542,2,2023-09-12,Cancelado,0,0
4191,6911,2,2023-05-14,Cancelado,0,0
4192,4609,3,2023-01-16,Concluído,6,238
4193,5225,3,2023-04-16,Pendente,0,0
4194,5054,5,2023-07-22,Concluído,1,300
4195,2936,2,2023-01-04,Cancelado,0,0
4196,6150,1,2023-04-11,Concluído,7,332
4197,1145,1,2023-11-04,Concluído,6,185
4198,9090,2,2023-09-07,Cancelado,0,0
4199,2654,4,2023-11-09,Concluído,2,279
4200,616,4,2023-01-29,Concluído,4,249
4201,7772,5,2023-01-12,Cancelado,0,0
4202,5481,4,2023-11-17,Pendente,0,0
4203,3490,3,2023-09-29,Pendente,0,0
4204,3515,5,2023-07-26,Cancelado,0,0
4205,8444,3,2023-08-05,Concluído,2,328
4206,5607,3,2023-10-25,Cancelado,0,0
4207,3891,2,2023-01-12,Concluído,4,163
4208,5043,5,2023-12-11,Cancelado,0,0
4209,499,2,2023-06-17,Concluído,5,229
4210,4049,4,2023-01-11,Cancelado,0,0
4211,2855,5,2023-09-06,Pendente,0,0
4212,8337,5,2023-02-01,Concluído,4,206
4213,7391,5,2023-04-21,Concluído,1,349
4214,9179,2,2023-11-01,Pendente,0,0
4215,7338,5,2023-02-14,Pendente,0,0
4216,1014,3,2023-04-20,Pendente,0,0
4217,3173,2,2023-07-19,Pendente,0,0
4218,8727,3,2023-09-13,Cancelado,0,0
4219,5572,5,2023-03-03,Cancelado,0,0
4220,9675,2,2023-03-17,Pendente,0,0
4221,9395,2,2023-06-15,Cancelado,0,0
4222,2723,5,2023-10-01,Pendente,0,0
4223,6736,2,2023-12-10,Cancelado,0,0
4224,2143,3,2023-08-21,Cancelado,0,0
4225,1627,3,2023-09-03,Cancelado,0,0
4226,8651,4,2023-09-25,Cancelado,0,0
4227,2030,4,2023-12-30,Cancelado,0,0
4228,8244,1,2023-01-18,Cancelado,0,0
4229,1385,1,2023-01-17,Cancelado,0,0
4230,2759,1,2023-05-17,Pendente,0,0
4231,3837,3,2023-06-17,Pendente,0,0
4232,2623,3,2023-12-27,Concluído,7,283
4233,2940,3,2023-02-27,Pendente,0,0
4234,9931,4,2023-01-17,Pendente,0,0
4235,4543,1,2023-03-01,Pendente,0,0
4236,7528,3,2023-04-14,Cancelado,0,0
4237,5285,5,2023-01-24,Concluído,5,302
4238,1844,3,2023-05-06,Concluído,4,204
4239,3927,2,2023-01-08,Cancelado,0,0
4240,9701,1,2023-10-14,Cancelado,0,0
4241,1396,4,2023-11-04,Pendente,0,0
4242,9693,4,2023-05-20,Cancelado,0,0
4243,5604,2,2023-06-02,Pendente,0,0
4244,7759,4,2023-11-23,Cancelado,0,0
4245,3494,4,2023-01-11,Concluído,1,335
4246,6649,3,2023-09-09,Pendente,0,0
4247,3501,1,2023-09-27,Concluído,5,228
4248,4451,1,2023-12-25,Pendente,0,0
4249,2137,2,2023-03-26,Cancelado,0,0
4250,3371,2,2023-02-02,Pendente,0,0
4251,9032,4,2023-09-27,Concluído,6,192
4252,9415,2,2023-04-27,Concluído,2,257
4253,8334,3,2023-01-26,Cancelado,0,0
4254,2927,2,2023-03-05,Pendente,0,0
4255,2145,4,2023-03-13,Pendente,0,0
4256,834,4,2023-03-11,Pendente,0,0
4257,8240,3,2023-06-21,Pendente,0,0
4258,2976,4,2023-10-12,Concluído,2,325
4259,2243,4,2023-01-06,Cancelado,0,0
4260,7199,2,2023-12-02,Cancelado,0,0
4261,5103,3,2023-11-11,Concluído,1,331
4262,9202,3,2023-06-24,Concluído,5,184
4263,6924,4,2023-04-18,Concluído,1,253
4264,9487,4,2023-09-08,Concluído,5,207
4265,5574,3,2023-07-07,Concluído,6,219
4266,310,5,2023-03-07,Cancelado,0,0
4267,5689,3,2023-05-24,Concluído,7,172
4268,4929,2,2023-11-19,Pendente,0,0
4269,9145,4,2023-03-22,Pendente,0,0
4270,8240,1,2023-11-02,Concluído,7,155
4271,6053,5,2023-04-11,Cancelado,0,0
4272,7365,1,2023-11-04,Cancelado,0,0
4273,6223,4,2023-03-27,Cancelado,0,0
4274,6050,5,2023-06-15,Pendente,0,0
4275,8012,1,2023-06-07,Pendente,0,0
4276,1003,3,2023-09-18,Concluído,1,172
4277,460,5,2023-06-13,Concluído,6,339
4278,746,3,2023-04-30,Pendente,0,0
4279,4451,5,2023-07-20,Cancelado,0,0
4280,8949,1,2023-03-03,Concluído,1,310
4281,5844,5,2023-08-12,Pendente,0,0
4282,3611,1,2023-02-07,Cancelado,0,0
4283,6654,1,2023-10-20,Concluído,6,271
4284,4185,2,2023-10-03,Pendente,0,0
4285,2057,5,2023-03-16,Pendente,0,0
4286,6135,3,2023-12-27,Pendente,0,0
4287,1387,1,2023-04-03,Concluído,4,219
4288,2464,1,2023-04-14,Cancelado,0,0
4289,3649,1,2023-01-03,Concluído,2,339
4290,5267,4,2023-11-27,Concluído,7,181
4291,3574,4,2023-01-20,Pendente,0,0
4292,4502,4,2023-02-13,Concluído,1,276
4293,8321,3,2023-06-20,Cancelado,0,0
4294,3449,5,2023-03-15,Pendente,0,0
4295,9213,1,2023-10-16,Concluído,2,253
4296,1055,2,2023-12-15,Pendente,0,0
4297,7451,5,2023-06-27,Cancelado,0,0
4298,7833,2,2023-02-20,Cancelado,0,0
4299,8939,4,2023-12-22,Cancelado,0,0
4300,4214,3,2023-06-07,Concluído,2,256
4301,9775,3,2023-08-05,Cancelado,0,0
4302,1152,4,2023-12-19,Cancelado,0,0
4303,9347,5,2023-07-07,Pendente,0,0
4304,6261,1,2023-01-11,Pendente,0,0
4305,750,2,2023-08-16,Cancelado,0,0
4306,9952,4,2023-07-31,Concluído,4,243
4307,9420,3,2023-01-27,Pendente,0,0
4308,5027,3,2023-08-18,Concluído,1,309
4309,9678,5,2023-04-23,Cancelado,0,0
4310,6215,5,2023-12-08,Pendente,0,0
4311,6782,5,2023-12-15,Concluído,3,198
4312,2095,2,2023-12-03,Cancelado,0,0
4313,4851,3,2023-11-08,Cancelado,0,0
4314,2590,3,2023-03-29,Cancelado,0,0
4315,2409,3,2023-04-03,Pendente,0,0
4316,3606,4,2023-05-01,Cancelado,0,0
4317,946,1,2023-09-22,Concluído,4,259
4318,2387,5,2023-09-25,Cancelado,0,0
4319,2259,2,2023-06-19,Concluído,5,253
4320,2655,1,2023-03-01,Pendente,0,0
4321,3505,1,2023-11-02,Cancelado,0,0
4322,4851,4,2023-06-18,Pendente,0,0
4323,1440,1,2023-12-23,Pendente,0,0
4324,1563,1,2023-06-27,Pendente,0,0
4325,9397,4,2023-01-30,Cancelado,0,0
4326,4146,4,2023-01-20,Pendente,0,0
4327,1430,5,2023-08-27,Cancelado,0,0
4328,2915,4,2023-01-27,Cancelado,0,0
4329,4153,3,2023-08-13,Concluído,1,292
4330,6945,5,2023-07-05,Pendente,0,0
4331,2935,2,2023-03-25,Pendente,0,0
4332,7257,5,2023-05-12,Concluído,4,158
4333,4490,3,2023-12-28,Concluído,4,152
4334,8966,1,2023-08-23,Cancelado,0,0
4335,3530,1,2023-09-24,Pendente,0,0
4336,4770,4,2023-10-01,Cancelado,0,0
4337,294,5,2023-08-22,Concluído,7,151
4338,4808,4,2023-05-16,Concluído,1,284
4339,2123,5,2023-06-21,Concluído,6,280
4340,4578,4,2023-09-19,Concluído,6,242
4341,7675,1,2023-01-13,Concluído,2,250
4342,9692,2,2023-07-29,Pendente,0,0
4343,4583,4,2023-02-02,Cancelado,0,0
4344,6640,1,2023-09-15,Concluído,4,152
4345,9889,5,2023-09-19,Cancelado,0,0
4346,9186,2,2023-05-04,Cancelado,0,0
4347,7427,4,2023-11-03,Cancelado,0,0
4348,7255,3,2023-12-30,Concluído,5,155
4349,2827,4,2023-04-27,Pendente,0,0
4350,4311,4,2023-02-13,Cancelado,0,0
4351,5439,1,2023-07-14,Pendente,0,0
4352,7005,3,2023-02-27,Concluído,2,206
4353,2636,4,2023-12-05,Pendente,0,0
4354,8829,2,2023-03-09,Cancelado,0,0
4355,498,1,2023-03-22,Concluído,6,346
4356,3739,4,2023-03-18,Concluído,1,325
4357,5677,5,2023-05-05,Pendente,0,0
4358,9332,2,2023-10-08,Concluído,5,328
4359,1475,5,2023-04-14,Pendente,0,0
4360,1778,1,2023-09-16,Concluído,5,225
4361,6140,3,2023-05-16,Cancelado,0,0
4362,575,1,2023-03-23,Pendente,0,0
4363,2568,2,2023-12-24,Concluído,1,257
4364,9199,4,2023-12-28,Concluído,6,289
4365,9343,5,2023-04-23,Pendente,0,0
4366,9872,4,2023-02-04,Cancelado,0,0
4367,2236,2,2023-10-20,Pendente,0,0
4368,2276,3,2023-01-16,Concluído,4,255
4369,8911,3,2023-09-24,Pendente,0,0
4370,3991,4,2023-05-20,Pendente,0,0
4371,5085,4,2023-07-07,Pendente,0,0
4372,5745,1,2023-04-11,Pendente,0,0
4373,9995,3,2023-06-24,Concluído,5,166
4374,4745,4,2023-04-16,Cancelado,0,0
4375,7451,1,2023-03-07,Concluído,7,287
4376,9115,3,2023-12-25,Pendente,0,0
4377,8968,5,2023-04-01,Cancelado,0,0
4378,8722,1,2023-03-19,Cancelado,0,0
4379,9743,3,2023-06-11,Pendente,0,0
4380,8769,4,2023-01-08,Cancelado,0,0
4381,234,2,2023-07-15,Cancelado,0,0
4382,83,4,2023-08-31,Concluído,5,268
4383,5517,1,2023-04-03,Cancelado,0,0
4384,4673,2,2023-08-31,Concluído,6,216
4385,4526,4,2023-11-09,Concluído,2,337
4386,2961,3,2023-05-25,Cancelado,0,0
4387,2307,2,2023-05-21,Concluído,6,295
4388,197,3,2023-08-08,Concluído,3,211
4389,1415,4,2023-06-27,Concluído,2,257
4390,712,3,2023-06-19,Pendente,0,0
4391,4950,1,2023-01-31,Cancelado,0,0
4392,9195,4,2023-05-17,Concluído,3,302
4393,4821,4,2023-09-15,Concluído,1,217
4394,194,2,2023-09-14,Pendente,0,0
4395,4780,4,2023-09-19,Pendente,0,0
4396,4176,4,2023-04-29,Pendente,0,0
4397,7183,1,2023-12-04,Cancelado,0,0
4398,9661,2,2023-12-30,Concluído,5,315
4399,6418,5,2023-09-03,Pendente,0,0
4400,774,1,2023-08-30,Pendente,0,0
4401,1842,4,2023-11-08,Cancelado,0,0
4402,9423,2,2023-09-06,Concluído,5,302
4403,4455,2,2023-06-29,Concluído,2,268
4404,9121,1,2023-05-02,Pendente,0,0
4405,7406,3,2023-12-18,Concluído,4,260
4406,7350,4,2023-08-11,Concluído,7,259
4407,5954,5,2023-01-13,Concluído,1,344
4408,263,1,2023-07-14,Cancelado,0,0
4409,2551,3,2023-08-20,Cancelado,0,0
4410,9842,3,2023-02-13,Concluído,1,220
4411,1624,3,2023-12-10,Concluído,2,270
4412,543,5,2023-11-07,Cancelado,0,0
4413,9536,4,2023-02-26,Cancelado,0,0
4414,4322,2,2023-04-21,Cancelado,0,0
4415,1529,2,2023-02-12,Concluído,2,229
4416,1402,4,2023-06-26,Cancelado,0,0
4417,8147,2,2023-01-25,Concluído,1,329
4418,2745,4,2023-04-12,Concluído,7,158
4419,7592,3,2023-11-18,Pendente,0,0
4420,2676,3,2023-04-18,Pendente,0,0
4421,9255,3,2023-01-27,Pendente,0,0
4422,2423,2,2023-06-01,Concluído,7,189
4423,6560,3,2023-08-02,Concluído,7,168
4424,7218,4,2023-09-14,Concluído,3,240
4425,4426,1,2023-10-31,Concluído,1,336
4426,8582,2,2023-07-07,Pendente,0,0
4427,626,2,2023-12-10,Concluído,2,322
4428,7771,2,2023-03-29,Pendente,0,0
4429,6322,5,2023-03-04,Cancelado,0,0
4430,8785,2,2023-04-03,Concluído,5,200
4431,9152,3,2023-09-01,Cancelado,0,0
4432,6543,2,2023-12-01,Concluído,6,308
4433,1417,2,2023-07-19,Pendente,0,0
4434,9699,4,2023-03-02,Cancelado,0,0
4435,5632,5,2023-03-06,Concluído,7,232
4436,6500,3,2023-12-19,Pendente,0,0
4437,4657,3,2023-11-25,Cancelado,0,0
4438,9324,3,2023-02-17,Pendente,0,0
4439,9028,4,2023-10-04,Cancelado,0,0
4440,3246,4,2023-06-20,Cancelado,0,0
4441,8557,3,2023-12-04,Cancelado,0,0
4442,2639,4,2023-09-24,Pendente,0,0
4443,1622,5,2023-07-15,Pendente,0,0
4444,4287,3,2023-01-16,Concluído,6,208
4445,4883,2,2023-12-17,Pendente,0,0
4446,187,2,2023-05-20,Pendente,0,0
4447,845,1,2023-06-28,Cancelado,0,0
4448,3083,3,2023-04-20,Cancelado,0,0
4449,7079,2,2023-09-08,Pendente,0,0
4450,3338,2,2023-09-03,Concluído,5,219
4451,561,5,2023-07-16,Concluído,6,248
4452,6720,2,2023-11-10,Pendente,0,0
4453,4412,1,2023-11-12,Pendente,0,0
4454,9394,1,2023-05-05,Cancelado,0,0
4455,5544,5,2023-06-16,Pendente,0,0
4456,9514,4,2023-03-18,Pendente,0,0
4457,5106,2,2023-04-15,Pendente,0,0
4458,9927,1,2023-10-30,Pendente,0,0
4459,6991,1,2023-03-08,Cancelado,0,0
4460,5437,4,2023-04-23,Concluído,6,345
4461,2769,4,2023-02-01,Cancelado,0,0
4462,2618,3,2023-02-07,Pendente,0,0
4463,5012,2,2023-02-14,Cancelado,0,0
4464,9362,5,2023-12-30,Concluído,1,163
4465,8667,3,2023-01-06,Concluído,6,252
4466,9845,2,2023-03-29,Cancelado,0,0
4467,5364,5,2023-12-03,Cancelado,0,0
4468,5238,3,2023-02-21,Concluído,6,222
4469,9724,1,2023-08-07,Concluído,1,201
4470,9469,4,2023-03-16,Pendente,0,0
4471,5172,4,2023-07-02,Concluído,5,218
4472,9236,2,2023-10-12,Pendente,0,0
4473,1213,1,2023-05-24,Pendente,0,0
4474,6978,3,2023-11-13,Cancelado,0,0
4475,1490,3,2023-08-16,Concluído,2,209
4476,7040,3,2023-06-22,Pendente,0,0
4477,7068,1,2023-01-19,Concluído,1,322
4478,7587,1,2023-09-23,Pendente,0,0
4479,5411,5,2023-11-03,Pendente,0,0
4480,1717,3,2023-08-17,Cancelado,0,0
4481,7135,4,2023-06-13,Pendente,0,0
4482,8077,4,2023-10-26,Concluído,4,310
4483,2990,3,2023-01-16,Concluído,5,303
4484,3656,2,2023-01-20,Cancelado,0,0
4485,5446,5,2023-05-30,Concluído,5,284
4486,7517,1,2023-05-01,Pendente,0,0
4487,4752,4,2023-08-15,Cancelado,0,0
4488,4565,5,2023-06-27,Concluído,4,291
4489,7324,4,2023-06-17,Pendente,0,0
4490,1314,5,2023-03-24,Pendente,0,0
4491,2780,3,2023-11-17,Concluído,1,280
4492,3829,5,2023-09-06,Cancelado,0,0
4493,3660,2,2023-03-03,Pendente,0,0
4494,30,1,2023-08-16,Concluído,5,286
4495,482,3,2023-08-06,Pendente,0,0
4496,9072,4,2023-06-21,Pendente,0,0
4497,340,3,2023-02-02,Cancelado,0,0
4498,905,3,2023-06-07,Concluído,6,266
4499,7237,3,2023-06-05,Cancelado,0,0
4500,4784,4,2023-10-09,Pendente,0,0
4501,9616,5,2023-09-27,Concluído,2,268
4502,5113,2,2023-03-21,Cancelado,0,0
4503,5862,5,2023-05-30,Concluído,6,231
4504,7040,3,2023-08-19,Cancelado,0,0
4505,4910,3,2023-04-25,Concluído,6,190
4506,1092,1,2023-04-09,Concluído,6,303
4507,1853,5,2023-07-08,Pendente,0,0
4508,9533,2,2023-02-10,Concluído,2,240
4509,4953,4,2023-12-31,Cancelado,0,0
4510,1628,1,2023-01-18,Cancelado,0,0
4511,7234,2,2023-03-31,Concluído,6,304
4512,255,1,2023-09-13,Concluído,5,318
4513,989,1,2023-12-31,Cancelado,0,0
4514,8364,1,2023-10-13,Concluído,7,258
4515,1686,5,2023-10-01,Concluído,1,280
4516,7462,4,2023-11-14,Pendente,0,0
4517,2924,1,2023-02-21,Concluído,4,187
4518,9756,1,2023-04-03,Cancelado,0,0
4519,3549,5,2023-09-04,Concluído,7,171
4520,9459,1,2023-05-29,Pendente,0,0
4521,6239,1,2023-11-16,Concluído,3,225
4522,8974,1,2023-09-01,Cancelado,0,0
4523,1511,3,2023-11-25,Concluído,3,164
4524,2186,3,2023-03-25,Pendente,0,0
4525,5636,1,2023-08-15,Pendente,0,0
4526,907,5,2023-06-24,Cancelado,0,0
4527,2605,5,2023-01-12,Concluído,4,213
4528,4460,1,2023-02-28,Cancelado,0,0
4529,5765,4,2023-03-08,Pendente,0,0
4530,696,3,2023-03-16,Pendente,0,0
4531,4579,2,2023-05-25,Concluído,7,222
4532,978,2,2023-10-15,Pendente,0,0
4533,6426,4,2023-07-13,Pendente,0,0
4534,3527,3,2023-07-21,Concluído,3,345
4535,2150,3,2023-07-25,Pendente,0,0
4536,2674,2,2023-03-01,Cancelado,0,0
4537,6826,3,2023-07-03,Pendente,0,0
4538,3601,5,2023-02-23,Pendente,0,0
4539,7339,1,2023-01-11,Cancelado,0,0
4540,1911,5,2023-08-31,Pendente,0,0
4541,3687,4,2023-09-19,Cancelado,0,0
4542,9710,5,2023-05-11,Concluído,6,298
4543,9568,4,2023-03-26,Cancelado,0,0
4544,5642,1,2023-08-04,Concluído,5,259
4545,4531,2,2023-08-21,Pendente,0,0
4546,4597,5,2023-09-24,Concluído,6,178
4547,125,4,2023-06-07,Concluído,5,292
4548,6853,4,2023-09-26,Concluído,4,331
4549,1474,1,2023-12-19,Cancelado,0,0
4550,2818,2,2023-02-27,Cancelado,0,0
4551,3227,2,2023-09-26,Concluído,2,308
4552,3822,5,2023-03-09,Pendente,0,0
4553,924,5,2023-10-06,Cancelado,0,0
4554,3346,5,2023-02-07,Pendente,0,0
4555,1146,3,2023-08-25,Pendente,0,0
4556,6916,3,2023-06-09,Pendente,0,0
4557,9225,1,2023-04-29,Pendente,0,0
4558,3651,2,2023-03-14,Pendente,0,0
4559,9309,4,2023-05-10,Concluído,1,260
4560,41,3,2023-05-09,Cancelado,0,0
4561,7220,4,2023-10-17,Pendente,0,0
4562,6398,4,2023-07-14,Concluído,5,346
4563,3818,5,2023-08-19,Concluído,1,197
4564,9748,3,2023-10-16,Pendente,0,0
4565,4013,3,2023-01-26,Cancelado,0,0
4566,9823,4,2023-08-10,Pendente,0,0
4567,1357,2,2023-03-15,Pendente,0,0
4568,8246,2,2023-08-17,Concluído,4,206
4569,6277,5,2023-09-21,Concluído,2,297
4570,3907,5,2023-03-02,Cancelado,0,0
4571,3190,3,2023-12-03,Pendente,0,0
4572,3321,1,2023-10-12,Concluído,6,194
4573,5601,2,2023-11-20,Pendente,0,0
4574,771,2,2023-01-22,Concluído,4,224
4575,5453,4,2023-12-08,Concluído,6,184
4576,6910,3,2023-10-03,Pendente,0,0
4577,2385,2,2023-05-26,Pendente,0,0
4578,5168,4,2023-12-19,Concluído,1,180
4579,847,1,2023-12-27,Pendente,0,0
4580,4963,1,2023-12-22,Pendente,0,0
4581,437,1,2023-05-12,Pendente,0,0
4582,7284,4,2023-08-17,Pendente,0,0
4583,5713,2,2023-09-02,Pendente,0,0
4584,7759,4,2023-06-01,Pendente,0,0
4585,5695,3,2023-04-13,Concluído,1,298
4586,3359,4,2023-10-27,Concluído,2,225
4587,193,5,2023-07-22,Pendente,0,0
4588,2191,5,2023-07-30,Concluído,3,177
4589,1572,1,2023-04-24,Cancelado,0,0
4590,1062,4,2023-10-16,Concluído,5,286
4591,9005,5,2023-10-18,Pendente,0,0
4592,8425,2,2023-08-18,Cancelado,0,0
4593,9882,1,2023-06-20,Pendente,0,0
4594,4460,5,2023-02-18,Cancelado,0,0
4595,6629,3,2023-10-09,Cancelado,0,0
4596,5898,2,2023-06-30,Pendente,0,0
4597,7026,3,2023-04-15,Pendente,0,0
4598,1914,4,2023-08-29,Concluído,1,217
4599,1259,5,2023-11-10,Concluído,3,307
4600,2943,4,2023-09-07,Concluído,6,158
4601,1283,3,2023-12-10,Concluído,5,217
4602,4210,4,2023-01-23,Concluído,3,348
4603,7245,4,2023-01-13,Cancelado,0,0
4604,3560,5,2023-08-02,Concluído,7,295
4605,5942,5,2023-03-26,Cancelado,0,0
4606,4139,5,2023-03-14,Concluído,3,336
4607,3188,5,2023-07-26,Cancelado,0,0
4608,9904,4,2023-08-18,Concluído,6,279
4609,9104,4,2023-07-04,Concluído,3,269
4610,1304,5,2023-12-06,Pendente,0,0
4611,673,5,2023-02-21,Cancelado,0,0
4612,5105,1,2023-10-05,Cancelado,0,0
4613,4989,5,2023-01-13,Concluído,5,339
4614,2213,4,2023-12-12,Pendente,0,0
4615,1513,4,2023-03-06,Cancelado,0,0
4616,8563,1,2023-12-13,Pendente,0,0
4617,8109,2,2023-06-01,Pendente,0,0
4618,7907,2,2023-04-18,Cancelado,0,0
4619,6731,4,2023-03-21,Pendente,0,0
4620,1603,2,2023-06-24,Pendente,0,0
4621,9320,2,2023-07-26,Pendente,0,0
4622,7640,4,2023-07-20,Concluído,6,215
4623,3303,2,2023-10-10,Cancelado,0,0
4624,4080,2,2023-09-09,Cancelado,0,0
4625,5632,1,2023-03-16,Pendente,0,0
4626,9797,2,2023-05-28,Pendente,0,0
4627,4017,2,2023-02-16,Concluído,7,253
4628,593,2,2023-10-09,Concluído,6,247
4629,988,3,2023-06-01,Concluído,4,282
4630,8055,2,2023-09-03,Concluído,6,319
4631,2876,3,2023-08-15,Cancelado,0,0
4632,8528,5,2023-11-07,Pendente,0,0
4633,3920,4,2023-08-19,Concluído,6,290
4634,999,3,2023-05-11,Concluído,5,154
4635,6545,5,2023-12-30,Pendente,0,0
4636,1314,1,2023-03-01,Concluído,2,278
4637,179,2,2023-12-10,Pendente,0,0
4638,1559,2,2023-09-17,Cancelado,0,0
4639,8889,4,2023-03-26,Cancelado,0,0
4640,558,1,2023-01-10,Concluído,3,337
4641,5561,1,2023-06-15,Cancelado,0,0
4642,3385,4,2023-08-12,Concluído,6,266
4643,5933,3,2023-05-01,Concluído,3,166
4644,8808,1,2023-12-27,Pendente,0,0
4645,3382,4,2023-01-06,Pendente,0,0
4646,2443,1,2023-09-24,Concluído,3,348
4647,506,2,2023-04-15,Concluído,2,279
4648,7397,3,2023-09-19,Pendente,0,0
4649,1423,1,2023-12-07,Concluído,2,261
4650,3133,5,2023-03-14,Cancelado,0,0
4651,8421,2,2023-06-17,Pendente,0,0
4652,2640,5,2023-03-25,Pendente,0,0
4653,8097,4,2023-03-24,Pendente,0,0
4654,5576,4,2023-05-28,Concluído,7,343
4655,7215,2,2023-06-19,Pendente,0,0
4656,9464,4,2023-11-27,Pendente,0,0
4657,8910,2,2023-09-26,Cancelado,0,0
4658,2576,3,2023-05-15,Concluído,6,150
4659,7848,1,2023-06-27,Cancelado,0,0
4660,5133,5,2023-12-09,Cancelado,0,0
4661,9016,1,2023-02-15,Pendente,0,0
4662,3710,1,2023-09-03,Pendente,0,0
4663,4851,2,2023-05-19,Concluído,1,302
4664,689,3,2023-04-10,Cancelado,0,0
4665,7855,2,2023-12-14,Cancelado,0,0
4666,3923,2,2023-06-28,Pendente,0,0
4667,8832,4,2023-05-07,Cancelado,0,0
4668,3432,2,2023-09-19,Concluído,4,334
4669,8546,2,2023-12-28,Cancelado,0,0
4670,9047,4,2023-12-05,Pendente,0,0
4671,7766,5,2023-02-21,Pendente,0,0
4672,7918,2,2023-03-17,Pendente,0,0
4673,7555,4,2023-12-16,Concluído,2,187
4674,3024,3,2023-05-24,Cancelado,0,0
4675,3476,5,2023-01-04,Concluído,2,300
4676,5511,5,2023-09-04,Cancelado,0,0
4677,6981,1,2023-06-27,Pendente,0,0
4678,6418,4,2023-09-24,Pendente,0,0
4679,1120,3,2023-10-12,Concluído,5,255
4680,8216,3,2023-08-11,Pendente,0,0
4681,6614,2,2023-04-25,Pendente,0,0
4682,6269,1,2023-09-04,Pendente,0,0
4683,6208,1,2023-03-09,Cancelado,0,0
4684,8035,5,2023-09-13,Cancelado,0,0
4685,7799,3,2023-06-01,Concluído,1,291
4686,9453,4,2023-09-21,Concluído,7,341
4687,871,4,2023-04-11,Cancelado,0,0
4688,8140,2,2023-06-22,Pendente,0,0
4689,2074,1,2023-05-05,Concluído,5,165
4690,8015,1,2023-06-16,Pendente,0,0
4691,9266,5,2023-02-25,Concluído,1,288
4692,7998,5,2023-06-26,Cancelado,0,0
4693,5675,3,2023-02-10,Pendente,0,0
4694,7552,3,2023-06-04,Concluído,7,224
4695,1587,2,2023-06-04,Pendente,0,0
4696,9255,2,2023-10-09,Pendente,0,0
4697,2377,3,2023-02-09,Pendente,0,0
4698,6896,5,2023-02-08,Cancelado,0,0
4699,6262,5,2023-02-19,Cancelado,0,0
4700,4885,3,2023-12-13,Pendente,0,0
4701,95,4,2023-12-28,Pendente,0,0
4702,2420,1,2023-02-02,Cancelado,0,0
4703,4305,2,2023-07-21,Concluído,3,260
4704,9220,3,2023-10-05,Cancelado,0,0
4705,1607,1,2023-06-09,Concluído,7,209
4706,2927,5,2023-05-27,Cancelado,0,0
4707,4641,3,2023-10-12,Pendente,0,0
4708,8266,5,2023-07-12,Concluído,4,310
4709,5221,2,2023-12-03,Cancelado,0,0
4710,824,5,2023-07-01,Concluído,3,277
4711,2112,5,2023-06-23,Pendente,0,0
4712,5087,5,2023-12-10,Pendente,0,0
4713,3406,2,2023-03-02,Cancelado,0,0
4714,1071,3,2023-08-08,Cancelado,0,0
4715,7670,5,2023-04-27,Cancelado,0,0
4716,6575,4,2023-11-01,Cancelado,0,0
4717,6353,2,2023-10-12,Pendente,0,0
4718,3500,1,2023-07-17,Pendente,0,0
4719,3998,5,2023-06-17,Pendente,0,0
4720,8988,1,2023-05-08,Pendente,0,0
4721,3246,4,2023-02-01,Pendente,0,0
4722,448,5,2023-03-13,Cancelado,0,0
4723,6283,4,2023-09-12,Concluído,5,297
4724,9410,1,2023-02-06,Concluído,3,334
4725,9638,5,2023-02-08,Cancelado,0,0
4726,1010,3,2023-09-01,Concluído,7,161
4727,5827,4,2023-08-26,Concluído,3,255
4728,8352,5,2023-01-30,Cancelado,0,0
4729,8584,1,2023-06-01,Cancelado,0,0
4730,3604,1,2023-09-23,Cancelado,0,0
4731,8838,4,2023-12-17,Cancelado,0,0
4732,8553,2,2023-01-22,Cancelado,0,0
4733,8926,1,2023-01-09,Cancelado,0,0
4734,680,1,2023-10-10,Concluído,7,260
4735,7019,1,2023-01-18,Cancelado,0,0
4736,1052,3,2023-11-16,Pendente,0,0
4737,8565,3,2023-08-11,Concluído,1,323
4738,8325,1,2023-06-02,Pendente,0,0
4739,7431,2,2023-01-23,Cancelado,0,0
4740,6114,2,2023-11-05,Cancelado,0,0
4741,8784,2,2023-04-29,Concluído,4,192
4742,6832,3,2023-02-03,Pendente,0,0
4743,1419,4,2023-08-11,Cancelado,0,0
4744,8131,5,2023-12-08,Concluído,3,324
4745,2548,2,2023-09-12,Concluído,6,152
4746,2412,4,2023-04-13,Pendente,0,0
4747,4424,3,2023-05-11,Concluído,5,233
4748,4540,4,2023-01-31,Pendente,0,0
4749,2960,5,2023-11-29,Concluído,2,310
4750,7789,3,2023-02-01,Cancelado,0,0
4751,1011,1,2023-01-14,Cancelado,0,0
4752,9937,2,2023-10-29,Concluído,5,328
4753,2273,1,2023-02-25,Concluído,3,178
4754,794,5,2023-04-19,Cancelado,0,0
4755,7581,2,2023-10-05,Concluído,7,237
4756,1307,1,2023-01-21,Pendente,0,0
4757,8125,2,2023-06-06,Cancelado,0,0
4758,8803,3,2023-08-17,Pendente,0,0
4759,8263,2,2023-06-29,Concluído,1,272
4760,9985,5,2023-09-10,Cancelado,0,0
4761,1804,1,2023-12-16,Concluído,1,243
4762,2815,2,2023-01-30,Cancelado,0,0
4763,4628,3,2023-07-31,Cancelado,0,0
4764,7976,5,2023-08-02,Pendente,0,0
4765,4095,5,2023-03-15,Concluído,7,304
4766,7320,1,2023-07-31,Cancelado,0,0
4767,2779,5,2023-10-23,Concluído,4,214
4768,9579,3,2023-04-04,Cancelado,0,0
4769,4839,2,2023-10-12,Concluído,7,246
4770,5297,2,2023-01-05,Concluído,5,170
4771,3950,1,2023-05-29,Cancelado,0,0
4772,4421,2,2023-07-17,Concluído,3,179
4773,5313,3,2023-12-05,Cancelado,0,0
4774,9958,5,2023-08-29,Cancelado,0,0
4775,694,5,2023-06-30,Cancelado,0,0
4776,4564,4,2023-06-03,Cancelado,0,0
4777,3372,4,2023-03-12,Concluído,4,291
4778,4041,3,2023-03-24,Pendente,0,0
4779,6081,3,2023-12-08,Pendente,0,0
4780,1261,5,2023-05-19,Cancelado,0,0
4781,8324,2,2023-05-03,Cancelado,0,0
4782,846,5,2023-02-01,Pendente,0,0
4783,4008,1,2023-08-18,Concluído,7,187
4784,2644,3,2023-08-22,Pendente,0,0
4785,9785,3,2023-08-26,Pendente,0,0
4786,7872,3,2023-10-30,Pendente,0,0
4787,901,3,2023-09-08,Cancelado,0,0
4788,758,4,2023-11-26,Pendente,0,0
4789,8125,2,2023-06-02,Pendente,0,0
4790,9987,3,2023-07-06,Pendente,0,0
4791,2529,2,2023-11-01,Cancelado,0,0
4792,2125,4,2023-08-15,Concluído,3,321
4793,6644,1,2023-04-12,Concluído,7,337
4794,8624,1,2024-01-01,Pendente,0,0
4795,2047,3,2023-02-17,Concluído,4,232
4796,896,5,2023-06-12,Pendente,0,0
4797,3734,1,2023-12-28,Cancelado,0,0
4798,2562,5,2023-05-19,Cancelado,0,0
4799,700,2,2023-08-18,Cancelado,0,0
4800,4178,2,2023-02-10,Concluído,4,166
4801,2082,1,2023-01-13,Cancelado,0,0
4802,893,5,2023-11-10,Pendente,0,0
4803,5142,3,2023-06-20,Pendente,0,0
4804,7339,5,2023-12-26,Pendente,0,0
4805,6056,3,2023-08-17,Concluído,5,167
4806,4560,2,2023-01-19,Pendente,0,0
4807,7124,3,2023-04-21,Concluído,6,239
4808,9848,5,2023-05-16,Cancelado,0,0
4809,8991,5,2023-03-20,Pendente,0,0
4810,5612,5,2023-01-25,Concluído,6,161
4811,7184,4,2023-02-08,Cancelado,0,0
4812,4972,4,2023-10-22,Concluído,4,312
4813,8647,2,2023-01-13,Cancelado,0,0
4814,4933,2,2023-04-16,Concluído,6,275
4815,2987,4,2023-11-02,Concluído,5,200
4816,198,5,2023-12-30,Concluído,4,274
4817,9822,2,2023-02-16,Pendente,0,0
4818,7083,1,2023-08-13,Concluído,2,266
4819,5555,3,2023-07-18,Pendente,0,0
4820,4153,1,2023-05-30,Concluído,7,299
4821,7456,5,2023-12-02,Pendente,0,0
4822,6842,5,2023-01-17,Cancelado,0,0
4823,7927,1,2023-09-27,Pendente,0,0
4824,9521,1,2023-02-16,Cancelado,0,0
4825,1535,4,2023-10-11,Cancelado,0,0
4826,8432,5,2023-06-09,Concluído,4,291
4827,514,3,2023-08-03,Pendente,0,0
4828,1099,2,2023-10-28,Concluído,4,323
4829,9242,5,2023-06-25,Pendente,0,0
4830,370,5,2023-01-29,Cancelado,0,0
4831,2383,4,2023-08-15,Cancelado,0,0
4832,9594,5,2023-08-05,Pendente,0,0
4833,2989,4,2023-08-18,Cancelado,0,0
4834,3093,5,2023-05-05,Concluído,6,332
4835,1528,5,2023-08-08,Pendente,0,0
4836,2802,2,2023-02-15,Concluído,2,238
4837,6003,2,2023-03-04,Concluído,6,327
4838,4691,3,2023-11-03,Pendente,0,0
4839,5255,5,2023-10-10,Concluído,7,311
4840,3117,1,2023-01-21,Pendente,0,0
4841,2097,5,2023-06-12,Concluído,3,172
4842,9171,5,2023-11-28,Cancelado,0,0
4843,1678,2,2023-05-10,Pendente,0,0
4844,3050,4,2023-11-17,Cancelado,0,0
4845,1036,2,2023-06-13,Cancelado,0,0
4846,524,4,2023-09-02,Cancelado,0,0
4847,4667,2,2023-04-28,Pendente,0,0
4848,8183,5,2023-02-19,Concluído,1,248
4849,3255,2,2023-02-27,Cancelado,0,0
4850,858,5,2023-07-31,Pendente,0,0
4851,6689,2,2023-11-07,Concluído,7,337
4852,7700,3,2023-02-20,Pendente,0,0
4853,868,1,2023-08-22,Pendente,0,0
4854,3971,2,2023-09-04,Concluído,6,237
4855,8867,5,2023-09-09,Cancelado,0,0
4856,5235,5,2023-01-10,Pendente,0,0
4857,1480,2,2023-05-06,Cancelado,0,0
4858,6421,3,2023-03-26,Pendente,0,0
4859,6511,4,2023-02-09,Cancelado,0,0
4860,6704,3,2023-09-12,Cancelado,0,0
4861,5159,1,2023-04-13,Pendente,0,0
4862,80,3,2023-12-10,Pendente,0,0
4863,2785,4,2023-01-12,Concluído,5,244
4864,9245,2,2023-12-07,Cancelado,0,0
4865,6883,3,2023-01-07,Cancelado,0,0
4866,2983,5,2023-09-28,Pendente,0,0
4867,737,4,2023-07-21,Pendente,0,0
4868,2688,1,2023-12-24,Cancelado,0,0
4869,9350,3,2023-10-11,Pendente,0,0
4870,3111,5,2023-09-01,Concluído,4,295
4871,4781,3,2023-06-30,Pendente,0,0
4872,6019,3,2023-02-05,Concluído,5,305
4873,3040,4,2023-01-23,Pendente,0,0
4874,1835,4,2023-07-04,Concluído,2,193
4875,1151,4,2023-04-16,Pendente,0,0
4876,566,5,2023-05-15,Cancelado,0,0
4877,7691,2,2023-07-29,Concluído,1,150
4878,4941,5,2023-02-10,Cancelado,0,0
4879,3882,1,2023-01-28,Concluído,2,224
4880,7633,5,2023-11-09,Cancelado,0,0
4881,7687,4,2023-10-04,Cancelado,0,0
4882,2356,4,2023-05-11,Concluído,2,205
4883,3439,1,2023-10-23,Cancelado,0,0
4884,7879,4,2023-11-14,Cancelado,0,0
4885,3529,5,2023-07-31,Cancelado,0,0
4886,6499,4,2023-06-20,Pendente,0,0
4887,5041,2,2023-12-26,Pendente,0,0
4888,9558,5,2023-12-23,Pendente,0,0
4889,5008,5,2023-10-05,Concluído,7,192
4890,4941,3,2023-03-11,Concluído,7,172
4891,8687,4,2023-09-30,Concluído,2,239
4892,2908,4,2023-10-29,Pendente,0,0
4893,6931,5,2023-06-14,Cancelado,0,0
4894,4013,1,2023-01-10,Cancelado,0,0
4895,3282,1,2023-02-21,Cancelado,0,0
4896,1612,4,2023-04-17,Cancelado,0,0
4897,5030,3,2023-04-20,Pendente,0,0
4898,2941,3,2023-09-13,Concluído,5,319
4899,1750,1,2023-04-04,Pendente,0,0
4900,9775,1,2023-10-24,Cancelado,0,0
4901,7207,4,2023-06-20,Cancelado,0,0
4902,141,2,2023-06-12,Concluído,5,183
4903,132,2,2023-03-23,Pendente,0,0
4904,7015,4,2023-11-16,Pendente,0,0
4905,1359,1,2023-06-18,Cancelado,0,0
4906,8751,3,2023-06-20,Concluído,5,228
4907,1262,1,2023-06-04,Cancelado,0,0
4908,3108,5,2023-10-06,Pendente,0,0
4909,8704,2,2023-05-17,Concluído,1,153
4910,3402,1,2023-08-24,Concluído,1,323
4911,3755,5,2023-08-10,Cancelado,0,0
4912,8061,2,2023-12-02,Cancelado,0,0
4913,4057,1,2023-03-01,Concluído,4,301
4914,9794,2,2023-03-15,Cancelado,0,0
4915,5463,4,2023-09-28,Pendente,0,0
4916,2166,3,2023-06-25,Cancelado,0,0
4917,9412,5,2023-02-02,Cancelado,0,0
4918,289,3,2023-06-02,Concluído,3,201
4919,9469,4,2023-03-23,Cancelado,0,0
4920,3998,2,2023-07-08,Cancelado,0,0
4921,3812,4,2023-12-10,Pendente,0,0
4922,5921,4,2023-02-25,Concluído,1,317
4923,9975,4,2023-01-14,Cancelado,0,0
4924,3423,3,2023-07-20,Concluído,3,310
4925,5049,5,2023-08-23,Pendente,0,0
4926,3993,5,2023-06-04,Pendente,0,0
4927,6498,4,2023-10-03,Concluído,6,153
4928,8175,1,2023-11-13,Cancelado,0,0
4929,8009,4,2023-10-04,Cancelado,0,0
4930,7089,3,2023-05-15,Concluído,7,242
4931,6495,4,2023-03-10,Cancelado,0,0
4932,6056,3,2023-10-09,Cancelado,0,0
4933,2294,2,2023-02-15,Cancelado,0,0
4934,7062,4,2023-11-21,Pendente,0,0
4935,4700,1,2023-02-06,Cancelado,0,0
4936,3388,4,2023-10-16,Concluído,7,286
4937,3686,5,2023-01-19,Concluído,1,184
4938,5267,1,2023-06-24,Cancelado,0,0
4939,8728,3,2023-04-03,Pendente,0,0
4940,8695,4,2023-05-07,Cancelado,0,0
4941,9804,5,2023-11-16,Concluído,6,267
4942,2979,3,2023-07-26,Cancelado,0,0
4943,6910,2,2023-02-22,Pendente,0,0
4944,3091,4,2023-07-15,Pendente,0,0
4945,1942,2,2023-02-06,Pendente,0,0
4946,6054,5,2023-11-18,Cancelado,0,0
4947,7966,3,2023-11-21,Concluído,2,188
4948,5633,3,2023-04-20,Concluído,2,323
4949,8990,4,2023-09-21,Concluído,3,225
4950,7856,1,2023-01-18,Pendente,0,0
4951,1906,1,2023-02-04,Cancelado,0,0
4952,1673,1,2023-09-02,Cancelado,0,0
4953,8556,3,2023-07-11,Cancelado,0,0
4954,3351,2,2023-09-12,Concluído,6,235
4955,1909,5,2023-08-14,Cancelado,0,0
4956,9277,1,2023-01-21,Pendente,0,0
4957,1887,4,2023-09-04,Cancelado,0,0
4958,5825,2,2023-11-10,Pendente,0,0
4959,6795,5,2023-08-13,Pendente,0,0
4960,850,1,2023-08-17,Pendente,0,0
4961,8852,1,2023-04-01,Pendente,0,0
4962,5051,1,2023-08-20,Cancelado,0,0
4963,8667,4,2023-11-10,Concluído,6,187
4964,2178,5,2023-05-10,Cancelado,0,0
4965,8212,4,2023-04-17,Concluído,5,324
4966,6418,3,2023-05-02,Concluído,6,347
4967,8,2,2023-04-05,Cancelado,0,0
4968,9737,2,2023-08-19,Cancelado,0,0
4969,7041,2,2023-07-16,Cancelado,0,0
4970,2671,1,2023-07-23,Pendente,0,0
4971,5757,2,2023-09-29,Pendente,0,0
4972,4915,2,2023-12-30,Concluído,7,274
4973,250,4,2023-09-09,Cancelado,0,0
4974,1771,5,2023-01-28,Pendente,0,0
4975,8416,2,2023-11-03,Pendente,0,0
4976,4958,5,2023-09-18,Pendente,0,0
4977,6746,1,2023-01-14,Concluído,3,251
4978,531,2,2023-03-14,Concluído,4,224
4979,6525,3,2023-02-14,Pendente,0,0
4980,5540,4,2023-08-31,Cancelado,0,0
4981,6559,3,2023-03-11,Concluído,1,260
4982,8088,4,2023-12-04,Pendente,0,0
4983,1733,1,2023-03-21,Pendente,0,0
4984,1618,2,2023-08-23,Cancelado,0,0
4985,1163,4,2023-11-25,Pendente,0,0
4986,9895,1,2023-12-06,Pendente,0,0
4987,6984,3,2023-12-10,Pendente,0,0
4988,254,3,2023-07-21,Cancelado,0,0
4989,8122,1,2023-10-24,Cancelado,0,0
4990,2290,4,2023-11-02,Concluído,5,320
4991,8462,3,2023-09-07,Cancelado,0,0
4992,2449,5,2023-12-02,Pendente,0,0
4993,7585,5,2023-03-08,Pendente,0,0
4994,1330,1,2023-01-27,Cancelado,0,0
4995,8625,5,2023-03-27,Concluído,3,291
4996,9077,1,2023-01-27,Cancelado,0,0
4997,6924,4,2023-06-24,Concluído,7,270
4998,9470,5,2023-06-08,Concluído,2,215
4999,6312,1,2023-12-02,Pendente,0,0
5000,9287,1,2023-07-16,Pendente,0,0
5001,6346,5,2023-09-19,Concluído,3,265
5002,3953,2,2023-01-22,Cancelado,0,0
5003,1538,2,2023-01-30,Pendente,0,0
5004,735,3,2023-12-10,Concluído,3,205
5005,2421,5,2023-11-26,Concluído,6,233
5006,3632,3,2023-02-01,Pendente,0,0
5007,3459,2,2023-02-19,Cancelado,0,0
5008,5811,3,2023-10-19,Pendente,0,0
5009,4016,1,2023-06-18,Concluído,4,284
5010,8637,2,2023-06-24,Concluído,2,245
5011,2141,5,2023-05-29,Concluído,4,282
5012,637,4,2023-04-01,Cancelado,0,0
5013,2787,4,2023-01-24,Pendente,0,0
5014,9258,5,2023-02-15,Pendente,0,0
5015,3380,4,2023-04-11,Cancelado,0,0
5016,7272,5,2023-07-02,Cancelado,0,0
5017,4427,1,2023-12-05,Concluído,3,230
5018,7563,3,2023-07-24,Concluído,3,305
5019,9497,3,2023-02-13,Pendente,0,0
5020,190,2,2023-09-20,Pendente,0,0
5021,9039,2,2023-11-22,Pendente,0,0
5022,2915,1,2023-08-22,Concluído,4,227
5023,3495,1,2023-06-06,Cancelado,0,0
5024,3538,5,2023-10-10,Pendente,0,0
5025,4113,3,2023-12-11,Concluído,2,186
5026,397,1,2023-10-28,Pendente,0,0
5027,7786,3,2023-05-26,Concluído,6,334
5028,7393,2,2023-05-09,Cancelado,0,0
5029,1401,2,2023-04-19,Concluído,7,340
5030,2026,4,2023-07-12,Pendente,0,0
5031,4854,4,2023-07-10,Concluído,4,306
5032,4525,5,2023-12-23,Concluído,5,252
5033,3939,5,2023-02-27,Pendente,0,0
5034,7025,3,2023-05-29,Pendente,0,0
5035,7749,5,2023-01-23,Concluído,7,316
5036,8661,5,2023-07-12,Pendente,0,0
5037,4302,5,2023-11-17,Cancelado,0,0
5038,2095,3,2023-09-27,Pendente,0,0
5039,3147,1,2023-03-19,Cancelado,0,0
5040,3401,1,2023-10-28,Cancelado,0,0
5041,1674,4,2023-09-23,Pendente,0,0
5042,5750,3,2023-02-28,Pendente,0,0
5043,1584,2,2023-02-21,Concluído,6,317
5044,6775,3,2023-02-13,Pendente,0,0
5045,2324,4,2023-01-22,Pendente,0,0
5046,9845,4,2023-04-27,Cancelado,0,0
5047,1477,3,2023-10-30,Concluído,1,295
5048,1819,2,2023-12-20,Cancelado,0,0
5049,2577,4,2023-09-01,Cancelado,0,0
5050,6419,5,2023-11-21,Cancelado,0,0
5051,1546,5,2023-12-19,Cancelado,0,0
5052,6732,1,2023-05-04,Concluído,6,311
5053,206,4,2023-06-09,Concluído,4,281
5054,9577,3,2023-02-21,Concluído,3,348
5055,5647,2,2023-04-27,Cancelado,0,0
5056,2193,1,2023-09-25,Pendente,0,0
5057,3159,5,2023-03-18,Cancelado,0,0
5058,1592,5,2023-06-09,Concluído,3,326
5059,3026,5,2023-02-28,Cancelado,0,0
5060,2264,3,2023-12-24,Cancelado,0,0
5061,7393,4,2023-02-11,Concluído,6,226
5062,797,1,2023-07-27,Pendente,0,0
5063,9889,4,2023-05-28,Concluído,7,306
5064,2897,1,2023-09-08,Pendente,0,0
5065,7938,1,2023-02-01,Cancelado,0,0
5066,142,3,2023-04-13,Cancelado,0,0
5067,9822,2,2023-12-15,Cancelado,0,0
5068,2204,4,2023-11-15,Pendente,0,0
5069,2850,4,2023-01-12,Cancelado,0,0
5070,6122,1,2023-11-21,Pendente,0,0
5071,7437,5,2023-09-19,Cancelado,0,0
5072,6628,1,2023-10-27,Pendente,0,0
5073,1517,4,2023-06-17,Cancelado,0,0
5074,2292,4,2023-09-03,Cancelado,0,0
5075,1598,3,2023-01-27,Concluído,4,264
5076,6345,2,2023-12-26,Concluído,6,181
5077,7368,5,2023-12-06,Cancelado,0,0
5078,6643,5,2023-01-01,Cancelado,0,0
5079,755,1,2023-12-12,Pendente,0,0
5080,6602,4,2023-04-13,Cancelado,0,0
5081,290,2,2023-03-11,Cancelado,0,0
5082,4391,3,2023-01-15,Concluído,1,236
5083,3844,2,2023-08-20,Pendente,0,0
5084,8403,3,2023-07-19,Pendente,0,0
5085,8545,3,2023-11-16,Pendente,0,0
5086,9555,1,2023-11-19,Concluído,1,173
5087,1849,4,2023-02-04,Cancelado,0,0
5088,7007,4,2023-11-23,Pendente,0,0
5089,4054,2,2023-07-07,Cancelado,0,0
5090,8254,3,2023-11-11,Pendente,0,0
5091,945,4,2023-08-10,Concluído,6,319
5092,9219,5,2023-03-20,Pendente,0,0
5093,9932,3,2023-09-24,Concluído,5,250
5094,460,5,2023-01-22,Cancelado,0,0
5095,9305,4,2023-11-12,Pendente,0,0
5096,4674,1,2023-10-17,Pendente,0,0
5097,9114,4,2023-07-23,Cancelado,0,0
5098,459,5,2023-04-27,Concluído,6,333
5099,808,1,2023-04-04,Concluído,4,299
5100,8008,1,2023-03-16,Concluído,7,274
5101,6026,1,2023-05-14,Concluído,1,194
5102,2958,4,2023-07-24,Pendente,0,0
5103,7971,4,2023-04-15,Pendente,0,0
5104,2009,2,2023-07-07,Cancelado,0,0
5105,2033,5,2023-01-17,Concluído,2,198
5106,3855,5,2023-06-10,Concluído,1,248
5107,799,5,2023-09-25,Pendente,0,0
5108,2519,1,2023-01-16,Cancelado,0,0
5109,8571,5,2023-11-18,Concluído,5,202
5110,2256,4,2023-06-23,Concluído,6,344
5111,6526,5,2023-04-25,Cancelado,0,0
5112,7235,1,2023-10-10,Cancelado,0,0
5113,6584,2,2023-06-04,Cancelado,0,0
5114,9831,1,2023-05-27,Cancelado,0,0
5115,5659,3,2023-09-20,Cancelado,0,0
5116,3930,2,2023-11-06,Pendente,0,0
5117,1224,3,2023-12-29,Cancelado,0,0
5118,8822,2,2023-03-12,Concluído,2,150
5119,3104,4,2023-02-21,Cancelado,0,0
5120,5520,2,2023-03-17,Pendente,0,0
5121,6322,5,2023-01-13,Pendente,0,0
5122,9120,2,2023-12-01,Concluído,6,221
5123,7472,2,2023-07-07,Concluído,2,226
5124,4873,2,2023-11-14,Cancelado,0,0
5125,2676,4,2023-02-13,Pendente,0,0
5126,4420,5,2023-06-17,Pendente,0,0
5127,9455,1,2023-03-18,Concluído,1,178
5128,8614,2,2023-05-31,Cancelado,0,0
5129,2456,5,2023-12-03,Pendente,0,0
5130,5402,4,2023-02-15,Cancelado,0,0
5131,2278,2,2023-12-08,Concluído,4,330
5132,6055,1,2023-11-24,Concluído,6,171
5133,3250,2,2023-03-27,Pendente,0,0
5134,3297,3,2023-06-22,Concluído,6,235
5135,5596,2,2023-09-21,Concluído,7,325
5136,9515,5,2023-01-08,Cancelado,0,0
5137,3842,3,2023-12-02,Concluído,7,235
5138,1258,3,2023-04-16,Cancelado,0,0
5139,3817,3,2023-12-04,Cancelado,0,0
5140,1864,4,2023-01-04,Pendente,0,0
5141,5878,5,2023-11-11,Concluído,3,314
5142,2911,4,2023-06-12,Pendente,0,0
5143,4367,4,2023-02-04,Concluído,4,263
5144,9657,4,2023-12-17,Cancelado,0,0
5145,9547,2,2023-06-13,Concluído,2,207
5146,2381,3,2023-12-01,Cancelado,0,0
5147,4445,4,2023-11-09,Pendente,0,0
5148,3248,2,2023-04-15,Concluído,5,325
5149,9304,2,2023-03-10,Pendente,0,0
5150,3995,1,2023-05-22,Cancelado,0,0
5151,625,3,2023-11-02,Cancelado,0,0
5152,990,5,2023-10-22,Pendente,0,0
5153,8646,2,2023-10-06,Pendente,0,0
5154,4503,5,2023-10-29,Concluído,3,256
5155,1829,4,2023-04-29,Cancelado,0,0
5156,6814,4,2023-03-23,Pendente,0,0
5157,4439,3,2023-12-07,Concluído,7,301
5158,2487,4,2023-09-14,Cancelado,0,0
5159,6688,2,2023-07-11,Cancelado,0,0
5160,7033,1,2023-05-12,Concluído,5,350
5161,2701,1,2023-08-22,Concluído,4,266
5162,9953,2,2023-09-08,Pendente,0,0
5163,3111,5,2023-06-21,Cancelado,0,0
5164,5172,5,2023-05-18,Pendente,0,0
5165,824,3,2023-08-12,Cancelado,0,0
5166,515,2,2023-04-01,Pendente,0,0
5167,9633,2,2023-06-03,Cancelado,0,0
5168,9274,1,2023-09-01,Pendente,0,0
5169,1280,2,2023-08-23,Cancelado,0,0
5170,9629,4,2023-01-20,Cancelado,0,0
5171,8825,3,2023-08-19,Cancelado,0,0
5172,1959,5,2023-01-01,Concluído,1,251
5173,4880,4,2023-01-15,Concluído,4,202
5174,9390,5,2023-07-20,Concluído,5,308
5175,4548,3,2023-12-02,Pendente,0,0
5176,8584,5,2023-09-23,Concluído,3,338
5177,324,2,2023-11-26,Concluído,2,188
5178,7810,5,2023-07-25,Cancelado,0,0
5179,1399,5,2023-05-17,Concluído,5,310
5180,6439,5,2023-01-05,Cancelado,0,0
5181,9648,4,2023-12-14,Pendente,0,0
5182,9424,3,2023-06-08,Pendente,0,0
5183,5285,2,2023-12-02,Concluído,4,305
5184,2945,5,2023-02-28,Concluído,5,267
5185,9850,4,2023-04-22,Cancelado,0,0
5186,2004,3,2023-06-28,Cancelado,0,0
5187,6066,3,2023-07-06,Cancelado,0,0
5188,7395,1,2023-12-02,Cancelado,0,0
5189,3033,4,2023-12-25,Pendente,0,0
5190,9790,4,2023-04-12,Cancelado,0,0
5191,7610,5,2023-02-25,Concluído,2,249
5192,5128,3,2023-10-03,Cancelado,0,0
5193,9056,2,2023-02-14,Concluído,2,224
5194,5307,1,2023-12-18,Pendente,0,0
5195,6071,4,2023-01-01,Pendente,0,0
5196,3351,4,2023-06-27,Cancelado,0,0
5197,6697,5,2023-02-28,Cancelado,0,0
5198,166,2,2023-01-01,Pendente,0,0
5199,1105,4,2023-02-24,Cancelado,0,0
5200,5123,2,2023-06-22,Concluído,5,224
5201,3166,4,2023-12-11,Concluído,4,206
5202,7218,3,2023-10-06,Concluído,4,322
5203,1133,5,2023-06-03,Pendente,0,0
5204,354,1,2023-11-03,Concluído,1,318
5205,267,1,2023-09-18,Cancelado,0,0
5206,6914,1,2023-09-14,Concluído,7,232
5207,6481,5,2023-05-13,Cancelado,0,0
5208,8312,1,2023-12-15,Cancelado,0,0
5209,89,2,2023-03-13,Cancelado,0,0
5210,7776,4,2023-10-13,Cancelado,0,0
5211,5834,4,2023-10-29,Pendente,0,0
5212,5062,3,2023-09-02,Pendente,0,0
5213,6272,2,2023-05-30,Cancelado,0,0
5214,6899,5,2023-10-13,Cancelado,0,0
5215,9667,3,2023-02-11,Concluído,7,175
5216,170,5,2023-11-04,Pendente,0,0
5217,9258,2,2023-04-05,Cancelado,0,0
5218,7812,3,2023-01-14,Concluído,6,191
5219,3373,3,2023-04-29,Cancelado,0,0
5220,1577,1,2023-06-25,Cancelado,0,0
5221,9325,5,2023-03-20,Cancelado,0,0
5222,139,1,2023-01-03,Concluído,6,180
5223,424,4,2023-02-22,Pendente,0,0
5224,5389,5,2023-01-07,Pendente,0,0
5225,8902,4,2023-01-14,Concluído,4,326
5226,8950,4,2023-10-16,Cancelado,0,0
5227,8095,4,2023-05-13,Cancelado,0,0
5228,8649,5,2023-10-24,Pendente,0,0
5229,610,1,2023-07-27,Pendente,0,0
5230,4507,2,2023-03-12,Concluído,5,212
5231,1725,5,2023-05-21,Concluído,7,257
5232,5522,3,2023-04-24,Cancelado,0,0
5233,6222,3,2023-06-17,Cancelado,0,0
5234,5305,1,2023-04-19,Cancelado,0,0
5235,4961,2,2023-04-27,Pendente,0,0
5236,2309,4,2023-09-19,Cancelado,0,0
5237,1613,3,2023-06-16,Cancelado,0,0
5238,5934,2,2023-02-15,Pendente,0,0
5239,3637,2,2023-12-04,Pendente,0,0
5240,5640,1,2023-11-17,Cancelado,0,0
5241,3512,1,2023-11-02,Concluído,4,161
5242,9020,4,2023-01-17,Concluído,1,341
5243,5717,5,2023-05-24,Cancelado,0,0
5244,7532,4,2023-10-04,Cancelado,0,0
5245,926,5,2023-02-24,Pendente,0,0
5246,1054,4,2023-07-12,Pendente,0,0
5247,7002,3,2023-10-19,Pendente,0,0
5248,7240,2,2023-11-23,Cancelado,0,0
5249,8409,3,2023-08-19,Concluído,7,281
5250,3744,5,2023-03-10,Pendente,0,0
5251,8726,4,2023-01-12,Concluído,4,213
5252,5055,2,2023-12-29,Cancelado,0,0
5253,8154,5,2023-12-18,Concluído,6,187
5254,1060,2,2023-11-14,Concluído,2,316
5255,6569,2,2023-09-28,Concluído,1,298
5256,5051,3,2023-08-28,Concluído,5,155
5257,6689,4,2023-03-23,Pendente,0,0
5258,896,2,2023-05-28,Concluído,5,269
5259,522,5,2023-01-13,Cancelado,0,0
5260,1727,3,2023-11-21,Pendente,0,0
5261,9725,2,2023-06-21,Cancelado,0,0
5262,4106,3,2023-12-16,Concluído,1,286
5263,1676,3,2023-08-02,Pendente,0,0
5264,6705,1,2023-04-11,Cancelado,0,0
5265,6930,4,2023-08-05,Pendente,0,0
5266,3067,2,2023-12-03,Pendente,0,0
5267,7857,4,2023-07-08,Pendente,0,0
5268,7371,2,2023-05-12,Cancelado,0,0
5269,3236,1,2023-12-29,Pendente,0,0
5270,4269,3,2023-05-25,Concluído,3,296
5271,2960,4,2023-03-28,Pendente,0,0
5272,4514,5,2023-04-08,Concluído,4,212
5273,1083,3,2023-06-28,Concluído,2,276
5274,5393,5,2023-05-21,Pendente,0,0
5275,4258,5,2023-06-09,Cancelado,0,0
5276,342,1,2023-11-04,Cancelado,0,0
5277,5133,3,2023-06-03,Cancelado,0,0
5278,6571,4,2023-05-15,Cancelado,0,0
5279,3340,5,2023-07-10,Pendente,0,0
5280,7994,3,2023-05-07,Cancelado,0,0
5281,4020,1,2023-09-07,Pendente,0,0
5282,97,3,2023-02-07,Concluído,4,350
5283,477,3,2023-11-07,Pendente,0,0
5284,3436,4,2023-02-05,Cancelado,0,0
5285,8480,3,2023-12-26,Pendente,0,0
5286,4751,4,2023-05-26,Pendente,0,0
5287,1057,3,2023-09-10,Concluído,2,325
5288,4707,5,2023-02-12,Cancelado,0,0
5289,8346,3,2023-03-14,Concluído,2,219
5290,7320,2,2023-07-18,Pendente,0,0
5291,2831,3,2023-09-20,Cancelado,0,0
5292,9978,3,2023-09-22,Pendente,0,0
5293,3743,4,2023-01-17,Cancelado,0,0
5294,9357,3,2023-10-31,Concluído,7,166
5295,1940,4,2023-08-13,Pendente,0,0
5296,3893,5,2023-08-27,Concluído,2,309
5297,4317,4,2023-08-05,Concluído,6,211
5298,1614,4,2023-04-21,Pendente,0,0
5299,3750,2,2023-12-28,Cancelado,0,0
5300,8317,2,2023-01-03,Pendente,0,0
5301,4722,4,2023-10-04,Pendente,0,0
5302,1751,3,2023-11-10,Concluído,3,215
5303,7248,2,2023-02-05,Cancelado,0,0
5304,5649,2,2023-06-13,Cancelado,0,0
5305,1703,2,2023-09-15,Cancelado,0,0
5306,214,2,2023-01-12,Pendente,0,0
5307,3900,4,2023-08-18,Pendente,0,0
5308,487,2,2023-11-25,Concluído,4,348
5309,6691,2,2023-03-17,Pendente,0,0
5310,4516,2,2023-04-17,Cancelado,0,0
5311,1432,2,2023-10-04,Concluído,6,329
5312,1968,5,2023-08-06,Cancelado,0,0
5313,8098,4,2023-11-17,Concluído,4,271
5314,2764,5,2023-08-25,Concluído,1,251
5315,8935,1,2023-03-04,Pendente,0,0
5316,9721,3,2023-03-24,Concluído,4,237
5317,6557,4,2023-05-15,Concluído,1,243
5318,4581,2,2023-08-24,Concluído,7,152
5319,2797,5,2023-07-19,Pendente,0,0
5320,8181,1,2023-12-02,Concluído,6,265
5321,7240,3,2023-03-03,Cancelado,0,0
5322,1633,3,2023-10-01,Concluído,5,310
5323,45,3,2023-06-02,Cancelado,0,0
5324,8960,1,2023-07-31,Pendente,0,0
5325,6721,3,2023-02-21,Pendente,0,0
5326,2337,4,2023-05-02,Concluído,6,172
5327,1653,2,2023-12-13,Concluído,2,295
5328,1683,4,2023-04-18,Concluído,7,341
5329,2700,2,2023-07-25,Cancelado,0,0
5330,6289,1,2023-01-21,Pendente,0,0
5331,2352,2,2023-10-26,Cancelado,0,0
5332,8088,3,2023-04-26,Concluído,7,319
5333,4715,4,2023-04-29,Pendente,0,0
5334,2750,1,2023-04-02,Cancelado,0,0
5335,1900,3,2023-03-13,Cancelado,0,0
5336,755,4,2023-09-02,Cancelado,0,0
5337,5434,3,2023-09-29,Concluído,5,346
5338,9491,3,2023-12-31,Pendente,0,0
5339,6970,2,2023-07-18,Cancelado,0,0
5340,9913,4,2023-07-17,Cancelado,0,0
5341,6986,5,2023-12-13,Cancelado,0,0
5342,3998,2,2023-03-11,Pendente,0,0
5343,4160,1,2023-10-30,Concluído,7,155
5344,6822,1,2023-07-01,Pendente,0,0
5345,5802,4,2023-07-09,Concluído,4,343
5346,8550,5,2023-01-22,Concluído,6,220
5347,2820,5,2023-10-03,Pendente,0,0
5348,7786,5,2023-09-23,Cancelado,0,0
5349,5512,1,2023-06-14,Pendente,0,0
5350,7257,2,2023-10-17,Concluído,1,210
5351,6615,5,2023-12-31,Cancelado,0,0
5352,6140,2,2023-09-24,Cancelado,0,0
5353,5856,3,2023-05-15,Pendente,0,0
5354,9872,1,2023-10-15,Pendente,0,0
5355,7429,1,2023-09-29,Concluído,6,280
5356,1396,3,2023-02-14,Pendente,0,0
5357,539,1,2023-06-23,Cancelado,0,0
5358,7414,4,2023-06-16,Cancelado,0,0
5359,4394,4,2023-06-09,Concluído,5,322
5360,3828,4,2023-06-08,Concluído,6,196
5361,965,1,2023-03-11,Pendente,0,0
5362,6358,1,2023-05-23,Cancelado,0,0
5363,9444,1,2023-08-19,Concluído,5,297
5364,575,2,2023-09-04,Pendente,0,0
5365,3646,5,2023-09-03,Cancelado,0,0
5366,6483,3,2023-03-01,Concluído,7,280
5367,4340,2,2023-10-12,Concluído,6,158
5368,8457,1,2023-02-11,Pendente,0,0
5369,5418,5,2023-02-09,Pendente,0,0
5370,2087,2,2023-09-09,Cancelado,0,0
5371,15,4,2023-12-12,Cancelado,0,0
5372,5202,4,2023-02-16,Pendente,0,0
5373,1303,4,2023-03-15,Pendente,0,0
5374,9674,1,2023-08-29,Concluído,7,257
5375,434,5,2023-03-12,Pendente,0,0
5376,5912,2,2023-02-23,Cancelado,0,0
5377,4050,1,2023-01-14,Cancelado,0,0
5378,5955,4,2023-08-05,Concluído,3,227
5379,257,5,2023-01-15,Pendente,0,0
5380,9263,2,2023-05-24,Cancelado,0,0
5381,4479,3,2023-03-08,Concluído,2,191
5382,715,2,2023-08-02,Cancelado,0,0
5383,2763,5,2023-08-01,Pendente,0,0
5384,3270,3,2023-07-30,Cancelado,0,0
5385,7138,3,2023-09-19,Concluído,7,309
5386,9205,4,2023-01-27,Pendente,0,0
5387,3051,5,2023-06-24,Cancelado,0,0
5388,1809,5,2023-03-26,Concluído,5,259
5389,4240,5,2023-07-30,Concluído,4,242
5390,903,1,2023-09-20,Pendente,0,0
5391,8910,2,2023-03-02,Concluído,3,309
5392,8916,4,2023-12-18,Pendente,0,0
5393,5395,1,2023-05-21,Cancelado,0,0
5394,4586,1,2023-07-02,Pendente,0,0
5395,9417,3,2023-04-11,Concluído,1,188
5396,7162,1,2023-08-24,Cancelado,0,0
5397,3851,4,2023-11-26,Cancelado,0,0
5398,3958,5,2023-10-31,Pendente,0,0
5399,8727,3,2023-06-10,Pendente,0,0
5400,4747,3,2023-05-14,Cancelado,0,0
5401,7919,2,2023-10-28,Concluído,7,164
5402,9061,5,2023-10-23,Concluído,7,232
5403,9743,5,2023-09-15,Pendente,0,0
5404,8107,1,2023-07-11,Concluído,4,198
5405,6940,4,2023-03-13,Concluído,1,198
5406,3089,5,2023-06-08,Concluído,1,282
5407,9616,4,2023-04-21,Concluído,5,218
5408,8081,5,2023-04-17,Cancelado,0,0
5409,2636,1,2023-08-29,Concluído,1,195
5410,7686,2,2023-02-11,Cancelado,0,0
5411,2951,3,2023-06-29,Pendente,0,0
5412,4140,2,2023-04-09,Pendente,0,0
5413,3176,2,2023-11-02,Pendente,0,0
5414,9008,2,2023-05-28,Pendente,0,0
5415,4567,4,2023-12-14,Cancelado,0,0
5416,2928,2,2023-09-26,Pendente,0,0
5417,6226,4,2023-08-16,Concluído,3,318
5418,956,4,2023-01-23,Cancelado,0,0
5419,4196,3,2023-12-18,Cancelado,0,0
5420,3555,4,2023-08-04,Concluído,1,349
5421,4927,3,2023-05-05,Cancelado,0,0
5422,952,1,2023-04-06,Concluído,4,285
5423,5849,3,2023-08-04,Cancelado,0,0
5424,6136,1,2023-01-27,Cancelado,0,0
5425,7177,3,2023-01-23,Pendente,0,0
5426,8860,1,2023-09-21,Concluído,5,176
5427,6053,3,2023-11-10,Pendente,0,0
5428,3505,5,2023-07-20,Pendente,0,0
5429,9988,5,2023-03-17,Pendente,0,0
5430,3782,4,2023-05-19,Pendente,0,0
5431,7059,5,2023-08-27,Concluído,3,176
5432,3537,4,2023-06-10,Pendente,0,0
5433,5492,5,2023-05-06,Cancelado,0,0
5434,2079,4,2023-09-11,Cancelado,0,0
5435,2351,2,2023-05-03,Concluído,6,325
5436,5237,2,2023-08-06,Cancelado,0,0
5437,8853,4,2023-07-28,Pendente,0,0
5438,7878,4,2023-08-28,Cancelado,0,0
5439,8666,5,2023-03-01,Cancelado,0,0
5440,4593,5,2023-12-23,Pendente,0,0
5441,2864,2,2023-06-06,Cancelado,0,0
5442,4634,2,2023-09-15,Concluído,3,150
5443,9455,2,2023-06-20,Pendente,0,0
5444,3063,4,2023-01-28,Pendente,0,0
5445,38,1,2023-09-03,Pendente,0,0
5446,5987,5,2023-09-05,Concluído,4,161
5447,2212,2,2023-12-08,Cancelado,0,0
5448,1693,2,2023-02-11,Pendente,0,0
5449,3252,2,2023-01-28,Cancelado,0,0
5450,9741,2,2023-07-17,Pendente,0,0
5451,6924,1,2023-10-12,Concluído,3,263
5452,3763,3,2023-01-19,Cancelado,0,0
5453,3369,1,2023-08-11,Pendente,0,0
5454,6294,5,2023-12-29,Cancelado,0,0
5455,2116,5,2023-09-15,Pendente,0,0
5456,60,3,2023-07-14,Pendente,0,0
5457,706,1,2023-12-19,Pendente,0,0
5458,4285,3,2023-12-19,Concluído,6,248
5459,4128,3,2023-09-05,Concluído,6,313
5460,3005,3,2023-07-02,Cancelado,0,0
5461,4934,1,2023-06-13,Concluído,1,291
5462,5555,1,2023-08-13,Pendente,0,0
5463,1637,4,2023-05-23,Cancelado,0,0
5464,5287,1,2023-11-11,Cancelado,0,0
5465,2715,5,2023-05-28,Concluído,3,254
5466,8887,4,2023-07-25,Pendente,0,0
5467,868,4,2023-08-19,Cancelado,0,0
5468,634,4,2023-03-24,Cancelado,0,0
5469,4466,1,2023-05-07,Pendente,0,0
5470,6478,3,2023-07-26,Concluído,7,241
5471,6731,4,2023-09-02,Concluído,1,270
5472,6511,3,2023-08-16,Pendente,0,0
5473,9400,3,2023-06-01,Cancelado,0,0
5474,2590,4,2023-05-23,Cancelado,0,0
5475,7884,3,2023-06-15,Concluído,4,250
5476,1934,5,2023-07-28,Cancelado,0,0
5477,2486,3,2023-01-13,Concluído,3,216
5478,7368,4,2023-11-03,Cancelado,0,0
5479,2156,3,2023-07-09,Cancelado,0,0
5480,7712,1,2023-10-13,Cancelado,0,0
5481,5198,3,2023-08-04,Concluído,6,217
5482,5671,1,2023-04-27,Cancelado,0,0
5483,2183,5,2023-10-10,Pendente,0,0
5484,9089,2,2023-05-27,Cancelado,0,0
5485,2985,3,2023-08-14,Cancelado,0,0
5486,2689,3,2023-04-12,Pendente,0,0
5487,2880,1,2023-12-03,Concluído,2,282
5488,7954,1,2023-02-13,Cancelado,0,0
5489,9578,3,2023-01-28,Cancelado,0,0
5490,5382,1,2023-12-06,Pendente,0,0
5491,4400,2,2023-09-27,Cancelado,0,0
5492,1691,5,2023-09-26,Pendente,0,0
5493,7588,4,2023-04-20,Pendente,0,0
5494,8131,1,2023-11-04,Cancelado,0,0
5495,4035,1,2023-05-21,Concluído,1,183
5496,4325,5,2023-04-10,Cancelado,0,0
5497,6961,3,2023-09-29,Concluído,1,184
5498,8431,5,2023-07-24,Pendente,0,0
5499,5602,4,2023-11-13,Concluído,1,175
5500,6912,2,2023-01-20,Concluído,7,233
5501,1689,2,2023-02-16,Cancelado,0,0
5502,1029,4,2023-09-15,Pendente,0,0
5503,4425,1,2023-03-16,Pendente,0,0
5504,8427,2,2023-01-14,Pendente,0,0
5505,9267,4,2023-08-08,Concluído,4,266
5506,7463,1,2023-06-16,Concluído,3,219
5507,8209,4,2023-10-29,Pendente,0,0
5508,1650,2,2023-04-13,Pendente,0,0
5509,512,3,2023-05-21,Cancelado,0,0
5510,216,1,2023-02-18,Cancelado,0,0
5511,3442,4,2023-06-18,Cancelado,0,0
5512,393,1,2023-01-25,Concluído,3,219
5513,5492,5,2023-12-24,Pendente,0,0
5514,1025,2,2023-12-13,Concluído,3,202
5515,9552,5,2023-07-16,Concluído,6,255
5516,3707,4,2023-09-20,Concluído,7,186
5517,1244,2,2023-05-03,Cancelado,0,0
5518,6077,1,2023-04-29,Pendente,0,0
5519,6487,5,2023-04-30,Concluído,4,304
5520,1052,4,2023-11-18,Concluído,7,205
5521,8702,3,2023-07-29,Pendente,0,0
5522,1501,3,2023-05-07,Concluído,5,317
5523,9223,3,2023-10-18,Pendente,0,0
5524,6486,3,2023-06-22,Cancelado,0,0
5525,5134,2,2023-11-17,Cancelado,0,0
5526,398,4,2023-05-15,Cancelado,0,0
5527,1796,4,2023-07-26,Concluído,7,345
5528,5313,3,2023-11-22,Pendente,0,0
5529,9363,5,2023-07-19,Cancelado,0,0
5530,8783,2,2023-04-03,Pendente,0,0
5531,6269,3,2023-01-27,Cancelado,0,0
5532,7929,1,2023-03-01,Pendente,0,0
5533,1427,1,2023-01-05,Pendente,0,0
5534,2990,1,2023-01-20,Concluído,6,240
5535,4244,4,2023-02-10,Cancelado,0,0
5536,8032,1,2023-06-26,Concluído,6,328
5537,3584,5,2023-06-28,Cancelado,0,0
5538,5436,3,2023-07-10,Cancelado,0,0
5539,2581,1,2024-01-01,Cancelado,0,0
5540,5792,1,2023-09-27,Concluído,1,301
5541,6957,3,2023-12-24,Pendente,0,0
5542,8331,2,2023-04-20,Concluído,5,330
5543,6260,4,2023-10-24,Cancelado,0,0
5544,4489,2,2023-06-25,Cancelado,0,0
5545,1494,5,2023-05-03,Pendente,0,0
5546,790,1,2023-07-07,Cancelado,0,0
5547,7323,5,2023-07-24,Pendente,0,0
5548,2157,1,2023-08-05,Cancelado,0,0
5549,1312,2,2023-07-31,Cancelado,0,0
5550,819,2,2023-02-05,Cancelado,0,0
5551,1098,4,2023-01-27,Cancelado,0,0
5552,6352,1,2023-06-17,Cancelado,0,0
5553,9487,5,2023-12-13,Cancelado,0,0
5554,2793,3,2023-02-03,Concluído,6,238
5555,3290,3,2023-06-09,Concluído,5,252
5556,7344,1,2023-09-19,Concluído,5,236
5557,9473,3,2023-10-08,Concluído,2,234
5558,1667,5,2023-03-02,Pendente,0,0
5559,3685,4,2023-11-29,Concluído,3,150
5560,190,4,2023-04-20,Concluído,2,192
5561,2818,4,2023-11-20,Pendente,0,0
5562,8601,1,2023-07-08,Concluído,4,183
5563,8304,4,2023-04-18,Pendente,0,0
5564,567,1,2023-05-01,Pendente,0,0
5565,2951,5,2023-02-01,Cancelado,0,0
5566,9113,1,2023-02-26,Cancelado,0,0
5567,1065,1,2023-07-25,Cancelado,0,0
5568,8885,5,2023-01-30,Concluído,6,239
5569,1742,1,2023-02-27,Pendente,0,0
5570,1175,3,2023-05-12,Pendente,0,0
5571,7747,1,2023-04-17,Cancelado,0,0
5572,756,1,2023-11-26,Concluído,5,159
5573,9323,4,2023-02-14,Cancelado,0,0
5574,8237,2,2023-01-18,Cancelado,0,0
5575,4045,3,2023-08-09,Pendente,0,0
5576,8370,3,2023-11-07,Concluído,7,308
5577,9703,3,2023-12-04,Concluído,1,251
5578,3047,4,2023-09-23,Pendente,0,0
5579,3246,3,2023-06-26,Pendente,0,0
5580,5983,3,2023-02-01,Cancelado,0,0
5581,8958,3,2023-04-04,Concluído,4,191
5582,8621,3,2023-08-08,Cancelado,0,0
5583,4356,5,2023-01-16,Cancelado,0,0
5584,2055,5,2023-10-25,Concluído,3,259
5585,6120,3,2023-11-16,Cancelado,0,0
5586,3919,1,2023-09-18,Pendente,0,0
5587,3098,4,2023-01-23,Concluído,7,253
5588,4528,1,2023-11-03,Cancelado,0,0
5589,5804,3,2023-02-21,Pendente,0,0
5590,3966,5,2023-03-02,Cancelado,0,0
5591,7322,4,2023-05-19,Concluído,4,267
5592,7037,3,2023-08-13,Pendente,0,0
5593,6352,2,2023-07-12,Pendente,0,0
5594,1818,4,2023-10-31,Cancelado,0,0
5595,9942,5,2023-02-07,Concluído,2,283
5596,3509,3,2023-01-14,Concluído,2,164
5597,6096,2,2023-11-11,Concluído,7,344
5598,6666,1,2023-08-22,Pendente,0,0
5599,496,4,2023-08-30,Concluído,4,199
5600,4871,1,2023-10-15,Pendente,0,0
5601,1716,3,2023-05-10,Pendente,0,0
5602,803,1,2023-08-04,Concluído,7,192
5603,6062,3,2023-10-24,Concluído,1,309
5604,5432,4,2023-08-01,Cancelado,0,0
5605,7392,4,2023-03-04,Concluído,7,227
5606,2299,3,2023-03-23,Concluído,2,171
5607,229,3,2023-02-17,Concluído,7,321
5608,1015,2,2023-03-27,Cancelado,0,0
5609,4447,1,2023-01-11,Concluído,7,237
5610,302,1,2023-05-13,Cancelado,0,0
5611,7568,1,2023-08-28,Cancelado,0,0
5612,6051,2,2023-03-24,Cancelado,0,0
5613,7486,2,2023-06-08,Cancelado,0,0
5614,4161,4,2023-01-08,Cancelado,0,0
5615,2014,5,2023-08-31,Pendente,0,0
5616,7126,3,2023-08-27,Cancelado,0,0
5617,9349,4,2023-12-01,Cancelado,0,0
5618,3267,5,2023-12-30,Concluído,5,288
5619,8355,1,2023-10-27,Concluído,6,185
5620,3342,3,2023-06-12,Concluído,1,337
5621,3776,1,2023-03-15,Concluído,1,323
5622,8455,5,2023-01-20,Pendente,0,0
5623,9161,4,2023-12-14,Cancelado,0,0
5624,4672,3,2023-12-29,Concluído,5,227
5625,9619,3,2023-02-09,Concluído,4,215
5626,1418,1,2023-02-26,Concluído,6,202
5627,6942,2,2023-08-30,Pendente,0,0
5628,5526,4,2023-07-24,Pendente,0,0
5629,2319,2,2023-01-21,Concluído,2,202
5630,1096,4,2023-12-15,Cancelado,0,0
5631,8644,4,2023-07-22,Concluído,3,204
5632,8499,3,2023-01-11,Concluído,3,220
5633,4614,5,2023-08-26,Pendente,0,0
5634,7374,2,2023-07-19,Concluído,5,298
5635,2480,5,2023-11-23,Cancelado,0,0
5636,9700,4,2023-11-16,Cancelado,0,0
5637,9950,3,2023-03-12,Concluído,7,248
5638,6828,1,2023-07-12,Concluído,1,325
5639,285,3,2023-02-13,Cancelado,0,0
5640,1983,4,2023-07-04,Concluído,5,186
5641,665,5,2023-05-07,Cancelado,0,0
5642,5334,4,2023-10-08,Cancelado,0,0
5643,1257,1,2023-05-07,Cancelado,0,0
5644,152,5,2023-07-25,Concluído,5,205
5645,645,2,2023-08-31,Concluído,1,179
5646,4580,3,2023-11-19,Pendente,0,0
5647,8922,4,2023-05-18,Cancelado,0,0
5648,9170,1,2023-07-23,Cancelado,0,0
5649,6430,4,2023-04-22,Pendente,0,0
5650,2578,1,2023-11-28,Concluído,1,183
5651,9736,1,2023-08-19,Concluído,1,162
5652,5465,2,2023-07-03,Cancelado,0,0
5653,6347,3,2023-11-01,Pendente,0,0
5654,4473,1,2023-03-13,Pendente,0,0
5655,8043,1,2023-03-15,Pendente,0,0
5656,5940,1,2023-11-07,Cancelado,0,0
5657,6127,5,2023-08-06,Pendente,0,0
5658,7650,5,2023-02-27,Cancelado,0,0
5659,492,3,2023-02-20,Cancelado,0,0
5660,9857,4,2023-06-02,Cancelado,0,0
5661,1575,2,2023-04-30,Concluído,5,273
5662,2561,1,2023-06-25,Concluído,2,322
5663,5677,3,2023-11-27,Concluído,4,271
5664,4529,5,2023-01-21,Pendente,0,0
5665,66,2,2023-09-29,Pendente,0,0
5666,2322,1,2023-12-04,Pendente,0,0
5667,871,2,2023-09-01,Pendente,0,0
5668,7108,5,2023-08-26,Cancelado,0,0
5669,7265,1,2023-08-23,Concluído,2,264
5670,5823,1,2023-02-05,Cancelado,0,0
5671,3118,4,2023-03-04,Cancelado,0,0
5672,1661,2,2023-05-28,Cancelado,0,0
5673,3474,4,2023-11-27,Cancelado,0,0
5674,2238,3,2023-12-09,Cancelado,0,0
5675,1585,2,2023-03-18,Cancelado,0,0
5676,4296,4,2023-11-14,Pendente,0,0
5677,836,5,2023-02-07,Pendente,0,0
5678,2615,2,2023-03-28,Concluído,6,255
5679,4167,2,2023-05-29,Concluído,4,203
5680,3215,1,2023-11-22,Pendente,0,0
5681,6206,5,2023-07-03,Cancelado,0,0
5682,1413,3,2023-09-14,Pendente,0,0
5683,7849,5,2023-08-20,Concluído,5,158
5684,2724,1,2023-04-18,Cancelado,0,0
5685,4730,5,2023-02-03,Cancelado,0,0
5686,2694,4,2023-10-29,Concluído,5,334
5687,3038,4,2023-02-07,Concluído,4,280
5688,8019,1,2023-03-08,Cancelado,0,0
5689,8913,4,2023-10-10,Concluído,6,262
5690,8938,5,2023-12-21,Pendente,0,0
5691,6822,3,2023-05-29,Concluído,1,220
5692,5394,1,2023-07-14,Pendente,0,0
5693,9891,3,2023-08-26,Cancelado,0,0
5694,9377,4,2023-09-06,Cancelado,0,0
5695,72,1,2023-08-30,Concluído,4,174
5696,2053,1,2023-09-23,Concluído,5,263
5697,86,2,2023-11-09,Pendente,0,0
5698,7767,2,2023-03-07,Pendente,0,0
5699,289,5,2023-09-13,Pendente,0,0
5700,9103,5,2023-02-16,Concluído,1,168
5701,7311,5,2023-05-27,Cancelado,0,0
5702,4268,4,2023-01-25,Concluído,5,246
5703,613,2,2023-05-07,Pendente,0,0
5704,3479,2,2023-08-13,Cancelado,0,0
5705,1996,3,2023-09-11,Cancelado,0,0
5706,6112,5,2023-09-11,Pendente,0,0
5707,2103,4,2023-05-26,Pendente,0,0
5708,6324,4,2023-04-01,Pendente,0,0
5709,1914,5,2023-09-08,Cancelado,0,0
5710,4578,4,2023-11-11,Pendente,0,0
5711,5421,2,2023-01-25,Concluído,1,235
5712,7398,3,2023-03-30,Concluído,2,228
5713,3457,3,2023-11-18,Pendente,0,0
5714,5361,4,2023-06-17,Cancelado,0,0
5715,3884,2,2023-01-23,Concluído,7,172
5716,4716,3,2023-02-27,Cancelado,0,0
5717,3002,1,2023-05-05,Concluído,4,226
5718,8993,2,2023-12-04,Cancelado,0,0
5719,6314,4,2023-11-09,Cancelado,0,0
5720,5753,5,2023-09-06,Cancelado,0,0
5721,2722,1,2023-10-13,Cancelado,0,0
5722,2119,5,2023-03-09,Cancelado,0,0
5723,1425,2,2023-06-30,Concluído,2,255
5724,9557,5,2023-11-22,Concluído,5,350
5725,5509,2,2023-05-09,Cancelado,0,0
5726,1427,2,2023-06-30,Pendente,0,0
5727,1152,1,2023-04-01,Concluído,2,151
5728,8806,4,2023-02-12,Pendente,0,0
5729,3040,5,2023-04-25,Concluído,6,285
5730,9012,1,2023-03-14,Pendente,0,0
5731,6105,4,2023-08-24,Concluído,5,198
5732,8874,3,2023-12-07,Cancelado,0,0
5733,507,2,2023-10-23,Concluído,1,163
5734,3635,5,2023-04-10,Pendente,0,0
5735,9067,1,2023-06-10,Pendente,0,0
5736,7332,5,2023-03-30,Cancelado,0,0
5737,2255,1,2023-03-17,Cancelado,0,0
5738,6253,2,2023-07-23,Concluído,7,284
5739,4447,5,2023-06-13,Cancelado,0,0
5740,5760,4,2023-07-13,Pendente,0,0
5741,7469,4,2023-11-05,Concluído,5,296
5742,6722,4,2023-09-19,Cancelado,0,0
5743,4327,2,2023-01-10,Concluído,7,171
5744,4001,4,2023-12-20,Concluído,2,221
5745,9462,3,2023-07-15,Cancelado,0,0
5746,3355,2,2023-06-12,Concluído,2,221
5747,6121,3,2023-12-12,Pendente,0,0
5748,2956,4,2023-12-01,Concluído,7,281
5749,7587,4,2023-05-23,Concluído,3,336
5750,9361,2,2023-05-10,Concluído,5,197
5751,209,1,2023-08-17,Concluído,2,166
5752,2716,4,2023-06-22,Cancelado,0,0
5753,7394,4,2023-03-14,Pendente,0,0
5754,3041,2,2023-04-23,Concluído,4,310
5755,8416,2,2023-09-03,Cancelado,0,0
5756,1193,5,2023-02-24,Pendente,0,0
5757,9295,2,2023-10-10,Cancelado,0,0
5758,7904,1,2023-12-17,Cancelado,0,0
5759,5688,5,2023-11-09,Pendente,0,0
5760,3608,3,2023-04-26,Cancelado,0,0
5761,6499,5,2023-05-23,Pendente,0,0
5762,2526,3,2023-12-24,Cancelado,0,0
5763,4010,5,2023-06-02,Pendente,0,0
5764,7247,4,2023-03-16,Pendente,0,0
5765,7385,4,2023-05-15,Cancelado,0,0
5766,6859,3,2023-10-03,Pendente,0,0
5767,1154,4,2023-05-12,Pendente,0,0
5768,7867,2,2023-12-21,Cancelado,0,0
5769,5670,4,2023-09-15,Pendente,0,0
5770,196,5,2023-06-03,Concluído,6,290
5771,9388,4,2023-01-12,Pendente,0,0
5772,7555,4,2023-03-19,Cancelado,0,0
5773,6507,2,2023-05-15,Concluído,1,272
5774,2212,1,2023-12-06,Concluído,5,159
5775,8061,5,2023-12-06,Concluído,7,211
5776,4757,4,2023-06-11,Concluído,3,201
5777,3035,5,2023-04-15,Pendente,0,0
5778,1687,3,2023-08-15,Cancelado,0,0
5779,2919,3,2023-11-11,Concluído,4,343
5780,5653,4,2023-11-25,Pendente,0,0
5781,4470,2,2023-12-25,Pendente,0,0
5782,1777,5,2023-12-28,Concluído,7,312
5783,6372,2,2023-01-10,Cancelado,0,0
5784,7153,3,2023-09-24,Concluído,5,243
5785,7799,1,2023-05-23,Cancelado,0,0
5786,253,3,2023-12-31,Pendente,0,0
5787,9348,3,2023-03-23,Pendente,0,0
5788,1346,2,2023-09-09,Concluído,6,153
5789,7405,1,2023-12-14,Cancelado,0,0
5790,5489,3,2023-10-26,Pendente,0,0
5791,2590,3,2023-12-31,Pendente,0,0
5792,9843,1,2023-10-19,Concluído,7,198
5793,4086,1,2023-06-14,Pendente,0,0
5794,8402,4,2023-09-27,Concluído,6,341
5795,3758,2,2023-12-17,Cancelado,0,0
5796,2644,4,2023-05-19,Pendente,0,0
5797,9601,2,2023-05-30,Concluído,1,163
5798,6790,1,2023-11-21,Pendente,0,0
5799,2148,5,2023-09-03,Pendente,0,0
5800,4039,3,2023-05-11,Concluído,6,217
5801,479,4,2023-07-13,Cancelado,0,0
5802,8140,3,2023-11-18,Cancelado,0,0
5803,6146,5,2023-04-16,Cancelado,0,0
5804,5429,1,2023-08-29,Pendente,0,0
5805,4970,2,2023-08-20,Pendente,0,0
5806,4203,1,2023-03-16,Concluído,6,317
5807,2353,3,2023-12-29,Pendente,0,0
5808,1764,3,2023-02-11,Concluído,2,309
5809,8363,1,2023-02-02,Pendente,0,0
5810,6863,5,2023-12-11,Concluído,1,228
5811,9193,4,2023-08-27,Cancelado,0,0
5812,8195,3,2023-10-23,Cancelado,0,0
5813,5957,2,2023-08-03,Cancelado,0,0
5814,2402,2,2023-03-13,Cancelado,0,0
5815,8544,1,2023-11-24,Cancelado,0,0
5816,1145,3,2023-04-18,Cancelado,0,0
5817,1294,2,2023-11-20,Concluído,5,339
5818,5369,5,2023-02-07,Pendente,0,0
5819,455,5,2023-09-26,Cancelado,0,0
5820,6169,1,2023-01-06,Pendente,0,0
5821,4489,1,2023-05-30,Pendente,0,0
5822,8238,1,2023-08-22,Cancelado,0,0
5823,1704,5,2023-09-11,Cancelado,0,0
5824,3523,2,2023-12-24,Pendente,0,0
5825,401,5,2023-12-23,Concluído,6,196
5826,2623,1,2023-11-20,Pendente,0,0
5827,3128,3,2023-07-26,Cancelado,0,0
5828,5101,2,2023-08-17,Concluído,3,326
5829,2192,2,2023-05-16,Cancelado,0,0
5830,3222,3,2023-05-25,Pendente,0,0
5831,4003,3,2023-04-22,Concluído,3,279
5832,5915,3,2023-04-16,Cancelado,0,0
5833,8415,3,2023-09-18,Cancelado,0,0
5834,4141,5,2023-07-18,Cancelado,0,0
5835,8623,4,2023-03-31,Concluído,1,159
5836,2941,4,2023-11-20,Pendente,0,0
5837,4429,4,2023-04-27,Pendente,0,0
5838,4369,4,2023-10-28,Cancelado,0,0
5839,7475,5,2023-02-25,Concluído,3,215
5840,9594,3,2023-01-08,Pendente,0,0
5841,2755,2,2023-12-11,Cancelado,0,0
5842,7064,2,2023-07-19,Pendente,0,0
5843,3486,3,2023-04-01,Concluído,4,340
5844,288,5,2023-11-25,Cancelado,0,0
5845,5470,5,2023-08-16,Cancelado,0,0
5846,831,3,2023-03-05,Pendente,0,0
5847,4710,4,2023-02-17,Concluído,1,350
5848,6648,2,2023-01-01,Pendente,0,0
5849,2065,2,2023-04-17,Pendente,0,0
5850,1927,2,2023-06-02,Pendente,0,0
5851,7219,1,2023-10-25,Cancelado,0,0
5852,7009,1,2023-09-08,Cancelado,0,0
5853,2342,2,2023-04-02,Concluído,3,196
5854,6752,1,2023-08-09,Pendente,0,0
5855,1206,1,2023-12-20,Pendente,0,0
5856,555,1,2023-08-26,Concluído,3,311
5857,4064,1,2023-05-01,Pendente,0,0
5858,4318,3,2023-12-03,Concluído,1,155
5859,1057,1,2023-04-12,Concluído,1,231
5860,1138,5,2023-11-17,Cancelado,0,0
5861,816,2,2023-11-30,Concluído,7,165
5862,3724,4,2023-10-26,Pendente,0,0
5863,6044,1,2023-09-15,Pendente,0,0
5864,6444,3,2023-08-10,Concluído,4,245
5865,9664,3,2023-10-22,Cancelado,0,0
5866,8983,1,2023-06-01,Concluído,5,217
5867,5673,2,2023-04-25,Pendente,0,0
5868,423,5,2023-02-06,Cancelado,0,0
5869,2359,4,2023-05-14,Cancelado,0,0
5870,9298,1,2023-12-08,Cancelado,0,0
5871,8532,5,2023-02-08,Pendente,0,0
5872,2564,2,2023-05-19,Concluído,1,222
5873,9869,3,2023-02-23,Pendente,0,0
5874,6958,2,2023-07-02,Concluído,5,294
5875,5712,4,2023-12-11,Concluído,7,260
5876,6998,3,2023-05-12,Cancelado,0,0
5877,3484,1,2023-12-05,Cancelado,0,0
5878,5322,3,2023-01-01,Concluído,4,206
5879,3040,1,2024-01-01,Pendente,0,0
5880,5783,4,2023-01-30,Concluído,4,335
5881,9894,3,2023-08-24,Pendente,0,0
5882,546,1,2023-03-27,Cancelado,0,0
5883,9970,1,2023-10-19,Cancelado,0,0
5884,837,1,2023-08-12,Pendente,0,0
5885,6403,3,2023-07-09,Cancelado,0,0
5886,4489,4,2023-10-27,Cancelado,0,0
5887,1016,1,2023-08-05,Cancelado,0,0
5888,1236,4,2023-07-10,Concluído,3,203
5889,5601,3,2023-04-26,Concluído,5,325
5890,4630,2,2023-11-04,Cancelado,0,0
5891,2000,2,2023-11-18,Cancelado,0,0
5892,4349,2,2023-05-09,Concluído,3,184
5893,4284,2,2023-07-13,Cancelado,0,0
5894,6851,5,2023-12-01,Cancelado,0,0
5895,2764,4,2023-01-04,Cancelado,0,0
5896,1508,5,2023-04-28,Concluído,3,332
5897,3234,1,2023-11-30,Concluído,2,335
5898,4035,4,2023-11-08,Cancelado,0,0
5899,3396,2,2023-03-16,Pendente,0,0
5900,5501,5,2023-03-27,Cancelado,0,0
5901,32,1,2023-07-26,Pendente,0,0
5902,8109,5,2023-05-11,Pendente,0,0
5903,4785,3,2023-06-24,Pendente,0,0
5904,4287,3,2023-08-28,Cancelado,0,0
5905,6529,3,2023-01-27,Cancelado,0,0
5906,4391,4,2023-04-29,Pendente,0,0
5907,7152,2,2023-03-16,Pendente,0,0
5908,7465,3,2023-05-09,Concluído,6,226
5909,223,5,2023-02-04,Cancelado,0,0
5910,5515,3,2023-06-30,Pendente,0,0
5911,8760,4,2023-07-08,Concluído,6,301
5912,8486,1,2023-03-19,Cancelado,0,0
5913,514,1,2023-01-10,Pendente,0,0
5914,3179,5,2023-07-29,Concluído,3,188
5915,8207,3,2023-04-17,Cancelado,0,0
5916,4288,2,2023-06-15,Concluído,5,350
5917,5597,1,2023-05-31,Cancelado,0,0
5918,350,3,2023-09-02,Concluído,5,169
5919,331,1,2023-07-01,Concluído,2,189
5920,2437,1,2023-11-16,Pendente,0,0
5921,9183,2,2023-04-25,Cancelado,0,0
5922,724,3,2023-08-01,Concluído,2,289
5923,3492,2,2023-01-22,Pendente,0,0
5924,9510,1,2023-06-27,Cancelado,0,0
5925,4669,4,2023-12-27,Concluído,1,165
5926,7868,2,2023-08-14,Pendente,0,0
5927,1542,3,2023-11-18,Pendente,0,0
5928,2285,3,2023-04-16,Concluído,1,234
5929,7994,4,2023-06-04,Pendente,0,0
5930,3841,5,2023-10-09,Cancelado,0,0
5931,4015,4,2023-03-02,Cancelado,0,0
5932,7331,3,2023-12-21,Concluído,6,174
5933,6113,5,2023-05-20,Cancelado,0,0
5934,2100,2,2023-08-09,Concluído,7,267
5935,6703,4,2023-09-11,Pendente,0,0
5936,1226,4,2023-02-16,Cancelado,0,0
5937,5813,4,2023-08-31,Concluído,1,178
5938,3867,2,2023-04-08,Concluído,4,273
5939,597,5,2023-07-07,Cancelado,0,0
5940,8808,1,2023-09-14,Concluído,4,267
5941,3526,3,2023-02-24,Pendente,0,0
5942,3741,3,2023-09-18,Pendente,0,0
5943,7323,3,2023-02-11,Pendente,0,0
5944,4732,4,2023-12-02,Cancelado,0,0
5945,5028,3,2023-06-06,Concluído,2,240
5946,9647,4,2023-05-20,Cancelado,0,0
5947,2930,5,2023-10-12,Cancelado,0,0
5948,5458,1,2023-02-26,Pendente,0,0
5949,7333,4,2023-08-20,Cancelado,0,0
5950,8126,4,2023-07-01,Cancelado,0,0
5951,2909,3,2023-03-20,Pendente,0,0
5952,4118,1,2023-07-21,Cancelado,0,0
5953,7834,3,2023-06-14,Pendente,0,0
5954,6540,5,2023-12-09,Pendente,0,0
5955,3407,2,2023-02-12,Pendente,0,0
5956,3516,5,2023-03-16,Concluído,2,277
5957,1536,2,2023-06-12,Cancelado,0,0
5958,8955,5,2023-03-04,Cancelado,0,0
5959,7440,1,2023-04-12,Cancelado,0,0
5960,6617,3,2023-11-04,Concluído,6,272
5961,5415,1,2023-03-31,Cancelado,0,0
5962,5614,4,2023-08-02,Cancelado,0,0
5963,882,1,2023-08-27,Concluído,5,193
5964,4446,2,2023-11-28,Pendente,0,0
5965,6290,2,2023-09-18,Pendente,0,0
5966,3507,5,2023-03-25,Pendente,0,0
5967,2007,4,2023-01-03,Pendente,0,0
5968,2227,4,2023-07-04,Cancelado,0,0
5969,4133,3,2023-06-16,Concluído,4,304
5970,349,5,2023-10-09,Concluído,5,280
5971,5262,5,2023-10-02,Cancelado,0,0
5972,854,5,2023-10-06,Pendente,0,0
5973,1497,1,2023-12-11,Cancelado,0,0
5974,5579,1,2023-01-02,Pendente,0,0
5975,2862,1,2023-09-01,Concluído,1,220
5976,8033,2,2023-10-02,Pendente,0,0
5977,3839,1,2023-01-22,Pendente,0,0
5978,5660,3,2023-10-09,Pendente,0,0
5979,3640,3,2023-12-02,Cancelado,0,0
5980,9336,2,2023-02-11,Concluído,5,282
5981,9248,5,2023-05-23,Pendente,0,0
5982,2798,4,2023-03-03,Pendente,0,0
5983,9616,1,2023-04-07,Pendente,0,0
5984,3044,3,2023-03-22,Pendente,0,0
5985,7546,2,2023-12-12,Cancelado,0,0
5986,2104,2,2023-03-28,Concluído,2,227
5987,1460,5,2023-07-08,Pendente,0,0
5988,3191,4,2023-03-14,Cancelado,0,0
5989,1240,2,2023-04-15,Pendente,0,0
5990,3019,2,2023-03-01,Cancelado,0,0
5991,6585,2,2023-07-03,Pendente,0,0
5992,7208,1,2023-01-03,Cancelado,0,0
5993,351,1,2023-12-30,Concluído,4,194
5994,6968,1,2023-02-26,Concluído,4,239
5995,1314,1,2023-02-11,Cancelado,0,0
5996,8077,2,2023-04-03,Pendente,0,0
5997,8726,3,2023-10-14,Cancelado,0,0
5998,1278,4,2023-01-20,Concluído,7,250
5999,6661,3,2023-09-19,Concluído,5,202
6000,1899,2,2023-06-24,Cancelado,0,0
6001,1666,4,2023-01-18,Cancelado,0,0
6002,8994,5,2023-07-09,Concluído,7,182
6003,7925,5,2023-12-29,Concluído,3,342
6004,4920,2,2023-07-03,Cancelado,0,0
6005,9695,3,2023-06-10,Cancelado,0,0
6006,8948,5,2023-09-14,Pendente,0,0
6007,2235,3,2023-06-18,Cancelado,0,0
6008,1101,2,2023-12-04,Cancelado,0,0
6009,6792,1,2023-07-24,Cancelado,0,0
6010,1983,5,2023-01-05,Pendente,0,0
6011,6150,1,2023-10-16,Concluído,3,204
6012,3731,1,2023-05-22,Cancelado,0,0
6013,9463,2,2023-06-16,Cancelado,0,0
6014,6961,2,2023-09-06,Cancelado,0,0
6015,6219,2,2023-07-02,Cancelado,0,0
6016,5527,1,2023-07-15,Cancelado,0,0
6017,1643,2,2023-01-28,Concluído,6,345
6018,207,1,2023-06-20,Concluído,4,221
6019,8905,1,2023-06-14,Concluído,6,251
6020,8678,1,2023-11-17,Cancelado,0,0
6021,1166,3,2023-10-03,Concluído,2,261
6022,9590,5,2023-06-15,Concluído,2,337
6023,1617,4,2023-08-04,Pendente,0,0
6024,6475,1,2023-11-04,Concluído,5,336
6025,6891,3,2023-01-14,Concluído,4,318
6026,1910,5,2023-07-01,Cancelado,0,0
6027,4770,1,2023-02-23,Concluído,3,202
6028,2033,2,2023-11-17,Cancelado,0,0
6029,5611,1,2023-09-26,Pendente,0,0
6030,1373,2,2023-02-06,Pendente,0,0
6031,8714,1,2023-08-02,Concluído,3,287
6032,178,1,2023-10-31,Cancelado,0,0
6033,2973,3,2023-12-11,Concluído,7,285
6034,5568,1,2023-12-01,Cancelado,0,0
6035,5065,3,2023-05-14,Cancelado,0,0
6036,1719,2,2023-03-20,Pendente,0,0
6037,165,5,2023-06-26,Pendente,0,0
6038,824,1,2023-06-07,Concluído,3,248
6039,3070,4,2023-04-28,Pendente,0,0
6040,883,4,2023-05-26,Cancelado,0,0
6041,9366,3,2023-07-12,Concluído,2,293
6042,9588,2,2023-10-17,Cancelado,0,0
6043,5856,3,2023-04-01,Pendente,0,0
6044,4129,5,2023-11-22,Cancelado,0,0
6045,7755,3,2023-06-22,Pendente,0,0
6046,7348,5,2023-04-30,Pendente,0,0
6047,5171,3,2023-08-23,Concluído,4,189
6048,8500,3,2023-03-04,Pendente,0,0
6049,4698,3,2023-04-01,Pendente,0,0
6050,5135,5,2023-12-15,Concluído,3,165
6051,9601,4,2023-09-19,Pendente,0,0
6052,3371,5,2023-09-13,Concluído,1,323
6053,2424,4,2023-01-20,Pendente,0,0
6054,971,5,2023-05-12,Cancelado,0,0
6055,2006,1,2023-09-28,Pendente,0,0
6056,8209,3,2023-11-07,Concluído,1,210
6057,5691,2,2023-09-06,Pendente,0,0
6058,4300,1,2023-10-30,Cancelado,0,0
6059,9923,1,2023-03-27,Cancelado,0,0
6060,9025,3,2023-01-31,Concluído,7,324
6061,8630,1,2023-12-30,Concluído,1,223
6062,2789,2,2023-01-26,Cancelado,0,0
6063,7143,3,2023-10-05,Cancelado,0,0
6064,395,3,2023-05-22,Concluído,4,282
6065,4409,3,2023-09-16,Cancelado,0,0
6066,4379,1,2023-11-25,Concluído,4,229
6067,3642,2,2023-12-05,Cancelado,0,0
6068,3377,5,2023-07-31,Cancelado,0,0
6069,3057,3,2023-06-30,Pendente,0,0
6070,1892,3,2023-03-25,Cancelado,0,0
6071,3192,1,2023-03-28,Pendente,0,0
6072,1110,5,2023-09-07,Concluído,4,332
6073,1728,4,2023-02-11,Pendente,0,0
6074,9182,1,2023-11-09,Concluído,1,289
6075,6052,2,2023-05-24,Concluído,7,333
6076,2226,5,2023-07-26,Concluído,5,291
6077,4779,2,2023-10-26,Concluído,6,346
6078,2875,5,2023-12-24,Concluído,2,257
6079,604,3,2023-04-04,Pendente,0,0
6080,7955,5,2023-02-24,Cancelado,0,0
6081,8707,5,2023-02-14,Cancelado,0,0
6082,764,4,2023-10-16,Pendente,0,0
6083,1830,1,2023-10-29,Cancelado,0,0
6084,945,5,2023-09-04,Cancelado,0,0
6085,750,4,2023-01-14,Concluído,1,171
6086,1756,1,2023-08-07,Cancelado,0,0
6087,8236,5,2023-11-15,Cancelado,0,0
6088,819,3,2023-01-26,Pendente,0,0
6089,8653,1,2023-08-08,Cancelado,0,0
6090,1439,4,2023-03-21,Pendente,0,0
6091,8131,5,2023-06-15,Cancelado,0,0
6092,8883,2,2023-08-06,Concluído,5,210
6093,1826,2,2023-07-11,Pendente,0,0
6094,8670,2,2023-09-30,Pendente,0,0
6095,2369,3,2023-05-19,Pendente,0,0
6096,8563,2,2023-05-27,Pendente,0,0
6097,88,1,2024-01-01,Cancelado,0,0
6098,5378,4,2023-05-20,Concluído,5,243
6099,6161,1,2023-07-30,Cancelado,0,0
6100,7122,2,2023-01-21,Cancelado,0,0
6101,4485,3,2023-11-03,Cancelado,0,0
6102,6232,1,2023-07-28,Cancelado,0,0
6103,7501,4,2023-10-22,Concluído,1,189
6104,1472,4,2023-08-13,Concluído,5,294
6105,5141,2,2023-05-02,Pendente,0,0
6106,4297,4,2023-03-01,Concluído,6,349
6107,8269,5,2023-03-21,Pendente,0,0
6108,2288,2,2023-07-03,Cancelado,0,0
6109,4727,3,2023-01-31,Concluído,6,203
6110,4394,3,2023-02-17,Concluído,1,202
6111,1541,1,2023-04-10,Concluído,1,239
6112,3266,5,2023-02-20,Cancelado,0,0
6113,2027,5,2023-04-05,Concluído,1,275
6114,3507,2,2023-07-12,Pendente,0,0
6115,5300,4,2023-09-11,Cancelado,0,0
6116,6142,2,2023-10-20,Pendente,0,0
6117,4303,3,2023-05-23,Pendente,0,0
6118,6815,2,2023-01-21,Concluído,1,201
6119,1459,3,2023-03-13,Concluído,6,302
6120,3940,3,2023-08-05,Pendente,0,0
6121,4934,3,2023-03-04,Cancelado,0,0
6122,7901,3,2023-10-15,Concluído,1,235
6123,7515,3,2023-01-01,Pendente,0,0
6124,3734,5,2023-07-23,Concluído,5,294
6125,5534,1,2023-07-11,Pendente,0,0
6126,2129,2,2023-02-11,Concluído,7,283
6127,7305,4,2023-05-20,Pendente,0,0
6128,3149,2,2024-01-01,Concluído,4,332
6129,4545,2,2023-01-02,Concluído,4,323
6130,2343,2,2023-11-17,Pendente,0,0
6131,1944,4,2023-12-03,Pendente,0,0
6132,2053,2,2023-03-23,Pendente,0,0
6133,4760,5,2023-03-07,Concluído,6,304
6134,6448,2,2023-10-10,Cancelado,0,0
6135,5206,4,2023-02-19,Pendente,0,0
6136,2819,3,2023-09-11,Pendente,0,0
6137,8222,1,2023-06-02,Pendente,0,0
6138,7828,3,2023-12-21,Pendente,0,0
6139,3131,5,2023-05-29,Concluído,1,184
6140,6511,1,2023-10-11,Cancelado,0,0
6141,1827,4,2023-08-17,Cancelado,0,0
6142,2427,4,2023-05-21,Concluído,2,221
6143,5016,3,2023-01-21,Pendente,0,0
6144,3922,2,2023-06-28,Pendente,0,0
6145,9583,5,2023-08-15,Concluído,1,155
6146,8385,3,2023-01-25,Pendente,0,0
6147,4255,3,2023-06-21,Concluído,2,171
6148,7923,4,2023-09-03,Pendente,0,0
6149,5,1,2023-01-24,Pendente,0,0
6150,1762,3,2023-06-27,Cancelado,0,0
6151,2811,5,2023-10-28,Concluído,7,270
6152,3619,4,2023-10-08,Pendente,0,0
6153,4663,2,2023-05-17,Cancelado,0,0
6154,7966,2,2023-03-24,Pendente,0,0
6155,8708,3,2023-04-10,Concluído,4,215
6156,2291,5,2023-08-09,Pendente,0,0
6157,5085,2,2023-01-18,Cancelado,0,0
6158,3461,1,2023-12-14,Concluído,7,315
6159,1572,4,2023-11-13,Pendente,0,0
6160,1336,3,2023-02-15,Cancelado,0,0
6161,6990,4,2023-11-12,Pendente,0,0
6162,5202,5,2023-06-12,Concluído,2,290
6163,8664,1,2023-04-26,Cancelado,0,0
6164,931,1,2023-03-02,Concluído,5,187
6165,9362,5,2023-11-07,Cancelado,0,0
6166,6729,2,2023-10-06,Cancelado,0,0
6167,1068,3,2023-01-11,Cancelado,0,0
6168,7025,4,2023-02-25,Pendente,0,0
6169,8344,3,2023-04-11,Concluído,4,182
6170,2442,5,2023-08-06,Cancelado,0,0
6171,3151,1,2023-11-29,Cancelado,0,0
6172,8998,4,2023-12-07,Pendente,0,0
6173,8447,2,2023-02-16,Cancelado,0,0
6174,2469,5,2023-05-04,Concluído,7,228
6175,3883,4,2023-08-11,Pendente,0,0
6176,7688,3,2023-01-13,Pendente,0,0
6177,1572,1,2023-05-05,Pendente,0,0
6178,2081,3,2023-03-10,Cancelado,0,0
6179,636,3,2023-11-28,Pendente,0,0
6180,3786,4,2023-11-07,Pendente,0,0
6181,5228,3,2023-08-13,Cancelado,0,0
6182,854,3,2023-08-23,Pendente,0,0
6183,7385,3,2023-08-26,Pendente,0,0
6184,6956,2,2023-07-18,Cancelado,0,0
6185,3594,4,2023-05-02,Concluído,2,277
6186,542,4,2023-08-03,Concluído,1,285
6187,8948,5,2023-11-10,Pendente,0,0
6188,6139,4,2023-11-16,Pendente,0,0
6189,6423,4,2023-01-03,Concluído,7,249
6190,2413,4,2023-03-20,Pendente,0,0
6191,704,4,2023-02-05,Concluído,6,301
6192,6401,4,2023-04-07,Concluído,3,284
6193,9048,2,2023-11-23,Cancelado,0,0
6194,262,1,2023-06-29,Concluído,2,173
6195,3318,4,2023-02-12,Cancelado,0,0
6196,6130,1,2023-10-31,Cancelado,0,0
6197,2307,3,2023-08-24,Pendente,0,0
6198,8031,1,2023-11-17,Concluído,3,350
6199,9145,5,2023-06-19,Concluído,1,256
6200,1113,1,2023-06-24,Concluído,6,226
6201,8178,4,2023-01-04,Cancelado,0,0
6202,3414,5,2023-10-14,Cancelado,0,0
6203,2661,5,2023-12-27,Concluído,5,340
6204,5728,4,2023-12-05,Pendente,0,0
6205,2891,4,2023-02-23,Pendente,0,0
6206,4254,3,2023-03-10,Cancelado,0,0
6207,4712,1,2023-07-03,Cancelado,0,0
6208,4597,3,2023-09-23,Pendente,0,0
6209,2281,5,2023-11-28,Pendente,0,0
6210,1004,3,2023-05-16,Pendente,0,0
6211,3053,4,2023-07-19,Pendente,0,0
6212,7790,2,2023-04-15,Pendente,0,0
6213,4303,2,2023-07-18,Cancelado,0,0
6214,7984,3,2023-12-03,Cancelado,0,0
6215,4203,4,2023-06-05,Cancelado,0,0
6216,2289,5,2023-02-27,Concluído,2,270
6217,1451,3,2023-06-10,Concluído,3,187
6218,6902,4,2023-08-08,Pendente,0,0
6219,5241,4,2023-11-08,Pendente,0,0
6220,5190,4,2023-06-15,Concluído,3,273
6221,7748,1,2023-06-24,Cancelado,0,0
6222,1979,2,2023-05-14,Pendente,0,0
6223,1685,2,2023-12-07,Cancelado,0,0
6224,3814,1,2023-09-22,Cancelado,0,0
6225,4309,2,2023-02-17,Concluído,4,248
6226,5021,3,2023-09-28,Pendente,0,0
6227,4750,4,2023-01-29,Cancelado,0,0
6228,8302,2,2023-10-28,Pendente,0,0
6229,852,3,2023-11-10,Concluído,3,183
6230,8597,3,2023-04-05,Pendente,0,0
6231,1058,3,2023-02-03,Cancelado,0,0
6232,1307,2,2023-04-05,Pendente,0,0
6233,8365,2,2023-02-19,Pendente,0,0
6234,2303,3,2023-10-18,Pendente,0,0
6235,236,3,2023-08-17,Concluído,4,249
6236,9570,2,2023-03-20,Cancelado,0,0
6237,8794,1,2023-08-16,Pendente,0,0
6238,1930,1,2023-09-24,Pendente,0,0
6239,8712,1,2023-11-30,Pendente,0,0
6240,5627,1,2023-06-14,Cancelado,0,0
6241,9337,5,2023-10-11,Concluído,3,206
6242,9120,2,2023-07-14,Cancelado,0,0
6243,7938,5,2023-03-26,Concluído,3,150
6244,94,1,2023-01-23,Cancelado,0,0
6245,7156,2,2023-08-01,Cancelado,0,0
6246,8237,1,2023-11-13,Cancelado,0,0
6247,2155,1,2023-12-15,Concluído,5,186
6248,845,4,2023-10-18,Pendente,0,0
6249,7725,5,2023-10-03,Concluído,6,267
6250,4096,5,2023-06-19,Cancelado,0,0
6251,6856,1,2023-08-10,Concluído,6,196
6252,8330,4,2023-12-28,Concluído,4,175
6253,9649,5,2023-05-21,Cancelado,0,0
6254,1493,3,2023-12-20,Pendente,0,0
6255,9408,3,2023-02-17,Cancelado,0,0
6256,1881,3,2023-02-14,Pendente,0,0
6257,7100,2,2023-08-30,Pendente,0,0
6258,3434,3,2023-07-12,Pendente,0,0
6259,1348,1,2023-02-21,Cancelado,0,0
6260,3946,3,2023-04-03,Pendente,0,0
6261,1666,5,2023-07-23,Pendente,0,0
6262,411,4,2023-03-23,Pendente,0,0
6263,1259,3,2023-10-02,Cancelado,0,0
6264,8582,1,2023-12-29,Cancelado,0,0
6265,9509,5,2023-04-30,Concluído,7,302
6266,8014,3,2023-12-02,Cancelado,0,0
6267,560,3,2023-12-07,Pendente,0,0
6268,4651,4,2023-01-29,Cancelado,0,0
6269,5293,5,2023-04-19,Cancelado,0,0
6270,3275,2,2024-01-01,Concluído,6,283
6271,9303,4,2023-08-03,Concluído,3,325
6272,4434,4,2023-05-25,Cancelado,0,0
6273,8485,4,2023-04-11,Pendente,0,0
6274,1926,5,2023-12-28,Concluído,1,337
6275,7520,2,2023-06-11,Cancelado,0,0
6276,5791,5,2023-08-23,Pendente,0,0
6277,3769,4,2023-09-08,Concluído,7,247
6278,7061,2,2023-07-07,Cancelado,0,0
6279,2485,4,2023-06-07,Concluído,1,217
6280,276,1,2023-03-24,Concluído,7,182
6281,5714,1,2023-09-22,Concluído,7,304
6282,2894,3,2023-05-23,Cancelado,0,0
6283,5740,5,2023-10-29,Pendente,0,0
6284,7947,2,2023-11-14,Pendente,0,0
6285,877,2,2023-12-10,Pendente,0,0
6286,8061,5,2023-04-05,Concluído,2,263
6287,9790,2,2023-02-05,Pendente,0,0
6288,6825,5,2023-11-14,Pendente,0,0
6289,1570,1,2023-10-17,Cancelado,0,0
6290,9600,1,2023-02-27,Pendente,0,0
6291,8541,3,2023-03-17,Pendente,0,0
6292,9179,4,2023-11-17,Cancelado,0,0
6293,9659,2,2023-03-31,Concluído,6,290
6294,7797,3,2023-12-11,Cancelado,0,0
6295,6133,5,2023-07-20,Concluído,7,259
6296,1550,5,2023-10-17,Pendente,0,0
6297,8295,5,2023-06-09,Cancelado,0,0
6298,2256,2,2023-03-14,Cancelado,0,0
6299,909,2,2023-08-16,Cancelado,0,0
6300,6911,4,2023-07-20,Pendente,0,0
6301,9616,5,2023-05-25,Concluído,7,163
6302,7617,5,2023-12-17,Concluído,6,296
6303,8778,5,2023-10-08,Pendente,0,0
6304,9071,3,2023-11-07,Cancelado,0,0
6305,9430,1,2023-09-04,Concluído,5,213
6306,1105,3,2023-06-08,Concluído,7,254
6307,8442,1,2023-05-31,Cancelado,0,0
6308,1135,5,2023-05-04,Pendente,0,0
6309,2376,4,2023-02-19,Pendente,0,0
6310,2500,3,2023-09-09,Pendente,0,0
6311,8475,4,2023-11-04,Concluído,5,228
6312,3956,3,2023-11-06,Concluído,2,191
6313,3064,3,2023-11-12,Concluído,5,312
6314,3405,1,2023-06-21,Cancelado,0,0
6315,3822,4,2023-09-06,Concluído,4,193
6316,2704,3,2023-01-07,Cancelado,0,0
6317,5669,1,2023-07-04,Pendente,0,0
6318,930,1,2023-02-09,Cancelado,0,0
6319,208,1,2023-02-01,Cancelado,0,0
6320,486,4,2023-07-18,Concluído,5,260
6321,1764,1,2023-08-16,Cancelado,0,0
6322,6764,2,2023-02-19,Concluído,3,204
6323,8867,4,2023-09-03,Concluído,4,237
6324,5163,4,2023-11-29,Cancelado,0,0
6325,9474,5,2023-12-18,Pendente,0,0
6326,9959,4,2023-03-30,Concluído,5,348
6327,1842,2,2023-12-31,Pendente,0,0
6328,3145,2,2023-01-26,Pendente,0,0
6329,2637,5,2023-08-09,Cancelado,0,0
6330,2205,2,2023-11-17,Concluído,5,166
6331,5447,5,2023-07-16,Concluído,1,255
6332,3573,3,2023-03-05,Pendente,0,0
6333,9326,5,2023-06-13,Cancelado,0,0
6334,4720,3,2023-11-14,Pendente,0,0
6335,2573,3,2023-11-20,Concluído,4,318
6336,1114,5,2023-01-04,Cancelado,0,0
6337,2687,1,2023-11-10,Cancelado,0,0
6338,272,5,2023-04-23,Concluído,7,233
6339,5671,5,2023-01-17,Concluído,1,319
6340,9592,4,2023-03-31,Concluído,1,263
6341,9132,2,2024-01-01,Concluído,5,259
6342,2948,2,2023-04-28,Cancelado,0,0
6343,3480,3,2023-06-10,Cancelado,0,0
6344,8966,4,2023-06-27,Cancelado,0,0
6345,754,5,2023-05-03,Cancelado,0,0
6346,2175,3,2023-04-25,Concluído,2,319
6347,8208,3,2023-02-10,Cancelado,0,0
6348,5046,1,2023-11-24,Cancelado,0,0
6349,6425,4,2023-12-04,Pendente,0,0
6350,670,1,2023-07-08,Pendente,0,0
6351,3915,2,2023-09-05,Pendente,0,0
6352,9878,1,2023-02-14,Pendente,0,0
6353,2799,3,2023-05-21,Concluído,4,276
6354,5588,3,2023-11-11,Cancelado,0,0
6355,8380,1,2023-05-13,Concluído,6,310
6356,2043,4,2023-05-18,Pendente,0,0
6357,778,1,2023-03-24,Pendente,0,0
6358,3145,1,2023-10-16,Concluído,7,269
6359,2176,4,2023-03-06,Cancelado,0,0
6360,3633,1,2023-07-16,Concluído,1,261
6361,1481,1,2023-12-19,Cancelado,0,0
6362,798,2,2023-04-19,Cancelado,0,0
6363,1886,3,2023-04-27,Concluído,2,210
6364,6488,3,2023-05-19,Pendente,0,0
6365,5482,3,2023-07-17,Pendente,0,0
6366,4983,1,2023-06-07,Concluído,4,332
6367,8563,2,2023-09-09,Pendente,0,0
6368,1185,4,2023-11-05,Concluído,5,295
6369,3853,3,2023-12-28,Cancelado,0,0
6370,9657,2,2023-10-16,Concluído,7,350
6371,6806,5,2023-11-26,Pendente,0,0
6372,7019,2,2023-03-29,Cancelado,0,0
6373,7236,5,2023-09-19,Pendente,0,0
6374,8154,1,2023-10-15,Cancelado,0,0
6375,4965,2,2023-06-07,Cancelado,0,0
6376,5028,5,2023-04-24,Concluído,5,186
6377,5560,3,2023-01-07,Concluído,7,341
6378,5141,5,2023-03-09,Pendente,0,0
6379,6765,1,2023-05-10,Concluído,1,208
6380,2332,3,2023-10-18,Cancelado,0,0
6381,6330,4,2023-07-22,Cancelado,0,0
6382,946,1,2023-08-20,Cancelado,0,0
6383,1211,4,2023-06-10,Concluído,7,323
6384,1803,3,2023-01-05,Cancelado,0,0
6385,7090,2,2023-09-28,Cancelado,0,0
6386,3043,2,2023-05-23,Pendente,0,0
6387,9813,1,2023-02-17,Pendente,0,0
6388,5905,2,2023-07-11,Concluído,1,218
6389,8131,4,2023-02-13,Cancelado,0,0
6390,8393,1,2023-06-19,Cancelado,0,0
6391,3695,3,2023-10-21,Pendente,0,0
6392,2779,2,2023-02-27,Concluído,2,343
6393,6613,3,2023-04-23,Cancelado,0,0
6394,882,1,2023-12-19,Concluído,3,195
6395,6259,5,2023-09-13,Pendente,0,0
6396,143,3,2023-05-21,Cancelado,0,0
6397,8830,1,2023-11-09,Concluído,6,215
6398,9633,2,2023-08-08,Cancelado,0,0
6399,7166,2,2023-09-05,Cancelado,0,0
6400,8784,4,2023-10-27,Concluído,3,310
6401,2156,2,2023-09-25,Cancelado,0,0
6402,8973,1,2023-10-14,Cancelado,0,0
6403,4798,3,2023-08-09,Pendente,0,0
6404,4821,3,2023-10-03,Concluído,2,276
6405,6310,2,2023-07-15,Concluído,1,325
6406,7866,4,2023-10-27,Concluído,7,315
6407,6492,4,2023-02-14,Concluído,2,326
6408,7518,2,2023-02-28,Cancelado,0,0
6409,4467,5,2023-03-31,Cancelado,0,0
6410,7703,2,2023-08-06,Pendente,0,0
6411,955,4,2023-03-11,Concluído,5,241
6412,9206,5,2023-03-28,Concluído,5,215
6413,281,4,2023-12-17,Cancelado,0,0
6414,1187,1,2023-05-09,Pendente,0,0
6415,1267,2,2023-07-12,Cancelado,0,0
6416,3144,3,2023-05-21,Concluído,7,226
6417,7815,5,2023-04-14,Pendente,0,0
6418,4507,3,2023-02-15,Concluído,3,202
6419,77,2,2023-06-03,Cancelado,0,0
6420,9037,3,2023-10-15,Pendente,0,0
6421,7058,3,2023-07-27,Concluído,7,216
6422,2235,4,2023-02-22,Pendente,0,0
6423,9441,5,2023-04-17,Cancelado,0,0
6424,2171,4,2023-08-14,Pendente,0,0
6425,8915,2,2023-08-02,Concluído,6,241
6426,5120,4,2023-08-03,Concluído,7,220
6427,9668,5,2023-06-16,Cancelado,0,0
6428,4952,2,2023-01-29,Cancelado,0,0
6429,9270,4,2023-03-09,Concluído,6,258
6430,9735,5,2023-07-10,Concluído,1,294
6431,395,3,2023-01-18,Pendente,0,0
6432,4516,2,2023-04-23,Cancelado,0,0
6433,7423,1,2023-04-02,Cancelado,0,0
6434,7809,1,2023-05-09,Concluído,3,304
6435,9887,4,2023-02-21,Cancelado,0,0
6436,6380,3,2023-01-28,Cancelado,0,0
6437,9181,4,2023-09-19,Pendente,0,0
6438,6337,1,2023-01-30,Pendente,0,0
6439,4264,2,2023-03-04,Concluído,1,229
6440,8877,1,2023-11-17,Pendente,0,0
6441,467,2,2023-01-01,Concluído,2,301
6442,743,4,2023-04-19,Concluído,2,216
6443,4688,3,2023-10-16,Pendente,0,0
6444,9970,2,2023-04-14,Cancelado,0,0
6445,9054,5,2023-01-17,Concluído,7,305
6446,9707,1,2023-05-14,Cancelado,0,0
6447,1510,2,2023-03-14,Pendente,0,0
6448,7492,4,2023-01-03,Cancelado,0,0
6449,8672,2,2023-11-03,Concluído,7,181
6450,1989,4,2023-06-08,Cancelado,0,0
6451,7285,5,2023-01-15,Cancelado,0,0
6452,9123,2,2023-09-19,Cancelado,0,0
6453,5850,5,2023-10-25,Concluído,5,323
6454,6273,1,2023-12-17,Concluído,7,276
6455,6475,1,2023-08-11,Concluído,4,214
6456,3017,1,2023-09-02,Cancelado,0,0
6457,6677,2,2023-10-09,Pendente,0,0
6458,6001,2,2023-05-11,Cancelado,0,0
6459,8701,2,2023-07-29,Cancelado,0,0
6460,2325,5,2023-06-05,Pendente,0,0
6461,9758,3,2023-12-26,Concluído,4,227
6462,2284,1,2024-01-01,Concluído,2,336
6463,2477,3,2023-09-03,Pendente,0,0
6464,811,4,2023-12-15,Concluído,2,247
6465,6857,4,2023-05-01,Cancelado,0,0
6466,5385,3,2023-02-01,Concluído,7,164
6467,8540,5,2023-09-27,Concluído,1,262
6468,989,5,2023-12-01,Pendente,0,0
6469,4875,2,2023-06-04,Concluído,4,224
6470,7525,3,2023-04-27,Pendente,0,0
6471,5928,1,2023-07-01,Concluído,6,254
6472,4007,1,2023-10-11,Cancelado,0,0
6473,7683,1,2023-11-02,Concluído,5,324
6474,1567,2,2023-01-08,Pendente,0,0
6475,9610,4,2023-07-16,Pendente,0,0
6476,9895,1,2023-09-10,Concluído,3,243
6477,4715,2,2023-08-29,Cancelado,0,0
6478,2194,1,2023-06-02,Concluído,4,272
6479,9967,3,2023-12-13,Pendente,0,0
6480,2066,2,2023-08-08,Concluído,2,272
6481,1175,5,2023-06-23,Concluído,6,176
6482,6422,3,2023-12-20,Cancelado,0,0
6483,7097,3,2023-05-04,Pendente,0,0
6484,8977,2,2023-03-24,Cancelado,0,0
6485,8933,2,2023-01-21,Concluído,4,286
6486,1608,4,2023-06-03,Pendente,0,0
6487,2402,4,2023-07-31,Cancelado,0,0
6488,749,4,2023-08-20,Cancelado,0,0
6489,924,2,2023-08-22,Concluído,7,211
6490,7357,3,2023-05-06,Cancelado,0,0
6491,251,1,2023-09-04,Pendente,0,0
6492,2431,2,2023-11-29,Cancelado,0,0
6493,8498,3,2023-04-08,Pendente,0,0
6494,4853,3,2023-07-21,Concluído,3,265
6495,6038,4,2023-07-31,Pendente,0,0
6496,3478,3,2023-09-09,Pendente,0,0
6497,9791,1,2023-07-06,Pendente,0,0
6498,5639,1,2023-07-26,Pendente,0,0
6499,7218,5,2023-07-01,Pendente,0,0
6500,8944,4,2023-03-20,Pendente,0,0
6501,6235,2,2023-01-18,Pendente,0,0
6502,8794,2,2023-12-23,Cancelado,0,0
6503,4033,2,2023-03-11,Concluído,3,187
6504,206,1,2023-07-16,Cancelado,0,0
6505,5185,5,2023-03-02,Concluído,6,185
6506,902,5,2023-10-07,Pendente,0,0
6507,5558,4,2023-07-22,Pendente,0,0
6508,9893,4,2023-10-29,Pendente,0,0
6509,5918,4,2023-07-27,Pendente,0,0
6510,3490,5,2023-04-30,Pendente,0,0
6511,5127,5,2023-04-30,Pendente,0,0
6512,6959,1,2023-04-04,Pendente,0,0
6513,3464,3,2023-05-13,Concluído,7,342
6514,441,4,2023-10-13,Pendente,0,0
6515,6265,4,2023-07-03,Concluído,7,263
6516,7201,1,2023-02-09,Concluído,2,317
6517,9988,4,2023-10-21,Cancelado,0,0
6518,2056,1,2023-01-31,Cancelado,0,0
6519,785,5,2023-12-11,Concluído,7,322
6520,4487,1,2023-05-19,Cancelado,0,0
6521,1938,3,2023-05-18,Pendente,0,0
6522,2000,2,2023-08-23,Concluído,7,298
6523,8772,5,2023-06-19,Concluído,4,241
6524,5900,5,2023-12-31,Pendente,0,0
6525,8413,3,2023-05-27,Concluído,4,170
6526,900,4,2023-04-21,Pendente,0,0
6527,4079,3,2023-05-22,Cancelado,0,0
6528,7629,4,2023-02-26,Concluído,7,340
6529,4732,3,2023-05-18,Concluído,7,175
6530,6587,5,2023-08-21,Cancelado,0,0
6531,2540,3,2023-01-29,Cancelado,0,0
6532,3806,4,2023-03-21,Concluído,4,280
6533,5682,1,2023-01-29,Pendente,0,0
6534,8945,2,2023-08-21,Pendente,0,0
6535,4661,1,2023-07-02,Concluído,5,322
6536,7450,4,2023-01-05,Concluído,2,180
6537,1143,3,2023-10-07,Pendente,0,0
6538,8703,2,2023-07-04,Cancelado,0,0
6539,7107,2,2023-02-27,Cancelado,0,0
6540,1253,1,2023-01-01,Pendente,0,0
6541,2697,3,2023-05-18,Pendente,0,0
6542,8397,1,2023-01-16,Cancelado,0,0
6543,5785,5,2023-04-07,Pendente,0,0
6544,2497,4,2023-11-24,Cancelado,0,0
6545,6131,4,2023-01-25,Cancelado,0,0
6546,2848,1,2023-09-18,Pendente,0,0
6547,5437,1,2023-06-23,Cancelado,0,0
6548,674,5,2023-03-25,Cancelado,0,0
6549,8226,3,2023-09-01,Pendente,0,0
6550,2301,4,2023-08-01,Cancelado,0,0
6551,2841,5,2023-04-09,Concluído,1,234
6552,2097,3,2023-09-25,Cancelado,0,0
6553,3746,1,2023-10-11,Concluído,5,313
6554,368,5,2023-11-25,Cancelado,0,0
6555,7541,3,2023-06-17,Pendente,0,0
6556,4433,1,2023-03-05,Pendente,0,0
6557,5040,1,2023-10-30,Concluído,2,288
6558,5361,5,2023-06-13,Concluído,6,215
6559,3081,3,2023-10-16,Concluído,1,238
6560,9450,5,2023-01-05,Pendente,0,0
6561,902,1,2023-01-04,Concluído,3,295
6562,515,4,2023-12-18,Pendente,0,0
6563,555,3,2023-05-21,Pendente,0,0
6564,7707,1,2023-07-02,Concluído,1,347
6565,2548,3,2023-06-17,Pendente,0,0
6566,1676,2,2023-10-14,Cancelado,0,0
6567,9205,2,2023-07-03,Concluído,2,309
6568,4467,4,2023-01-25,Pendente,0,0
6569,3935,4,2023-08-21,Cancelado,0,0
6570,1798,5,2023-01-27,Concluído,6,217
6571,3479,3,2023-04-15,Concluído,2,304
6572,5534,4,2023-11-16,Cancelado,0,0
6573,2892,5,2023-08-06,Cancelado,0,0
6574,3039,2,2023-10-12,Pendente,0,0
6575,1996,5,2023-08-21,Pendente,0,0
6576,2044,4,2023-02-21,Pendente,0,0
6577,5524,4,2023-09-14,Cancelado,0,0
6578,7144,4,2023-01-27,Concluído,6,301
6579,727,1,2023-07-19,Pendente,0,0
6580,1312,3,2023-05-11,Concluído,2,320
6581,955,5,2023-05-05,Cancelado,0,0
6582,2138,4,2023-11-22,Pendente,0,0
6583,2770,3,2023-03-25,Concluído,7,204
6584,3284,4,2023-09-05,Concluído,5,239
6585,864,4,2023-03-05,Concluído,1,231
6586,9673,1,2023-02-23,Concluído,3,191
6587,3998,1,2023-08-04,Concluído,4,219
6588,658,4,2023-10-26,Cancelado,0,0
6589,9061,5,2023-05-11,Pendente,0,0
6590,7925,4,2023-08-23,Cancelado,0,0
6591,4533,1,2023-01-13,Concluído,6,204
6592,7574,5,2023-11-28,Concluído,2,288
6593,7891,1,2023-08-12,Concluído,3,263
6594,8988,5,2023-12-19,Concluído,1,220
6595,5727,2,2023-01-16,Pendente,0,0
6596,9346,2,2023-12-10,Concluído,2,195
6597,8627,5,2023-01-20,Pendente,0,0
6598,2667,2,2023-03-21,Pendente,0,0
6599,5172,2,2023-04-07,Concluído,3,151
6600,4180,4,2023-11-20,Pendente,0,0
6601,5871,2,2023-07-27,Cancelado,0,0
6602,142,1,2023-06-25,Concluído,4,293
6603,5307,1,2023-01-11,Pendente,0,0
6604,2430,5,2023-03-12,Concluído,3,291
6605,5234,5,2023-12-08,Concluído,3,192
6606,2070,3,2023-03-12,Concluído,4,328
6607,4477,5,2023-10-30,Concluído,2,259
6608,6002,3,2023-05-16,Cancelado,0,0
6609,514,5,2023-11-10,Concluído,4,313
6610,2458,2,2023-10-29,Concluído,1,177
6611,2064,2,2023-02-07,Cancelado,0,0
6612,7480,3,2023-05-15,Cancelado,0,0
6613,2886,1,2023-11-02,Concluído,1,161
6614,1224,5,2023-01-12,Pendente,0,0
6615,5359,4,2023-09-13,Concluído,7,175
6616,74,4,2023-10-19,Concluído,7,283
6617,6425,5,2023-07-29,Pendente,0,0
6618,8733,1,2023-01-31,Cancelado,0,0
6619,7987,2,2023-01-06,Cancelado,0,0
6620,7500,1,2023-02-08,Concluído,3,233
6621,6128,1,2023-01-13,Concluído,4,338
6622,7519,5,2023-03-13,Concluído,7,160
6623,3216,5,2023-08-08,Pendente,0,0
6624,6448,5,2023-10-03,Cancelado,0,0
6625,2285,5,2023-05-28,Cancelado,0,0
6626,6989,1,2023-02-20,Pendente,0,0
6627,6760,5,2023-10-09,Cancelado,0,0
6628,9118,3,2023-03-25,Pendente,0,0
6629,9170,1,2023-10-17,Pendente,0,0
6630,4445,1,2023-03-09,Pendente,0,0
6631,7589,2,2023-07-05,Concluído,4,317
6632,645,3,2023-02-15,Concluído,5,305
6633,6836,3,2023-09-23,Pendente,0,0
6634,6091,2,2023-03-11,Cancelado,0,0
6635,6870,1,2023-12-15,Concluído,3,309
6636,8542,1,2023-02-12,Pendente,0,0
6637,9195,1,2023-10-19,Concluído,6,198
6638,7273,2,2023-03-27,Concluído,2,328
6639,4863,4,2023-05-24,Concluído,7,237
6640,7517,3,2023-11-08,Concluído,6,192
6641,8099,2,2023-10-03,Pendente,0,0
6642,7624,2,2023-02-27,Concluído,6,292
6643,4548,4,2023-07-01,Concluído,5,174
6644,1937,2,2023-07-02,Pendente,0,0
6645,5620,2,2023-12-14,Concluído,2,347
6646,4025,2,2023-11-09,Pendente,0,0
6647,7214,4,2023-12-21,Pendente,0,0
6648,2233,1,2023-04-13,Cancelado,0,0
6649,8904,1,2023-06-13,Concluído,3,274
6650,504,5,2023-09-04,Cancelado,0,0
6651,670,2,2023-10-09,Cancelado,0,0
6652,3884,3,2023-12-27,Concluído,2,206
6653,267,4,2023-02-18,Cancelado,0,0
6654,7382,3,2023-12-23,Concluído,5,152
6655,3293,4,2023-04-04,Concluído,7,303
6656,8859,4,2023-07-04,Cancelado,0,0
6657,7273,3,2023-03-07,Cancelado,0,0
6658,738,3,2023-11-12,Cancelado,0,0
6659,8063,1,2023-04-20,Concluído,6,286
6660,882,5,2023-10-05,Concluído,2,317
6661,3642,5,2023-03-02,Concluído,7,330
6662,2179,3,2023-07-02,Concluído,3,333
6663,5309,2,2023-09-20,Concluído,1,209
6664,6369,5,2023-10-29,Pendente,0,0
6665,1597,2,2023-08-05,Concluído,4,208
6666,4984,2,2023-11-03,Pendente,0,0
6667,7424,3,2023-03-01,Cancelado,0,0
6668,6274,1,2023-01-09,Cancelado,0,0
6669,602,5,2023-04-09,Pendente,0,0
6670,4698,1,2023-09-05,Pendente,0,0
6671,1819,2,2023-09-03,Concluído,3,243
6672,2142,1,2023-05-17,Cancelado,0,0
6673,2408,5,2023-07-04,Pendente,0,0
6674,5450,2,2023-09-18,Cancelado,0,0
6675,4202,3,2023-07-05,Concluído,5,235
6676,9623,1,2023-06-18,Pendente,0,0
6677,1993,5,2023-10-14,Pendente,0,0
6678,1800,3,2023-04-02,Concluído,1,261
6679,890,3,2023-06-20,Cancelado,0,0
6680,3646,1,2023-02-03,Concluído,4,344
6681,76,1,2023-12-20,Concluído,4,268
6682,4396,2,2023-01-24,Cancelado,0,0
6683,5268,2,2023-02-19,Cancelado,0,0
6684,3474,3,2023-01-30,Concluído,4,271
6685,5246,1,2023-10-06,Cancelado,0,0
6686,79,5,2023-09-25,Cancelado,0,0
6687,4811,4,2023-06-19,Concluído,7,318
6688,6920,2,2023-10-06,Concluído,5,221
6689,5215,4,2023-11-20,Concluído,6,335
6690,9488,5,2023-12-13,Cancelado,0,0
6691,3835,3,2023-12-23,Pendente,0,0
6692,6960,1,2023-06-02,Cancelado,0,0
6693,4062,1,2023-10-18,Cancelado,0,0
6694,7716,4,2023-06-12,Cancelado,0,0
6695,2644,2,2023-09-02,Concluído,2,213
6696,6743,5,2023-04-05,Pendente,0,0
6697,9060,5,2023-06-30,Cancelado,0,0
6698,429,3,2023-04-11,Concluído,4,338
6699,6036,3,2023-05-28,Concluído,5,247
6700,9036,2,2023-01-05,Concluído,6,166
6701,4016,3,2023-04-30,Cancelado,0,0
6702,6831,3,2023-03-17,Concluído,4,290
6703,4742,2,2023-03-17,Concluído,7,234
6704,568,5,2023-04-01,Cancelado,0,0
6705,887,1,2023-05-22,Cancelado,0,0
6706,6808,2,2023-08-15,Pendente,0,0
6707,2535,5,2023-01-19,Concluído,4,217
6708,4504,3,2023-04-28,Concluído,6,235
6709,3933,5,2023-10-05,Pendente,0,0
6710,5491,2,2023-02-16,Pendente,0,0
6711,251,5,2023-05-21,Cancelado,0,0
6712,5290,5,2023-12-12,Cancelado,0,0
6713,301,2,2023-10-06,Concluído,1,182
6714,8357,5,2023-02-27,Pendente,0,0
6715,3284,4,2023-12-02,Pendente,0,0
6716,4269,1,2023-08-14,Cancelado,0,0
6717,6123,5,2023-04-15,Pendente,0,0
6718,4295,4,2023-01-22,Cancelado,0,0
6719,7145,4,2023-11-05,Pendente,0,0
6720,5322,4,2023-06-02,Cancelado,0,0
6721,1721,3,2023-10-01,Cancelado,0,0
6722,7333,3,2023-06-08,Concluído,2,194
6723,4501,2,2023-09-14,Pendente,0,0
6724,1827,2,2023-01-20,Cancelado,0,0
6725,7518,3,2023-04-11,Cancelado,0,0
6726,3976,1,2023-10-16,Concluído,4,268
6727,7063,1,2023-05-09,Concluído,3,348
6728,4338,1,2023-07-05,Pendente,0,0
6729,3212,4,2023-09-04,Concluído,5,338
6730,3631,5,2023-07-23,Concluído,7,303
6731,6586,3,2023-11-23,Cancelado,0,0
6732,7877,5,2023-07-08,Cancelado,0,0
6733,4219,3,2023-06-17,Cancelado,0,0
6734,3022,4,2023-06-23,Cancelado,0,0
6735,4432,1,2023-06-01,Pendente,0,0
6736,239,4,2023-10-28,Cancelado,0,0
6737,4920,4,2023-09-15,Pendente,0,0
6738,4492,4,2023-04-09,Cancelado,0,0
6739,4749,4,2023-04-03,Cancelado,0,0
6740,5557,1,2023-10-21,Pendente,0,0
6741,4855,2,2023-08-02,Concluído,6,339
6742,6682,2,2023-02-15,Pendente,0,0
6743,9662,3,2023-07-02,Cancelado,0,0
6744,3842,3,2023-12-12,Concluído,7,337
6745,6450,2,2023-08-25,Cancelado,0,0
6746,387,3,2023-11-20,Pendente,0,0
6747,6202,1,2023-12-23,Cancelado,0,0
6748,9929,3,2023-02-10,Pendente,0,0
6749,2761,2,2023-05-20,Pendente,0,0
6750,2066,5,2023-04-18,Cancelado,0,0
6751,4511,5,2023-06-20,Concluído,1,321
6752,7295,1,2023-12-14,Concluído,1,199
6753,6576,2,2023-09-17,Cancelado,0,0
6754,3667,2,2023-01-21,Concluído,1,313
6755,5993,5,2023-03-20,Pendente,0,0
6756,5382,2,2023-08-01,Pendente,0,0
6757,4842,3,2023-11-30,Concluído,1,344
6758,4670,4,2023-12-14,Cancelado,0,0
6759,8379,3,2023-06-27,Concluído,4,346
6760,3701,1,2023-08-01,Concluído,6,304
6761,8254,2,2023-08-30,Cancelado,0,0
6762,3230,4,2023-06-03,Concluído,7,228
6763,1010,5,2023-08-19,Pendente,0,0
6764,5985,1,2023-01-04,Pendente,0,0
6765,4070,4,2023-02-12,Pendente,0,0
6766,7479,3,2023-02-19,Cancelado,0,0
6767,628,5,2023-06-14,Pendente,0,0
6768,5904,4,2023-12-07,Concluído,5,206
6769,9907,3,2023-07-20,Concluído,5,276
6770,7212,3,2023-04-05,Pendente,0,0
6771,4220,5,2023-10-31,Pendente,0,0
6772,8438,1,2023-09-13,Cancelado,0,0
6773,7096,2,2023-01-02,Pendente,0,0
6774,1696,4,2023-01-21,Concluído,7,308
6775,7840,3,2023-11-29,Pendente,0,0
6776,9630,5,2023-11-11,Pendente,0,0
6777,9376,3,2023-10-02,Cancelado,0,0
6778,5583,2,2023-07-07,Cancelado,0,0
6779,2554,2,2023-10-11,Pendente,0,0
6780,6108,2,2023-09-25,Cancelado,0,0
6781,1389,2,2023-08-25,Cancelado,0,0
6782,8989,2,2023-11-30,Cancelado,0,0
6783,2746,1,2023-12-13,Pendente,0,0
6784,9481,5,2023-04-29,Pendente,0,0
6785,4088,1,2023-05-14,Pendente,0,0
6786,1158,1,2023-01-18,Pendente,0,0
6787,9883,2,2023-10-18,Concluído,2,195
6788,2240,4,2023-03-19,Pendente,0,0
6789,4557,1,2023-03-05,Concluído,6,323
6790,5502,1,2023-02-20,Cancelado,0,0
6791,9488,5,2023-01-23,Pendente,0,0
6792,447,2,2023-04-27,Concluído,3,283
6793,9060,2,2023-02-07,Pendente,0,0
6794,619,4,2023-05-24,Pendente,0,0
6795,5638,4,2023-10-08,Concluído,1,260
6796,9318,3,2023-10-24,Concluído,5,338
6797,884,5,2023-06-21,Concluído,6,185
6798,1104,1,2023-08-03,Pendente,0,0
6799,6634,5,2023-05-09,Cancelado,0,0
6800,900,2,2023-12-25,Pendente,0,0
6801,9581,4,2023-10-11,Concluído,4,331
6802,5360,5,2023-08-31,Pendente,0,0
6803,8611,4,2023-03-13,Concluído,5,199
6804,8778,5,2023-05-23,Pendente,0,0
6805,8896,5,2023-01-06,Concluído,7,177
6806,8074,3,2023-03-05,Cancelado,0,0
6807,1526,1,2023-09-01,Pendente,0,0
6808,411,4,2023-12-31,Cancelado,0,0
6809,584,4,2023-10-26,Pendente,0,0
6810,8931,3,2023-11-27,Concluído,6,188
6811,1713,4,2023-06-23,Concluído,6,160
6812,1110,5,2023-08-31,Cancelado,0,0
6813,9679,2,2023-01-14,Cancelado,0,0
6814,4655,1,2023-05-23,Concluído,5,319
6815,3594,5,2023-12-09,Concluído,3,150
6816,6683,1,2023-08-02,Concluído,5,346
6817,6600,3,2023-01-04,Cancelado,0,0
6818,623,2,2023-04-20,Concluído,6,278
6819,4412,1,2023-11-13,Cancelado,0,0
6820,2349,2,2023-07-19,Cancelado,0,0
6821,7878,2,2023-03-16,Pendente,0,0
6822,6259,5,2023-09-22,Pendente,0,0
6823,3254,1,2023-06-08,Concluído,5,284
6824,6203,3,2023-10-10,Cancelado,0,0
6825,661,5,2023-12-17,Concluído,4,163
6826,4441,3,2023-11-21,Pendente,0,0
6827,7476,1,2023-09-20,Pendente,0,0
6828,5372,3,2023-04-11,Pendente,0,0
6829,1932,1,2023-06-16,Cancelado,0,0
6830,71,1,2023-08-30,Concluído,5,242
6831,9664,2,2023-12-06,Concluído,1,305
6832,2581,1,2023-04-04,Cancelado,0,0
6833,2572,5,2023-04-04,Concluído,1,233
6834,5783,4,2023-04-19,Concluído,1,284
6835,3139,1,2023-11-16,Pendente,0,0
6836,3673,1,2023-08-10,Cancelado,0,0
6837,5351,4,2023-02-04,Cancelado,0,0
6838,6280,2,2023-08-28,Cancelado,0,0
6839,8585,1,2023-12-17,Cancelado,0,0
6840,1057,4,2023-04-26,Concluído,3,266
6841,4836,5,2023-06-30,Cancelado,0,0
6842,9618,4,2023-10-06,Cancelado,0,0
6843,9092,4,2023-01-12,Pendente,0,0
6844,2440,1,2023-09-26,Concluído,4,220
6845,7018,3,2023-05-15,Concluído,7,317
6846,237,3,2023-12-20,Cancelado,0,0
6847,9323,1,2023-05-07,Concluído,3,246
6848,1878,3,2023-05-17,Pendente,0,0
6849,4640,3,2023-12-23,Pendente,0,0
6850,4541,2,2023-03-06,Cancelado,0,0
6851,9769,5,2023-06-06,Pendente,0,0
6852,1614,2,2023-08-26,Cancelado,0,0
6853,2911,3,2023-01-12,Pendente,0,0
6854,9116,2,2023-01-02,Cancelado,0,0
6855,5070,4,2023-10-29,Pendente,0,0
6856,272,5,2023-09-06,Pendente,0,0
6857,6033,4,2023-04-29,Cancelado,0,0
6858,9386,1,2023-12-10,Pendente,0,0
6859,2945,3,2023-05-12,Concluído,3,226
6860,3924,4,2023-03-03,Concluído,5,167
6861,1490,2,2023-10-23,Concluído,2,227
6862,9988,3,2023-03-14,Cancelado,0,0
6863,944,3,2023-08-03,Concluído,4,293
6864,3285,2,2023-05-10,Pendente,0,0
6865,9645,2,2023-03-25,Concluído,1,277
6866,9658,4,2023-12-27,Concluído,5,267
6867,6470,2,2023-11-26,Pendente,0,0
6868,6870,2,2023-09-04,Concluído,1,302
6869,7803,5,2023-12-30,Cancelado,0,0
6870,4927,4,2023-06-11,Concluído,4,307
6871,9566,3,2023-12-07,Concluído,4,189
6872,4607,1,2023-08-11,Concluído,3,301
6873,5704,2,2023-09-12,Cancelado,0,0
6874,6530,5,2023-06-07,Cancelado,0,0
6875,6968,1,2023-02-22,Pendente,0,0
6876,780,2,2023-09-02,Cancelado,0,0
6877,4019,3,2023-08-25,Pendente,0,0
6878,2699,5,2023-09-01,Concluído,5,220
6879,5043,2,2023-03-01,Pendente,0,0
6880,4564,1,2023-10-27,Concluído,2,304
6881,5722,2,2023-12-04,Cancelado,0,0
6882,2136,1,2023-02-28,Cancelado,0,0
6883,4941,4,2023-01-30,Cancelado,0,0
6884,6422,4,2023-10-29,Pendente,0,0
6885,4556,2,2023-09-26,Concluído,2,332
6886,7275,2,2023-09-04,Concluído,4,314
6887,8841,3,2023-04-08,Concluído,1,286
6888,4462,4,2023-01-30,Pendente,0,0
6889,6496,2,2023-01-19,Cancelado,0,0
6890,6435,2,2023-11-03,Concluído,6,256
6891,2297,5,2023-02-23,Pendente,0,0
6892,1912,1,2023-01-18,Pendente,0,0
6893,2883,2,2023-02-13,Pendente,0,0
6894,107,5,2023-05-08,Cancelado,0,0
6895,1418,5,2023-08-11,Concluído,5,295
6896,3429,2,2023-09-21,Pendente,0,0
6897,3263,3,2023-02-27,Cancelado,0,0
6898,644,3,2023-08-23,Pendente,0,0
6899,5741,4,2023-07-25,Pendente,0,0
6900,6697,5,2023-02-02,Concluído,7,225
6901,8640,2,2023-11-28,Cancelado,0,0
6902,827,5,2023-07-13,Pendente,0,0
6903,4627,2,2023-11-21,Pendente,0,0
6904,6514,5,2023-11-25,Pendente,0,0
6905,9894,4,2023-07-08,Cancelado,0,0
6906,5305,2,2023-12-31,Cancelado,0,0
6907,1611,3,2023-02-04,Cancelado,0,0
6908,7865,3,2023-04-08,Concluído,6,316
6909,3203,4,2023-12-07,Concluído,5,222
6910,3123,1,2023-06-12,Pendente,0,0
6911,4622,2,2023-04-27,Pendente,0,0
6912,8540,3,2023-01-08,Pendente,0,0
6913,436,3,2023-01-18,Concluído,1,152
6914,601,4,2023-12-08,Pendente,0,0
6915,5412,4,2023-09-21,Cancelado,0,0
6916,5865,2,2023-04-10,Concluído,7,336
6917,1493,2,2023-05-13,Cancelado,0,0
6918,9718,1,2023-12-29,Cancelado,0,0
6919,1447,3,2023-08-17,Concluído,6,197
6920,2214,4,2023-09-04,Pendente,0,0
6921,4128,4,2023-04-15,Pendente,0,0
6922,6694,4,2023-12-25,Pendente,0,0
6923,3710,4,2023-09-16,Cancelado,0,0
6924,5862,2,2023-09-23,Cancelado,0,0
6925,3242,2,2023-12-10,Cancelado,0,0
6926,5999,2,2023-03-13,Pendente,0,0
6927,1337,3,2023-04-02,Cancelado,0,0
6928,7102,5,2023-04-15,Cancelado,0,0
6929,2845,5,2023-06-24,Pendente,0,0
6930,4884,2,2023-01-14,Cancelado,0,0
6931,2025,1,2023-11-22,Cancelado,0,0
6932,6223,4,2023-09-18,Pendente,0,0
6933,8317,4,2023-01-11,Cancelado,0,0
6934,7361,5,2023-01-10,Concluído,4,284
6935,5645,3,2023-04-21,Cancelado,0,0
6936,5010,3,2023-12-25,Pendente,0,0
6937,1202,5,2023-04-21,Cancelado,0,0
6938,9465,2,2023-09-02,Concluído,2,227
6939,4263,3,2023-04-28,Pendente,0,0
6940,7859,4,2023-05-05,Pendente,0,0
6941,2793,4,2023-01-29,Cancelado,0,0
6942,2231,3,2023-03-29,Cancelado,0,0
6943,4548,3,2023-09-24,Concluído,3,188
6944,620,1,2023-07-27,Pendente,0,0
6945,5371,2,2023-03-24,Pendente,0,0
6946,7505,3,2023-03-10,Pendente,0,0
6947,6986,1,2023-06-03,Concluído,7,201
6948,4463,5,2023-03-22,Concluído,2,209
6949,1556,1,2023-12-31,Concluído,5,202
6950,4458,5,2023-09-25,Cancelado,0,0
6951,369,5,2023-02-13,Concluído,3,347
6952,3677,1,2023-02-05,Cancelado,0,0
6953,5175,5,2023-04-04,Pendente,0,0
6954,4082,1,2023-08-19,Concluído,6,164
6955,5281,4,2023-09-18,Cancelado,0,0
6956,2188,4,2023-12-24,Cancelado,0,0
6957,1992,4,2023-11-28,Cancelado,0,0
6958,2559,3,2023-05-25,Concluído,5,203
6959,3802,3,2023-09-15,Pendente,0,0
6960,6966,4,2023-02-26,Pendente,0,0
6961,6698,4,2023-06-02,Concluído,1,188
6962,7996,2,2023-09-08,Concluído,3,319
6963,4160,3,2023-04-19,Cancelado,0,0
6964,9725,5,2023-12-01,Cancelado,0,0
6965,1629,2,2023-12-03,Pendente,0,0
6966,7697,4,2023-06-16,Concluído,1,198
6967,6521,1,2023-07-04,Pendente,0,0
6968,8256,5,2023-04-01,Concluído,3,314
6969,5265,4,2023-06-15,Concluído,6,337
6970,3036,3,2023-09-01,Pendente,0,0
6971,8766,1,2023-06-30,Pendente,0,0
6972,3195,4,2023-08-18,Cancelado,0,0
6973,2107,2,2023-01-02,Concluído,1,221
6974,3850,5,2023-05-20,Concluído,6,204
6975,1217,1,2023-07-09,Cancelado,0,0
6976,2155,1,2023-09-11,Concluído,4,175
6977,2826,3,2023-08-29,Cancelado,0,0
6978,3084,3,2023-03-06,Cancelado,0,0
6979,5395,2,2023-05-08,Concluído,2,187
6980,5428,2,2023-12-29,Cancelado,0,0
6981,9099,2,2023-07-25,Concluído,5,192
6982,5482,3,2023-07-03,Concluído,5,294
6983,9473,4,2023-01-29,Cancelado,0,0
6984,7361,5,2023-06-18,Concluído,6,159
6985,459,2,2023-03-12,Concluído,1,228
6986,9939,1,2023-04-20,Cancelado,0,0
6987,5325,5,2023-04-26,Pendente,0,0
6988,3166,5,2023-05-07,Cancelado,0,0
6989,9961,3,2023-01-26,Concluído,6,224
6990,1456,3,2023-03-21,Cancelado,0,0
6991,3089,2,2023-06-01,Concluído,7,156
6992,8398,3,2023-10-13,Concluído,3,293
6993,7323,4,2023-12-28,Pendente,0,0
6994,845,5,2023-01-18,Pendente,0,0
6995,8931,3,2023-01-12,Concluído,2,251
6996,2751,2,2023-10-19,Concluído,6,176
6997,3037,1,2023-12-07,Concluído,5,276
6998,679,3,2023-09-03,Pendente,0,0
6999,3288,1,2023-07-12,Cancelado,0,0
7000,5019,3,2023-10-21,Pendente,0,0
7001,4978,3,2023-03-30,Pendente,0,0
7002,7111,1,2023-02-16,Pendente,0,0
7003,4340,2,2023-12-11,Concluído,2,199
7004,7518,2,2023-03-08,Concluído,2,209
7005,4957,3,2023-08-07,Pendente,0,0
7006,9701,2,2023-01-24,Pendente,0,0
7007,4196,1,2023-11-21,Concluído,2,344
7008,3020,4,2023-05-04,Cancelado,0,0
7009,8971,2,2023-06-01,Cancelado,0,0
7010,2962,3,2023-09-28,Pendente,0,0
7011,2872,1,2023-09-09,Pendente,0,0
7012,1404,4,2023-02-13,Concluído,1,151
7013,5245,1,2023-04-13,Cancelado,0,0
7014,4074,4,2023-02-26,Concluído,2,262
7015,9804,1,2023-05-25,Concluído,2,245
7016,1379,5,2023-01-02,Concluído,2,334
7017,26,4,2023-03-24,Cancelado,0,0
7018,4900,1,2023-09-14,Cancelado,0,0
7019,9193,1,2023-06-08,Cancelado,0,0
7020,4536,3,2023-08-03,Concluído,2,157
7021,5832,5,2023-04-29,Concluído,2,320
7022,7466,4,2023-06-25,Cancelado,0,0
7023,5146,3,2023-03-27,Cancelado,0,0
7024,3043,3,2023-12-26,Cancelado,0,0
7025,6144,4,2023-10-25,Cancelado,0,0
7026,5681,3,2023-04-02,Pendente,0,0
7027,1294,2,2023-06-10,Concluído,1,220
7028,5680,4,2023-03-30,Cancelado,0,0
7029,8118,5,2023-06-17,Cancelado,0,0
7030,2400,2,2023-07-24,Cancelado,0,0
7031,3647,5,2023-04-14,Concluído,4,200
7032,4273,5,2023-07-05,Cancelado,0,0
7033,4207,1,2023-08-17,Concluído,7,250
7034,3459,3,2023-03-26,Cancelado,0,0
7035,4213,4,2023-02-15,Concluído,3,254
7036,1384,3,2023-06-08,Concluído,7,250
7037,3376,1,2023-09-27,Pendente,0,0
7038,6762,2,2023-06-05,Concluído,1,153
7039,8601,5,2023-09-14,Concluído,6,284
7040,2543,2,2023-05-29,Concluído,7,302
7041,9861,4,2023-05-15,Cancelado,0,0
7042,4752,1,2023-12-06,Concluído,2,271
7043,1095,3,2023-05-21,Pendente,0,0
7044,2878,4,2023-01-04,Pendente,0,0
7045,6071,3,2023-01-20,Cancelado,0,0
7046,9586,2,2023-06-14,Cancelado,0,0
7047,993,3,2023-05-06,Pendente,0,0
7048,3212,3,2023-09-19,Concluído,3,308
7049,7859,3,2023-10-09,Concluído,5,167
7050,7457,5,2023-04-22,Concluído,2,233
7051,8536,4,2023-06-23,Cancelado,0,0
7052,6948,3,2023-05-07,Cancelado,0,0
7053,6965,5,2023-09-17,Concluído,3,206
7054,4067,3,2023-08-11,Concluído,7,180
7055,4637,5,2023-09-06,Cancelado,0,0
7056,4896,1,2023-05-07,Concluído,3,335
7057,5648,1,2023-09-29,Pendente,0,0
7058,5775,3,2023-01-15,Concluído,7,302
7059,9891,4,2023-06-28,Pendente,0,0
7060,3590,1,2023-05-17,Cancelado,0,0
7061,602,1,2023-07-04,Concluído,1,166
7062,9964,2,2023-04-19,Pendente,0,0
7063,908,5,2023-09-03,Pendente,0,0
7064,1909,1,2023-08-17,Pendente,0,0
7065,6047,5,2023-06-15,Concluído,6,320
7066,9885,1,2023-08-20,Cancelado,0,0
7067,1508,2,2023-09-06,Pendente,0,0
7068,5879,3,2023-03-30,Concluído,1,301
7069,2315,1,2023-06-10,Concluído,1,240
7070,602,4,2023-11-05,Pendente,0,0
7071,579,5,2023-07-31,Cancelado,0,0
7072,9024,5,2023-03-06,Pendente,0,0
7073,461,5,2023-12-09,Concluído,6,244
7074,2759,1,2023-01-12,Concluído,2,290
7075,7886,2,2023-08-11,Concluído,3,294
7076,3567,4,2023-08-17,Concluído,2,215
7077,5466,5,2023-10-25,Pendente,0,0
7078,5943,1,2024-01-01,Cancelado,0,0
7079,6947,4,2023-07-19,Cancelado,0,0
7080,6611,4,2023-09-25,Cancelado,0,0
7081,4090,2,2023-12-28,Pendente,0,0
7082,1610,5,2023-05-04,Concluído,2,158
7083,8840,2,2023-01-27,Pendente,0,0
7084,239,3,2023-08-08,Pendente,0,0
7085,3579,1,2023-09-09,Cancelado,0,0
7086,9960,3,2023-02-05,Cancelado,0,0
7087,8105,3,2023-08-03,Pendente,0,0
7088,3231,3,2023-11-04,Pendente,0,0
7089,3188,5,2023-11-25,Concluído,3,247
7090,5179,4,2023-11-21,Concluído,7,342
7091,9949,5,2023-12-10,Concluído,6,174
7092,484,5,2023-01-28,Pendente,0,0
7093,2521,1,2023-02-05,Concluído,1,321
7094,6266,1,2023-10-09,Pendente,0,0
7095,9582,5,2023-11-04,Pendente,0,0
7096,8928,4,2023-04-24,Concluído,2,258
7097,4998,3,2023-04-15,Concluído,7,213
7098,5407,4,2023-02-14,Concluído,3,213
7099,2906,5,2023-03-27,Pendente,0,0
7100,3123,2,2023-09-23,Pendente,0,0
7101,1541,4,2023-08-21,Concluído,7,222
7102,2024,5,2023-12-03,Cancelado,0,0
7103,377,4,2023-03-18,Pendente,0,0
7104,3516,2,2023-04-20,Cancelado,0,0
7105,6918,4,2023-12-16,Concluído,5,262
7106,7470,4,2023-12-28,Concluído,1,321
7107,6032,4,2023-03-29,Pendente,0,0
7108,6879,2,2023-02-04,Cancelado,0,0
7109,7548,2,2023-12-24,Concluído,4,156
7110,8699,2,2023-04-16,Cancelado,0,0
7111,8746,2,2023-08-31,Pendente,0,0
7112,8193,5,2023-02-13,Cancelado,0,0
7113,2515,1,2023-04-26,Pendente,0,0
7114,6629,1,2023-02-18,Concluído,3,184
7115,6151,4,2023-08-06,Cancelado,0,0
7116,4143,1,2023-07-20,Pendente,0,0
7117,3154,5,2023-03-26,Concluído,4,346
7118,4294,5,2023-01-20,Concluído,7,334
7119,6908,4,2023-02-15,Pendente,0,0
7120,3797,4,2023-03-08,Concluído,2,241
7121,6680,2,2023-04-04,Cancelado,0,0
7122,2458,1,2023-06-27,Cancelado,0,0
7123,5100,3,2023-05-15,Concluído,3,332
7124,4059,3,2023-09-16,Cancelado,0,0
7125,5974,1,2023-03-04,Concluído,1,346
7126,4536,1,2023-03-04,Pendente,0,0
7127,4742,5,2023-12-03,Pendente,0,0
7128,3095,1,2023-09-10,Cancelado,0,0
7129,5525,1,2023-03-02,Cancelado,0,0
7130,2483,5,2023-02-25,Cancelado,0,0
7131,4280,5,2023-01-20,Pendente,0,0
7132,9274,5,2023-04-10,Concluído,6,203
7133,818,2,2023-04-23,Concluído,6,241
7134,433,1,2023-11-22,Cancelado,0,0
7135,4323,4,2023-01-14,Pendente,0,0
7136,6487,5,2023-10-18,Cancelado,0,0
7137,1269,4,2023-11-28,Concluído,4,287
7138,9105,2,2023-05-31,Concluído,2,227
7139,4156,5,2023-01-11,Concluído,1,211
7140,5696,2,2023-04-16,Cancelado,0,0
7141,2432,5,2023-05-21,Cancelado,0,0
7142,2553,3,2023-05-14,Pendente,0,0
7143,9426,2,2023-06-04,Cancelado,0,0
7144,7475,1,2023-07-13,Cancelado,0,0
7145,4671,5,2023-04-11,Pendente,0,0
7146,1221,3,2023-07-05,Pendente,0,0
7147,8774,5,2023-05-23,Concluído,2,157
7148,9076,5,2023-07-28,Pendente,0,0
7149,7211,3,2023-02-22,Pendente,0,0
7150,8899,2,2023-03-16,Concluído,4,255
7151,4463,3,2023-01-06,Pendente,0,0
7152,9746,1,2023-07-27,Cancelado,0,0
7153,3345,4,2023-10-24,Cancelado,0,0
7154,8334,2,2023-10-02,Concluído,5,257
7155,9834,4,2023-11-04,Cancelado,0,0
7156,4122,3,2023-05-07,Concluído,1,226
7157,4778,5,2023-06-03,Concluído,1,349
7158,8424,2,2023-12-30,Pendente,0,0
7159,770,5,2023-08-12,Pendente,0,0
7160,7949,2,2023-09-12,Concluído,7,217
7161,673,2,2023-02-06,Pendente,0,0
7162,6855,2,2023-10-01,Cancelado,0,0
7163,2628,2,2023-11-23,Pendente,0,0
7164,8365,2,2023-09-24,Cancelado,0,0
7165,520,4,2023-12-10,Pendente,0,0
7166,3647,5,2023-12-12,Concluído,5,168
7167,5176,2,2023-06-22,Concluído,6,269
7168,7160,4,2023-09-15,Pendente,0,0
7169,101,1,2023-07-29,Cancelado,0,0
7170,1672,1,2023-01-17,Pendente,0,0
7171,250,2,2023-02-08,Concluído,2,156
7172,8773,4,2023-11-18,Concluído,6,210
7173,524,5,2023-10-15,Concluído,7,250
7174,855,4,2023-04-10,Cancelado,0,0
7175,4193,1,2023-02-03,Concluído,4,207
7176,4358,1,2023-02-15,Concluído,4,233
7177,9010,1,2023-09-07,Pendente,0,0
7178,4238,1,2023-03-01,Pendente,0,0
7179,2559,2,2023-12-25,Concluído,2,339
7180,1752,1,2023-01-14,Concluído,3,244
7181,7811,4,2023-06-18,Cancelado,0,0
7182,1641,3,2023-02-26,Concluído,6,324
7183,986,4,2023-05-15,Pendente,0,0
7184,3509,2,2023-09-03,Pendente,0,0
7185,4721,4,2023-12-23,Pendente,0,0
7186,4652,5,2023-05-13,Pendente,0,0
7187,5615,5,2023-08-27,Concluído,7,301
7188,7021,3,2023-10-30,Concluído,1,228
7189,3154,5,2023-12-13,Concluído,3,224
7190,6018,1,2023-01-03,Concluído,1,309
7191,1073,5,2023-06-01,Cancelado,0,0
7192,6588,5,2023-07-09,Cancelado,0,0
7193,9949,3,2023-04-27,Cancelado,0,0
7194,4108,4,2023-12-15,Concluído,5,172
7195,5877,2,2023-11-28,Pendente,0,0
7196,6088,4,2023-06-29,Concluído,6,345
7197,3546,1,2023-10-05,Concluído,7,159
7198,7995,2,2023-02-26,Concluído,2,165
7199,6056,2,2023-08-07,Cancelado,0,0
7200,5395,2,2023-04-02,Pendente,0,0
7201,4097,1,2023-10-06,Concluído,4,180
7202,1066,1,2023-02-03,Cancelado,0,0
7203,1926,5,2023-02-16,Pendente,0,0
7204,8446,2,2023-09-06,Concluído,3,304
7205,9234,2,2023-04-20,Cancelado,0,0
7206,7766,2,2023-04-29,Concluído,4,342
7207,8531,5,2023-01-23,Cancelado,0,0
7208,2507,5,2023-12-18,Concluído,4,255
7209,7666,3,2023-04-02,Cancelado,0,0
7210,8718,3,2023-06-03,Pendente,0,0
7211,1572,3,2023-07-31,Cancelado,0,0
7212,757,5,2023-07-03,Concluído,6,320
7213,8147,5,2023-07-17,Concluído,7,174
7214,3177,4,2023-04-29,Concluído,5,278
7215,9834,2,2023-04-30,Pendente,0,0
7216,9470,1,2023-01-11,Concluído,2,155
7217,4344,1,2023-05-31,Concluído,4,277
7218,7594,3,2023-01-05,Concluído,4,237
7219,2333,1,2023-04-14,Cancelado,0,0
7220,8608,3,2023-02-15,Concluído,4,185
7221,5865,2,2023-04-07,Concluído,5,316
7222,7816,2,2023-08-06,Cancelado,0,0
7223,9461,2,2023-04-09,Pendente,0,0
7224,1922,2,2023-02-25,Pendente,0,0
7225,7690,1,2023-08-13,Pendente,0,0
7226,1297,2,2023-02-13,Pendente,0,0
7227,8144,1,2023-05-12,Cancelado,0,0
7228,449,1,2023-12-29,Cancelado,0,0
7229,4038,5,2023-10-05,Pendente,0,0
7230,7803,5,2023-09-04,Pendente,0,0
7231,542,2,2023-07-31,Concluído,3,276
7232,2140,1,2023-09-08,Pendente,0,0
7233,6779,3,2023-12-17,Pendente,0,0
7234,3164,3,2023-11-08,Concluído,6,227
7235,7622,5,2023-03-07,Concluído,5,186
7236,437,4,2023-11-21,Concluído,1,272
7237,7759,2,2023-01-27,Concluído,6,278
7238,6678,3,2023-03-08,Cancelado,0,0
7239,8222,1,2023-12-16,Concluído,2,342
7240,7099,4,2023-07-22,Concluído,2,192
7241,567,1,2023-06-16,Concluído,4,186
7242,5845,3,2023-03-13,Concluído,2,327
7243,9414,4,2023-02-24,Pendente,0,0
7244,7309,3,2023-01-15,Cancelado,0,0
7245,7836,2,2023-12-21,Pendente,0,0
7246,8699,5,2023-06-06,Pendente,0,0
7247,7217,2,2023-03-19,Cancelado,0,0
7248,9058,1,2023-04-03,Concluído,4,214
7249,4889,3,2023-06-11,Concluído,3,232
7250,5011,5,2023-07-14,Concluído,5,285
7251,9352,5,2023-06-12,Cancelado,0,0
7252,2587,5,2023-04-28,Concluído,5,347
7253,8729,5,2023-03-04,Pendente,0,0
7254,1468,1,2023-07-21,Cancelado,0,0
7255,949,1,2023-05-06,Concluído,3,232
7256,7010,2,2023-01-19,Concluído,7,332
7257,6375,1,2023-04-25,Pendente,0,0
7258,9773,4,2023-06-13,Concluído,1,184
7259,9049,3,2023-10-15,Pendente,0,0
7260,7206,1,2023-01-23,Cancelado,0,0
7261,5855,4,2023-09-20,Concluído,7,168
7262,7670,4,2023-02-26,Cancelado,0,0
7263,388,2,2023-09-20,Pendente,0,0
7264,2037,4,2023-08-08,Cancelado,0,0
7265,2282,5,2023-08-11,Concluído,1,311
7266,2113,1,2023-07-06,Cancelado,0,0
7267,1826,5,2023-05-09,Cancelado,0,0
7268,2827,2,2023-10-02,Concluído,4,333
7269,6172,2,2023-12-11,Pendente,0,0
7270,3033,3,2023-06-07,Pendente,0,0
7271,2866,4,2023-01-13,Concluído,2,227
7272,6700,1,2023-07-08,Cancelado,0,0
7273,1612,5,2023-03-10,Cancelado,0,0
7274,7574,1,2023-11-01,Concluído,7,191
7275,9919,5,2023-10-02,Concluído,3,224
7276,9785,5,2023-05-06,Pendente,0,0
7277,6767,1,2023-10-19,Concluído,2,163
7278,4173,1,2023-04-28,Pendente,0,0
7279,7966,4,2023-07-25,Concluído,2,226
7280,9808,5,2023-02-11,Pendente,0,0
7281,9260,1,2023-08-03,Concluído,1,223
7282,3377,5,2023-10-22,Concluído,3,234
7283,5388,5,2023-12-31,Cancelado,0,0
7284,2043,2,2023-04-28,Concluído,4,292
7285,6040,1,2023-11-15,Pendente,0,0
7286,6271,1,2023-03-31,Concluído,7,212
7287,7639,2,2023-01-23,Pendente,0,0
7288,4992,3,2023-10-06,Concluído,4,262
7289,5807,3,2023-07-25,Cancelado,0,0
7290,1797,1,2023-06-27,Cancelado,0,0
7291,5173,4,2023-04-15,Cancelado,0,0
7292,4361,1,2023-05-27,Cancelado,0,0
7293,1993,3,2023-01-23,Pendente,0,0
7294,1793,4,2023-09-03,Concluído,6,280
7295,9693,1,2023-11-05,Cancelado,0,0
7296,1905,2,2023-10-03,Cancelado,0,0
7297,838,5,2023-05-09,Pendente,0,0
7298,6594,3,2023-12-20,Concluído,1,234
7299,6081,4,2023-12-31,Pendente,0,0
7300,1004,4,2023-12-13,Pendente,0,0
7301,6506,2,2023-08-04,Concluído,4,328
7302,7988,2,2023-05-31,Cancelado,0,0
7303,6827,3,2023-12-17,Concluído,4,260
7304,3799,2,2023-08-25,Pendente,0,0
7305,8244,2,2023-04-18,Pendente,0,0
7306,8249,5,2023-12-11,Concluído,3,320
7307,9029,2,2023-12-28,Concluído,1,286
7308,5219,4,2023-10-25,Pendente,0,0
7309,5466,5,2023-04-26,Pendente,0,0
7310,8792,5,2023-10-07,Cancelado,0,0
7311,1859,5,2023-02-09,Pendente,0,0
7312,9424,5,2023-09-12,Pendente,0,0
7313,3569,1,2023-06-25,Concluído,3,197
7314,9341,3,2023-03-24,Pendente,0,0
7315,4610,4,2023-07-10,Cancelado,0,0
7316,4884,5,2023-07-26,Cancelado,0,0
7317,509,5,2023-06-07,Concluído,4,242
7318,5277,1,2023-10-31,Pendente,0,0
7319,950,5,2023-12-09,Cancelado,0,0
7320,4034,2,2023-07-05,Concluído,5,183
7321,2,1,2023-01-26,Concluído,6,177
7322,2615,2,2023-02-02,Concluído,7,162
7323,6936,2,2023-02-22,Pendente,0,0
7324,3306,2,2023-09-01,Cancelado,0,0
7325,1454,4,2023-01-08,Concluído,3,275
7326,9179,3,2023-08-07,Pendente,0,0
7327,4002,5,2024-01-01,Cancelado,0,0
7328,327,5,2023-10-04,Cancelado,0,0
7329,2118,3,2023-07-14,Pendente,0,0
7330,6752,2,2023-07-18,Concluído,7,204
7331,45,5,2023-12-13,Concluído,2,292
7332,3505,4,2023-06-17,Cancelado,0,0
7333,6949,3,2023-06-07,Cancelado,0,0
7334,4563,2,2023-02-21,Concluído,3,297
7335,2244,4,2023-07-19,Concluído,7,337
7336,9231,1,2023-01-07,Concluído,4,275
7337,7217,3,2023-10-02,Pendente,0,0
7338,4178,3,2023-02-18,Concluído,6,224
7339,811,3,2023-11-03,Concluído,6,227
7340,3803,2,2023-08-23,Cancelado,0,0
7341,9484,5,2023-07-27,Concluído,3,291
7342,5006,4,2023-07-12,Cancelado,0,0
7343,1511,3,2023-08-22,Pendente,0,0
7344,3412,2,2023-11-19,Concluído,4,305
7345,234,4,2023-08-11,Cancelado,0,0
7346,2261,3,2023-05-01,Concluído,1,170
7347,1169,3,2023-06-05,Cancelado,0,0
7348,7950,2,2023-05-07,Concluído,2,226
7349,8090,5,2023-10-28,Pendente,0,0
7350,2728,4,2023-03-13,Concluído,5,319
7351,7468,4,2023-05-03,Pendente,0,0
7352,9682,4,2023-03-02,Concluído,6,295
7353,6371,2,2023-07-03,Pendente,0,0
7354,9556,3,2023-07-07,Pendente,0,0
7355,6290,5,2023-04-27,Cancelado,0,0
7356,7458,2,2023-06-11,Pendente,0,0
7357,2867,5,2023-07-14,Pendente,0,0
7358,5644,4,2023-10-30,Pendente,0,0
7359,5754,3,2023-05-06,Cancelado,0,0
7360,8091,4,2023-07-14,Cancelado,0,0
7361,677,4,2023-09-27,Cancelado,0,0
7362,6493,2,2023-04-17,Cancelado,0,0
7363,6959,4,2023-09-08,Pendente,0,0
7364,111,5,2023-05-29,Concluído,2,211
7365,1284,4,2023-10-03,Pendente,0,0
7366,2310,5,2023-09-23,Pendente,0,0
7367,8327,2,2023-03-25,Pendente,0,0
7368,1405,2,2023-04-07,Pendente,0,0
7369,8731,4,2023-01-13,Cancelado,0,0
7370,151,3,2023-11-07,Cancelado,0,0
7371,1636,3,2023-07-30,Cancelado,0,0
7372,5997,4,2023-09-08,Cancelado,0,0
7373,6748,5,2023-05-02,Cancelado,0,0
7374,8261,4,2023-10-12,Cancelado,0,0
7375,4986,4,2023-09-27,Concluído,4,187
7376,3581,2,2023-06-19,Concluído,4,246
7377,5254,3,2023-08-17,Cancelado,0,0
7378,5854,3,2023-04-14,Cancelado,0,0
7379,1160,4,2023-11-09,Pendente,0,0
7380,2176,5,2023-08-03,Cancelado,0,0
7381,2626,3,2023-01-12,Concluído,3,281
7382,9386,2,2023-11-16,Pendente,0,0
7383,6647,4,2023-01-02,Cancelado,0,0
7384,9218,5,2023-05-10,Cancelado,0,0
7385,5848,5,2023-04-29,Cancelado,0,0
7386,14,5,2023-09-04,Pendente,0,0
7387,4895,1,2023-03-04,Cancelado,0,0
7388,6137,3,2023-09-17,Pendente,0,0
7389,1607,4,2023-11-19,Cancelado,0,0
7390,7094,2,2023-07-25,Pendente,0,0
7391,6548,3,2023-09-24,Concluído,1,183
7392,9374,3,2023-11-19,Concluído,4,345
7393,3746,5,2023-04-29,Pendente,0,0
7394,7276,2,2023-10-04,Cancelado,0,0
7395,7420,4,2023-09-15,Concluído,6,348
7396,4888,4,2023-11-02,Concluído,7,350
7397,9907,1,2023-05-31,Pendente,0,0
7398,2385,4,2023-07-29,Concluído,1,228
7399,4800,4,2023-01-15,Cancelado,0,0
7400,2482,2,2023-11-11,Concluído,5,337
7401,5184,1,2023-06-01,Pendente,0,0
7402,4594,5,2023-12-12,Pendente,0,0
7403,9391,4,2023-02-18,Pendente,0,0
7404,2234,2,2023-05-26,Pendente,0,0
7405,8911,2,2023-11-10,Cancelado,0,0
7406,4081,5,2023-09-20,Concluído,3,299
7407,4016,2,2023-04-29,Concluído,2,215
7408,9910,2,2023-10-05,Cancelado,0,0
7409,4493,1,2023-09-15,Pendente,0,0
7410,5770,4,2023-02-16,Pendente,0,0
7411,8220,1,2023-08-12,Cancelado,0,0
7412,7616,4,2023-10-11,Cancelado,0,0
7413,9803,2,2023-02-28,Pendente,0,0
7414,9011,5,2023-01-02,Pendente,0,0
7415,6200,2,2023-11-03,Concluído,7,163
7416,9613,1,2023-06-20,Pendente,0,0
7417,1485,3,2023-07-03,Pendente,0,0
7418,1807,4,2023-01-11,Concluído,3,168
7419,8136,2,2023-06-16,Cancelado,0,0
7420,4681,2,2023-10-09,Cancelado,0,0
7421,4094,3,2023-04-22,Concluído,2,340
7422,9931,4,2023-07-30,Concluído,1,321
7423,8801,2,2023-01-17,Cancelado,0,0
7424,2504,1,2023-03-15,Cancelado,0,0
7425,9990,5,2023-11-04,Concluído,5,332
7426,231,1,2023-01-25,Concluído,5,294
7427,3066,4,2023-10-25,Cancelado,0,0
7428,285,3,2023-04-27,Pendente,0,0
7429,2193,3,2023-02-14,Concluído,3,262
7430,5641,3,2023-09-22,Cancelado,0,0
7431,533,4,2023-08-11,Concluído,7,267
7432,608,5,2023-05-23,Concluído,2,329
7433,7456,2,2023-09-15,Cancelado,0,0
7434,6233,5,2023-06-14,Concluído,6,222
7435,7911,1,2023-09-27,Pendente,0,0
7436,7687,2,2023-01-05,Pendente,0,0
7437,7831,2,2023-03-17,Concluído,6,192
7438,3713,3,2023-03-30,Pendente,0,0
7439,4344,3,2023-08-02,Pendente,0,0
7440,3085,1,2023-12-20,Pendente,0,0
7441,1583,5,2023-08-31,Cancelado,0,0
7442,8181,4,2023-12-08,Pendente,0,0
7443,3300,5,2023-10-28,Concluído,3,319
7444,8428,5,2023-09-04,Cancelado,0,0
7445,3980,5,2023-01-03,Pendente,0,0
7446,885,2,2023-01-19,Cancelado,0,0
7447,8593,2,2023-07-07,Pendente,0,0
7448,3844,4,2023-10-30,Pendente,0,0
7449,4452,3,2023-07-07,Pendente,0,0
7450,2765,5,2023-12-24,Cancelado,0,0
7451,9516,4,2023-08-17,Cancelado,0,0
7452,2559,5,2023-11-13,Cancelado,0,0
7453,2726,2,2023-09-13,Pendente,0,0
7454,5484,1,2023-04-06,Cancelado,0,0
7455,2725,2,2023-04-24,Pendente,0,0
7456,4614,5,2023-09-12,Pendente,0,0
7457,2750,1,2023-02-03,Pendente,0,0
7458,2852,5,2023-06-16,Concluído,5,181
7459,1046,3,2023-06-30,Pendente,0,0
7460,7563,2,2023-05-24,Cancelado,0,0
7461,768,1,2023-01-05,Pendente,0,0
7462,8849,3,2023-02-16,Cancelado,0,0
7463,2550,3,2023-08-06,Pendente,0,0
7464,8204,4,2023-09-06,Pendente,0,0
7465,7003,2,2023-02-17,Pendente,0,0
7466,2803,2,2023-02-14,Cancelado,0,0
7467,4465,3,2023-04-18,Pendente,0,0
7468,3555,3,2023-10-22,Concluído,3,211
7469,4579,1,2023-05-09,Concluído,4,295
7470,6031,1,2023-12-08,Cancelado,0,0
7471,4276,3,2023-03-09,Pendente,0,0
7472,3259,5,2023-10-14,Concluído,6,257
7473,8827,1,2023-07-11,Concluído,7,302
7474,384,5,2023-06-24,Pendente,0,0
7475,3944,3,2023-03-11,Concluído,5,291
7476,782,5,2023-05-30,Cancelado,0,0
7477,3954,1,2023-02-28,Concluído,3,276
7478,4981,3,2023-07-26,Cancelado,0,0
7479,8268,3,2023-11-28,Pendente,0,0
7480,7463,4,2023-10-17,Cancelado,0,0
7481,9216,3,2023-05-16,Pendente,0,0
7482,5145,2,2023-05-08,Pendente,0,0
7483,94,2,2023-04-14,Concluído,2,178
7484,4343,5,2023-03-10,Concluído,5,332
7485,2224,1,2023-03-05,Cancelado,0,0
7486,2827,4,2023-09-16,Cancelado,0,0
7487,641,1,2023-06-04,Cancelado,0,0
7488,7413,1,2023-03-20,Cancelado,0,0
7489,1562,3,2023-10-02,Cancelado,0,0
7490,6670,5,2023-04-21,Concluído,1,216
7491,5302,5,2023-08-03,Cancelado,0,0
7492,6332,5,2023-03-15,Pendente,0,0
7493,9943,1,2023-02-07,Pendente,0,0
7494,1360,4,2023-11-02,Cancelado,0,0
7495,9968,2,2023-11-21,Cancelado,0,0
7496,8695,5,2023-05-16,Cancelado,0,0
7497,2526,5,2023-10-05,Pendente,0,0
7498,7381,4,2023-11-30,Concluído,1,290
7499,6955,4,2023-10-12,Cancelado,0,0
7500,3247,4,2023-01-25,Cancelado,0,0
7501,6403,2,2023-06-04,Cancelado,0,0
7502,9472,2,2023-01-04,Cancelado,0,0
7503,2367,1,2023-02-26,Pendente,0,0
7504,2309,4,2023-01-17,Cancelado,0,0
7505,9254,1,2023-01-11,Pendente,0,0
7506,8026,2,2023-09-23,Concluído,5,234
7507,8022,2,2023-10-22,Pendente,0,0
7508,7333,2,2023-06-17,Concluído,1,253
7509,2311,5,2023-02-16,Concluído,5,274
7510,8428,2,2023-09-28,Concluído,1,213
7511,3365,5,2023-04-25,Cancelado,0,0
7512,5593,3,2023-04-27,Pendente,0,0
7513,3166,5,2023-09-11,Cancelado,0,0
7514,9478,5,2023-01-21,Concluído,1,343
7515,1546,1,2023-01-24,Concluído,5,174
7516,703,3,2023-06-15,Cancelado,0,0
7517,2420,1,2023-10-22,Pendente,0,0
7518,2737,4,2023-03-06,Concluído,2,168
7519,8718,4,2023-08-10,Cancelado,0,0
7520,1906,5,2023-05-14,Concluído,2,319
7521,1276,2,2023-10-27,Pendente,0,0
7522,9236,5,2023-04-11,Concluído,6,152
7523,9789,5,2023-11-21,Concluído,5,348
7524,7458,1,2023-08-03,Pendente,0,0
7525,6419,3,2023-11-20,Cancelado,0,0
7526,1477,3,2023-07-06,Concluído,1,336
7527,8665,5,2023-09-19,Concluído,5,309
7528,7119,2,2023-01-31,Concluído,4,254
7529,4625,2,2023-08-04,Concluído,3,186
7530,4083,1,2023-03-25,Cancelado,0,0
7531,6472,4,2023-04-27,Pendente,0,0
7532,5048,2,2023-06-12,Cancelado,0,0
7533,8416,1,2023-08-23,Cancelado,0,0
7534,5162,1,2023-11-16,Concluído,1,223
7535,7057,2,2023-02-10,Cancelado,0,0
7536,3408,5,2023-12-21,Cancelado,0,0
7537,6731,5,2023-02-03,Concluído,7,166
7538,6567,5,2023-05-06,Cancelado,0,0
7539,2937,1,2023-06-10,Concluído,2,208
7540,2485,5,2023-07-10,Concluído,5,304
7541,7944,2,2023-01-25,Pendente,0,0
7542,8773,2,2023-05-14,Concluído,3,319
7543,3522,2,2023-06-20,Pendente,0,0
7544,5746,1,2023-12-14,Concluído,5,228
7545,387,2,2023-05-04,Cancelado,0,0
7546,1531,2,2023-05-09,Concluído,7,342
7547,9906,3,2023-09-28,Concluído,2,274
7548,9830,5,2023-10-07,Concluído,5,237
7549,3024,1,2023-06-16,Pendente,0,0
7550,7974,3,2023-05-22,Pendente,0,0
7551,8554,1,2023-05-18,Pendente,0,0
7552,4712,4,2023-06-27,Pendente,0,0
7553,2073,1,2023-01-28,Cancelado,0,0
7554,2260,4,2023-06-16,Concluído,3,255
7555,8970,3,2023-01-12,Pendente,0,0
7556,5686,3,2023-01-12,Cancelado,0,0
7557,9906,1,2023-03-17,Concluído,1,297
7558,31,5,2023-04-25,Concluído,5,285
7559,2667,3,2023-12-10,Pendente,0,0
7560,8035,4,2023-04-11,Concluído,6,346
7561,9185,2,2023-04-09,Pendente,0,0
7562,2850,5,2023-12-06,Cancelado,0,0
7563,5387,4,2023-10-03,Pendente,0,0
7564,6829,3,2023-10-31,Cancelado,0,0
7565,3211,1,2023-10-02,Cancelado,0,0
7566,2335,4,2023-09-29,Cancelado,0,0
7567,4312,2,2023-07-02,Pendente,0,0
7568,3230,4,2023-10-13,Cancelado,0,0
7569,4964,1,2023-06-15,Concluído,7,230
7570,1774,1,2023-02-05,Pendente,0,0
7571,7637,5,2023-11-22,Cancelado,0,0
7572,8814,1,2023-09-17,Concluído,3,274
7573,5091,3,2023-04-14,Concluído,1,247
7574,1434,5,2023-05-10,Pendente,0,0
7575,4615,4,2023-10-17,Concluído,5,199
7576,4151,5,2023-10-20,Cancelado,0,0
7577,5318,3,2023-06-07,Concluído,7,304
7578,3453,1,2023-04-07,Concluído,2,254
7579,5615,3,2023-05-14,Concluído,6,264
7580,2285,5,2023-08-26,Concluído,7,225
7581,4534,3,2023-08-26,Pendente,0,0
7582,1747,1,2023-04-04,Pendente,0,0
7583,5419,2,2023-11-09,Pendente,0,0
7584,2250,3,2023-05-28,Concluído,3,341
7585,1490,2,2023-02-20,Concluído,7,323
7586,3344,1,2023-12-12,Cancelado,0,0
7587,61,2,2023-10-12,Concluído,6,297
7588,6973,4,2023-09-21,Pendente,0,0
7589,6722,1,2023-01-21,Cancelado,0,0
7590,1656,4,2023-11-13,Concluído,4,321
7591,3587,5,2023-09-13,Concluído,7,201
7592,1068,2,2023-12-10,Cancelado,0,0
7593,8060,4,2023-07-10,Pendente,0,0
7594,8164,4,2023-03-15,Concluído,5,166
7595,322,3,2023-03-07,Cancelado,0,0
7596,1715,1,2023-10-10,Concluído,5,276
7597,2179,2,2023-07-09,Pendente,0,0
7598,9715,1,2023-03-03,Pendente,0,0
7599,3144,1,2023-12-29,Concluído,5,253
7600,4562,4,2023-01-12,Pendente,0,0
7601,3892,1,2023-03-19,Concluído,5,250
7602,3584,5,2023-06-11,Concluído,3,340
7603,3625,3,2023-12-14,Cancelado,0,0
7604,2530,4,2023-11-24,Pendente,0,0
7605,8687,1,2023-04-15,Pendente,0,0
7606,5951,1,2023-03-11,Cancelado,0,0
7607,8038,4,2023-12-04,Cancelado,0,0
7608,513,3,2023-01-22,Pendente,0,0
7609,2854,5,2023-05-06,Cancelado,0,0
7610,3715,2,2023-11-06,Cancelado,0,0
7611,6203,5,2023-05-19,Concluído,6,263
7612,3810,2,2023-06-07,Concluído,2,165
7613,2325,4,2023-05-14,Concluído,5,346
7614,4047,2,2023-11-09,Cancelado,0,0
7615,8662,5,2023-05-23,Cancelado,0,0
7616,554,4,2023-09-03,Concluído,1,290
7617,4823,4,2023-12-06,Cancelado,0,0
7618,2451,3,2023-04-16,Pendente,0,0
7619,6064,1,2023-02-08,Cancelado,0,0
7620,965,2,2023-03-17,Pendente,0,0
7621,5940,5,2023-06-15,Pendente,0,0
7622,6220,2,2023-02-15,Cancelado,0,0
7623,8123,5,2024-01-01,Cancelado,0,0
7624,8929,3,2023-03-12,Cancelado,0,0
7625,3938,1,2023-10-27,Concluído,1,255
7626,9583,5,2023-06-27,Concluído,4,175
7627,5741,1,2023-10-09,Pendente,0,0
7628,1597,5,2023-09-15,Pendente,0,0
7629,5957,5,2023-11-14,Cancelado,0,0
7630,7939,1,2023-01-09,Concluído,3,341
7631,495,1,2023-04-24,Concluído,1,350
7632,1425,4,2023-03-07,Cancelado,0,0
7633,5468,4,2023-04-05,Concluído,5,341
7634,5924,3,2023-05-03,Concluído,3,262
7635,8938,3,2023-11-16,Pendente,0,0
7636,6331,5,2023-06-22,Concluído,6,321
7637,2985,1,2023-11-06,Cancelado,0,0
7638,3213,2,2023-02-01,Cancelado,0,0
7639,8773,4,2023-08-06,Concluído,2,259
7640,4325,5,2023-04-25,Cancelado,0,0
7641,149,2,2023-05-08,Concluído,2,185
7642,9025,5,2023-01-18,Cancelado,0,0
7643,2852,5,2023-01-01,Concluído,3,163
7644,4263,5,2023-06-15,Cancelado,0,0
7645,2905,1,2023-12-13,Concluído,1,176
7646,4681,5,2023-05-05,Pendente,0,0
7647,1792,2,2023-07-25,Pendente,0,0
7648,3541,1,2023-05-10,Pendente,0,0
7649,3121,4,2023-03-28,Concluído,7,235
7650,1753,2,2023-07-08,Cancelado,0,0
7651,6869,5,2023-12-07,Concluído,6,266
7652,5075,4,2023-12-11,Pendente,0,0
7653,9253,5,2023-03-17,Concluído,7,160
7654,1983,1,2023-05-29,Pendente,0,0
7655,6999,5,2023-10-20,Pendente,0,0
7656,7969,5,2023-11-25,Pendente,0,0
7657,522,4,2023-06-29,Concluído,3,273
7658,7333,5,2023-01-28,Concluído,1,245
7659,8051,5,2023-04-25,Pendente,0,0
7660,826,2,2023-10-18,Cancelado,0,0
7661,2508,2,2023-11-11,Cancelado,0,0
7662,7213,3,2023-05-10,Pendente,0,0
7663,2816,5,2023-08-22,Cancelado,0,0
7664,5261,3,2023-12-07,Concluído,4,317
7665,9254,3,2023-06-07,Cancelado,0,0
7666,3892,3,2023-07-10,Pendente,0,0
7667,4047,2,2023-11-22,Concluído,1,294
7668,9693,2,2023-02-22,Pendente,0,0
7669,9893,1,2023-09-17,Concluído,1,331
7670,8829,3,2023-10-24,Cancelado,0,0
7671,3514,2,2023-03-07,Concluído,6,315
7672,4501,5,2023-11-30,Concluído,1,192
7673,5787,5,2023-09-21,Pendente,0,0
7674,7944,3,2023-01-16,Concluído,7,254
7675,9740,1,2023-05-25,Pendente,0,0
7676,6208,3,2023-05-21,Concluído,7,349
7677,3131,3,2023-07-26,Concluído,6,229
7678,3318,2,2023-09-14,Concluído,2,173
7679,3812,1,2023-07-24,Cancelado,0,0
7680,1832,3,2023-01-12,Cancelado,0,0
7681,6444,2,2023-12-25,Pendente,0,0
7682,4844,1,2023-10-07,Cancelado,0,0
7683,6415,4,2023-05-27,Concluído,3,284
7684,7345,3,2023-04-24,Pendente,0,0
7685,1349,4,2023-01-05,Concluído,3,269
7686,5252,5,2023-08-03,Cancelado,0,0
7687,8051,3,2023-09-02,Concluído,5,209
7688,4550,5,2023-09-21,Concluído,3,283
7689,262,4,2023-03-06,Cancelado,0,0
7690,738,1,2023-12-12,Cancelado,0,0
7691,2391,3,2023-06-12,Cancelado,0,0
7692,5945,2,2023-09-17,Cancelado,0,0
7693,5947,4,2023-11-27,Concluído,1,247
7694,8837,2,2023-09-02,Cancelado,0,0
7695,2834,4,2023-09-25,Concluído,1,175
7696,1412,1,2023-05-07,Concluído,7,327
7697,2864,2,2023-01-13,Concluído,5,268
7698,8281,3,2023-12-17,Cancelado,0,0
7699,857,2,2023-09-04,Pendente,0,0
7700,4969,5,2023-01-22,Concluído,4,172
7701,9854,3,2023-04-10,Pendente,0,0
7702,6160,4,2023-08-12,Cancelado,0,0
7703,2223,4,2023-02-08,Pendente,0,0
7704,3453,2,2023-07-31,Cancelado,0,0
7705,1539,3,2023-04-02,Pendente,0,0
7706,7324,2,2023-03-13,Pendente,0,0
7707,3161,2,2023-02-27,Pendente,0,0
7708,617,3,2023-03-28,Concluído,1,287
7709,8374,3,2023-02-24,Pendente,0,0
7710,9608,2,2023-05-22,Concluído,7,273
7711,9705,2,2023-02-28,Cancelado,0,0
7712,7429,1,2023-12-01,Cancelado,0,0
7713,580,1,2023-02-22,Cancelado,0,0
7714,1981,1,2023-12-20,Cancelado,0,0
7715,4985,4,2023-06-23,Pendente,0,0
7716,7137,4,2023-03-01,Pendente,0,0
7717,7715,2,2023-09-17,Concluído,7,241
7718,5361,2,2023-07-17,Concluído,6,175
7719,1300,2,2023-02-14,Cancelado,0,0
7720,5899,4,2023-12-19,Concluído,5,217
7721,3029,3,2023-01-10,Concluído,4,184
7722,4323,4,2023-11-12,Pendente,0,0
7723,2845,5,2023-05-25,Cancelado,0,0
7724,3404,2,2023-04-01,Concluído,4,330
7725,1570,1,2023-09-25,Cancelado,0,0
7726,8440,2,2023-05-10,Pendente,0,0
7727,9130,2,2023-09-03,Pendente,0,0
7728,5274,4,2023-08-22,Concluído,4,288
7729,102,2,2023-01-25,Concluído,3,157
7730,3098,5,2023-07-01,Pendente,0,0
7731,6853,4,2023-04-02,Pendente,0,0
7732,7790,4,2023-06-13,Cancelado,0,0
7733,638,2,2023-03-15,Concluído,7,255
7734,954,3,2023-07-22,Concluído,6,189
7735,1814,3,2023-10-08,Pendente,0,0
7736,2623,3,2023-07-18,Pendente,0,0
7737,4654,2,2023-05-29,Concluído,3,273
7738,8944,5,2023-08-18,Cancelado,0,0
7739,8287,3,2023-11-06,Concluído,3,180
7740,4987,3,2023-06-06,Pendente,0,0
7741,363,4,2023-01-27,Pendente,0,0
7742,8663,5,2023-10-16,Concluído,2,264
7743,1462,1,2023-05-30,Pendente,0,0
7744,9605,1,2023-07-13,Concluído,1,230
7745,4830,4,2023-12-21,Cancelado,0,0
7746,4787,1,2023-10-01,Pendente,0,0
7747,2420,1,2023-12-19,Concluído,1,333
7748,8644,1,2023-01-07,Concluído,5,252
7749,404,5,2023-12-18,Concluído,3,301
7750,1401,4,2023-07-24,Cancelado,0,0
7751,266,5,2023-06-16,Cancelado,0,0
7752,7650,4,2023-03-06,Cancelado,0,0
7753,7948,5,2023-10-19,Pendente,0,0
7754,3827,3,2023-09-16,Cancelado,0,0
7755,5938,2,2023-08-11,Cancelado,0,0
7756,6774,2,2023-06-02,Pendente,0,0
7757,6496,5,2023-10-12,Concluído,1,163
7758,297,3,2023-02-07,Concluído,6,251
7759,7905,4,2023-12-11,Concluído,7,348
7760,4605,5,2023-12-01,Concluído,2,230
7761,8175,1,2023-12-21,Concluído,2,180
7762,4484,3,2023-09-27,Pendente,0,0
7763,2771,2,2023-03-15,Cancelado,0,0
7764,9921,4,2023-04-05,Pendente,0,0
7765,3013,2,2023-07-21,Cancelado,0,0
7766,1696,4,2023-06-16,Concluído,6,187
7767,3754,3,2023-10-19,Pendente,0,0
7768,3825,3,2023-05-20,Pendente,0,0
7769,3722,2,2023-05-09,Pendente,0,0
7770,519,4,2023-01-26,Concluído,6,224
7771,4518,5,2023-08-18,Cancelado,0,0
7772,4256,2,2023-10-17,Concluído,7,282
7773,8674,2,2023-08-07,Concluído,6,246
7774,1765,5,2023-06-07,Cancelado,0,0
7775,3206,3,2023-05-04,Pendente,0,0
7776,418,1,2023-02-24,Concluído,6,315
7777,5765,1,2023-12-13,Pendente,0,0
7778,2296,1,2023-03-08,Cancelado,0,0
7779,1224,1,2023-09-02,Pendente,0,0
7780,316,1,2023-05-27,Pendente,0,0
7781,9750,1,2023-06-21,Pendente,0,0
7782,5353,1,2023-04-13,Concluído,5,278
7783,5144,5,2023-10-28,Pendente,0,0
7784,9979,3,2023-11-27,Pendente,0,0
7785,9416,4,2023-07-01,Concluído,1,307
7786,3178,4,2023-03-05,Pendente,0,0
7787,7514,1,2023-03-05,Pendente,0,0
7788,4206,2,2023-02-22,Cancelado,0,0
7789,260,3,2023-04-18,Cancelado,0,0
7790,896,4,2023-01-03,Cancelado,0,0
7791,2537,2,2023-03-06,Cancelado,0,0
7792,679,1,2023-07-28,Concluído,1,302
7793,9834,4,2023-08-07,Cancelado,0,0
7794,2419,5,2023-07-09,Concluído,7,252
7795,274,1,2023-11-17,Concluído,5,264
7796,3757,4,2023-06-19,Cancelado,0,0
7797,6793,4,2023-10-04,Concluído,3,158
7798,6007,5,2023-12-28,Cancelado,0,0
7799,8691,4,2023-06-22,Pendente,0,0
7800,5467,5,2023-07-14,Cancelado,0,0
7801,4548,1,2023-03-01,Cancelado,0,0
7802,2126,4,2023-07-05,Concluído,5,345
7803,4117,5,2023-07-10,Concluído,6,289
7804,8518,2,2023-12-31,Pendente,0,0
7805,3779,4,2023-04-17,Pendente,0,0
7806,5901,4,2023-12-16,Concluído,4,335
7807,9424,5,2023-05-27,Cancelado,0,0
7808,2605,2,2023-10-08,Concluído,2,175
7809,6528,2,2023-03-22,Cancelado,0,0
7810,8362,1,2023-07-09,Pendente,0,0
7811,8607,2,2023-03-10,Concluído,4,240
7812,8782,1,2023-08-16,Pendente,0,0
7813,2940,3,2023-12-26,Cancelado,0,0
7814,236,5,2023-01-18,Concluído,7,178
7815,5522,2,2023-10-03,Cancelado,0,0
7816,1120,3,2023-12-20,Cancelado,0,0
7817,5682,4,2023-12-02,Pendente,0,0
7818,7444,2,2023-11-27,Concluído,1,341
7819,3398,3,2023-05-19,Pendente,0,0
7820,7454,4,2023-07-02,Cancelado,0,0
7821,10,5,2023-07-16,Cancelado,0,0
7822,7954,4,2023-10-23,Concluído,5,337
7823,1956,1,2023-09-16,Cancelado,0,0
7824,6715,1,2023-07-28,Pendente,0,0
7825,3569,4,2023-08-12,Concluído,3,276
7826,5314,1,2023-09-17,Concluído,1,305
7827,7739,5,2023-10-01,Cancelado,0,0
7828,3175,1,2023-06-10,Pendente,0,0
7829,6418,3,2023-06-21,Pendente,0,0
7830,1479,2,2023-05-23,Pendente,0,0
7831,9911,5,2023-01-02,Cancelado,0,0
7832,9951,4,2023-02-28,Cancelado,0,0
7833,268,1,2023-11-15,Pendente,0,0
7834,9946,5,2023-03-29,Cancelado,0,0
7835,2021,5,2023-12-08,Concluído,1,249
7836,6087,5,2023-04-07,Pendente,0,0
7837,4327,2,2023-11-20,Concluído,5,175
7838,8321,4,2023-07-04,Cancelado,0,0
7839,6937,4,2023-03-29,Pendente,0,0
7840,6199,1,2023-01-04,Cancelado,0,0
7841,3468,1,2023-06-24,Cancelado,0,0
7842,1109,2,2023-07-30,Cancelado,0,0
7843,7589,4,2023-03-27,Pendente,0,0
7844,4160,5,2023-02-11,Concluído,7,340
7845,6500,5,2023-12-18,Concluído,5,168
7846,2203,1,2023-10-03,Pendente,0,0
7847,7140,1,2023-02-22,Concluído,2,313
7848,4345,2,2023-10-16,Pendente,0,0
7849,6435,3,2023-05-07,Concluído,4,191
7850,6816,5,2023-05-03,Concluído,5,320
7851,2042,5,2023-09-11,Concluído,6,193
7852,6474,2,2023-05-17,Cancelado,0,0
7853,6905,5,2023-03-29,Pendente,0,0
7854,8041,3,2023-09-28,Cancelado,0,0
7855,8128,5,2023-07-29,Cancelado,0,0
7856,6934,3,2023-10-21,Pendente,0,0
7857,2747,3,2023-04-24,Cancelado,0,0
7858,392,5,2023-03-25,Pendente,0,0
7859,8416,1,2023-07-02,Cancelado,0,0
7860,4684,1,2023-12-26,Pendente,0,0
7861,8447,2,2023-01-18,Concluído,2,249
7862,1507,1,2023-11-01,Concluído,1,303
7863,9283,2,2023-12-27,Cancelado,0,0
7864,4969,1,2023-02-04,Cancelado,0,0
7865,3978,1,2023-09-20,Cancelado,0,0
7866,8563,1,2023-02-01,Pendente,0,0
7867,7699,5,2023-04-24,Pendente,0,0
7868,7502,1,2023-07-12,Cancelado,0,0
7869,1215,3,2023-12-16,Cancelado,0,0
7870,9102,3,2023-09-16,Concluído,6,312
7871,56,1,2023-01-28,Concluído,7,332
7872,8867,3,2023-09-10,Concluído,5,186
7873,3898,5,2023-09-11,Pendente,0,0
7874,3363,3,2023-09-04,Cancelado,0,0
7875,9507,4,2023-10-01,Concluído,2,170
7876,8723,2,2023-07-07,Concluído,6,329
7877,1343,2,2023-05-05,Cancelado,0,0
7878,1990,3,2023-05-20,Cancelado,0,0
7879,5137,4,2023-12-02,Concluído,5,245
7880,9840,4,2023-11-09,Pendente,0,0
7881,4104,2,2023-06-16,Pendente,0,0
7882,1082,1,2023-08-15,Cancelado,0,0
7883,2400,3,2023-07-31,Pendente,0,0
7884,7637,5,2023-09-30,Concluído,6,182
7885,9452,3,2023-06-27,Concluído,1,189
7886,2563,2,2023-01-19,Pendente,0,0
7887,4017,2,2023-11-08,Pendente,0,0
7888,408,2,2023-11-11,Cancelado,0,0
7889,2171,2,2023-02-23,Cancelado,0,0
7890,4746,2,2023-03-27,Pendente,0,0
7891,2686,4,2023-12-24,Cancelado,0,0
7892,5735,5,2023-11-26,Cancelado,0,0
7893,6185,3,2023-03-29,Pendente,0,0
7894,3387,3,2023-05-23,Concluído,6,228
7895,4548,2,2023-12-26,Concluído,1,340
7896,4572,4,2023-05-16,Pendente,0,0
7897,9595,4,2023-07-27,Concluído,4,315
7898,5842,3,2023-10-28,Concluído,1,206
7899,3556,1,2023-08-19,Cancelado,0,0
7900,849,5,2023-03-29,Concluído,5,181
7901,5490,4,2023-07-06,Cancelado,0,0
7902,5719,2,2023-03-20,Cancelado,0,0
7903,6275,4,2023-12-21,Pendente,0,0
7904,5911,5,2023-08-07,Concluído,1,349
7905,3284,4,2023-01-03,Pendente,0,0
7906,8728,5,2023-02-27,Pendente,0,0
7907,5724,3,2023-06-04,Cancelado,0,0
7908,6564,1,2023-11-22,Concluído,2,190
7909,360,3,2023-09-04,Cancelado,0,0
7910,3299,3,2023-11-15,Pendente,0,0
7911,3266,4,2023-11-29,Cancelado,0,0
7912,8735,2,2023-01-21,Concluído,3,261
7913,7683,1,2023-10-08,Cancelado,0,0
7914,6894,2,2023-09-09,Cancelado,0,0
7915,7818,4,2023-12-11,Pendente,0,0
7916,3798,2,2023-04-20,Pendente,0,0
7917,7243,1,2023-03-16,Pendente,0,0
7918,810,5,2023-03-07,Concluído,4,323
7919,3941,5,2023-08-15,Cancelado,0,0
7920,9419,1,2023-03-05,Cancelado,0,0
7921,3826,4,2023-08-13,Concluído,6,157
7922,272,1,2023-02-01,Cancelado,0,0
7923,1624,2,2023-06-11,Concluído,6,290
7924,6878,1,2023-09-28,Pendente,0,0
7925,4748,1,2023-11-27,Cancelado,0,0
7926,282,5,2023-02-24,Cancelado,0,0
7927,7228,2,2023-01-06,Cancelado,0,0
7928,893,1,2023-05-20,Concluído,3,320
7929,7785,5,2023-09-28,Concluído,1,295
7930,2646,5,2023-06-23,Cancelado,0,0
7931,7755,1,2023-05-25,Cancelado,0,0
7932,3574,5,2023-03-06,Pendente,0,0
7933,6298,4,2023-10-18,Pendente,0,0
7934,1363,2,2023-07-28,Concluído,7,215
7935,2575,5,2023-06-18,Concluído,7,278
7936,1052,2,2023-03-17,Cancelado,0,0
7937,1624,2,2023-06-05,Cancelado,0,0
7938,6230,1,2023-12-23,Cancelado,0,0
7939,4271,1,2023-01-05,Pendente,0,0
7940,7023,1,2023-05-06,Cancelado,0,0
7941,5654,3,2023-07-03,Concluído,1,230
7942,5570,5,2023-05-18,Concluído,3,184
7943,9003,1,2023-07-04,Cancelado,0,0
7944,7347,2,2023-03-05,Concluído,5,173
7945,9487,5,2023-04-19,Cancelado,0,0
7946,6355,4,2023-08-10,Pendente,0,0
7947,3389,1,2023-06-11,Cancelado,0,0
7948,497,1,2023-01-27,Concluído,5,299
7949,1765,5,2023-07-20,Concluído,7,343
7950,7703,5,2023-10-20,Concluído,1,274
7951,1357,4,2023-12-20,Concluído,7,226
7952,4819,5,2023-04-14,Pendente,0,0
7953,1685,3,2023-10-17,Concluído,6,193
7954,3229,3,2023-06-20,Pendente,0,0
7955,9709,5,2023-07-05,Cancelado,0,0
7956,1534,5,2023-07-10,Pendente,0,0
7957,5846,1,2023-06-25,Pendente,0,0
7958,8285,4,2023-03-02,Pendente,0,0
7959,3746,3,2023-01-09,Pendente,0,0
7960,8038,2,2023-11-07,Cancelado,0,0
7961,8804,3,2023-09-22,Concluído,4,305
7962,8113,4,2023-05-19,Concluído,4,211
7963,3808,1,2023-02-19,Pendente,0,0
7964,7341,2,2023-02-25,Pendente,0,0
7965,9310,2,2023-12-13,Pendente,0,0
7966,6508,4,2023-05-10,Cancelado,0,0
7967,1207,1,2023-09-04,Concluído,5,339
7968,4544,4,2023-11-21,Pendente,0,0
7969,3020,4,2023-08-18,Pendente,0,0
7970,692,1,2023-08-05,Cancelado,0,0
7971,1849,1,2023-05-01,Pendente,0,0
7972,6686,4,2023-10-14,Concluído,1,340
7973,7109,1,2023-01-04,Cancelado,0,0
7974,9615,2,2023-06-30,Concluído,6,206
7975,9301,4,2023-02-06,Pendente,0,0
7976,1874,4,2023-03-10,Concluído,5,295
7977,7214,5,2023-12-02,Cancelado,0,0
7978,5952,5,2023-10-19,Pendente,0,0
7979,9382,3,2023-12-28,Pendente,0,0
7980,2391,5,2023-09-23,Concluído,5,346
7981,8488,3,2023-03-01,Concluído,6,180
7982,8835,4,2023-07-29,Concluído,2,191
7983,2849,3,2023-04-20,Concluído,7,291
7984,9835,2,2023-03-22,Cancelado,0,0
7985,1501,4,2023-11-28,Pendente,0,0
7986,5271,1,2023-06-29,Pendente,0,0
7987,4054,5,2023-06-06,Concluído,4,245
7988,5141,4,2023-07-09,Pendente,0,0
7989,6513,3,2023-04-29,Cancelado,0,0
7990,6990,3,2023-06-26,Concluído,7,250
7991,5395,5,2023-11-05,Cancelado,0,0
7992,9028,1,2023-02-03,Pendente,0,0
7993,2948,2,2023-04-27,Pendente,0,0
7994,3716,3,2023-02-27,Concluído,4,164
7995,3517,1,2023-10-17,Concluído,6,273
7996,6557,4,2023-12-18,Cancelado,0,0
7997,2008,5,2023-09-30,Pendente,0,0
7998,8681,4,2023-02-19,Concluído,4,165
7999,9493,4,2023-08-31,Pendente,0,0
8000,2989,5,2023-12-27,Concluído,1,236
8001,6024,2,2023-06-06,Pendente,0,0
8002,3303,1,2023-08-29,Cancelado,0,0
8003,7471,1,2023-11-05,Concluído,2,241
8004,8301,2,2023-01-19,Concluído,5,204
8005,4025,5,2023-10-15,Cancelado,0,0
8006,4663,3,2023-07-22,Pendente,0,0
8007,33,2,2023-01-10,Concluído,7,308
8008,9211,2,2023-09-10,Concluído,2,327
8009,3126,4,2023-03-06,Pendente,0,0
8010,4145,3,2023-09-04,Concluído,7,340
8011,1495,5,2023-03-27,Cancelado,0,0
8012,9638,1,2023-11-10,Pendente,0,0
8013,2223,1,2023-12-30,Cancelado,0,0
8014,4996,4,2023-06-13,Cancelado,0,0
8015,4896,3,2023-02-14,Pendente,0,0
8016,8133,4,2023-12-21,Cancelado,0,0
8017,1575,3,2023-08-19,Concluído,7,246
8018,9030,5,2023-07-10,Concluído,4,188
8019,8577,3,2023-04-06,Cancelado,0,0
8020,6339,2,2023-04-21,Pendente,0,0
8021,3455,1,2023-01-14,Cancelado,0,0
8022,5845,4,2023-07-31,Pendente,0,0
8023,5742,3,2023-09-29,Cancelado,0,0
8024,4996,1,2023-09-18,Concluído,5,317
8025,3835,1,2023-04-23,Cancelado,0,0
8026,9231,2,2023-11-29,Cancelado,0,0
8027,8032,2,2023-01-17,Concluído,6,338
8028,518,1,2023-01-20,Concluído,6,272
8029,1357,5,2023-02-19,Pendente,0,0
8030,4567,5,2023-09-02,Concluído,3,156
8031,2067,2,2023-09-18,Pendente,0,0
8032,6061,3,2023-12-01,Pendente,0,0
8033,4217,1,2023-08-01,Concluído,6,337
8034,7471,5,2023-05-16,Cancelado,0,0
8035,1659,5,2023-05-11,Cancelado,0,0
8036,7279,4,2023-10-02,Concluído,6,156
8037,1313,4,2023-05-11,Concluído,4,337
8038,2611,2,2023-02-17,Cancelado,0,0
8039,6106,3,2023-03-09,Pendente,0,0
8040,1864,5,2023-07-19,Cancelado,0,0
8041,9562,2,2023-05-30,Pendente,0,0
8042,5483,3,2023-09-09,Pendente,0,0
8043,8961,1,2023-08-15,Concluído,5,235
8044,8609,4,2023-01-07,Pendente,0,0
8045,6579,2,2023-10-19,Cancelado,0,0
8046,6592,1,2023-11-20,Pendente,0,0
8047,6562,2,2023-04-08,Pendente,0,0
8048,1926,4,2023-08-15,Pendente,0,0
8049,9647,4,2023-06-23,Pendente,0,0
8050,8279,3,2023-03-03,Concluído,2,172
8051,7661,2,2023-07-28,Pendente,0,0
8052,4826,3,2023-04-04,Pendente,0,0
8053,8141,5,2023-05-07,Concluído,7,336
8054,2081,5,2023-11-22,Concluído,1,344
8055,654,3,2023-06-04,Concluído,7,281
8056,8550,1,2023-11-30,Concluído,5,201
8057,8709,5,2023-08-14,Cancelado,0,0
8058,6401,1,2023-03-09,Pendente,0,0
8059,7118,1,2023-12-29,Cancelado,0,0
8060,4561,1,2023-11-27,Concluído,6,264
8061,8981,1,2023-01-31,Concluído,5,198
8062,44,3,2023-09-29,Pendente,0,0
8063,5589,5,2023-07-18,Concluído,1,181
8064,36,2,2023-01-24,Concluído,1,164
8065,2380,1,2023-11-05,Concluído,7,328
8066,8057,4,2023-04-09,Cancelado,0,0
8067,3507,4,2023-08-28,Pendente,0,0
8068,7912,3,2023-10-23,Pendente,0,0
8069,1868,2,2023-11-01,Concluído,6,317
8070,3654,2,2023-11-04,Cancelado,0,0
8071,7413,1,2023-06-12,Cancelado,0,0
8072,208,5,2023-06-14,Concluído,4,334
8073,3757,1,2023-06-03,Cancelado,0,0
8074,9641,5,2023-04-15,Cancelado,0,0
8075,3506,4,2023-01-05,Pendente,0,0
8076,1692,5,2023-03-10,Concluído,3,274
8077,6536,4,2023-05-11,Concluído,7,225
8078,1268,1,2023-10-30,Pendente,0,0
8079,7361,1,2023-01-13,Pendente,0,0
8080,1199,2,2023-09-15,Concluído,2,304
8081,334,1,2023-06-20,Cancelado,0,0
8082,950,3,2023-08-23,Pendente,0,0
8083,3402,2,2023-03-23,Concluído,1,254
8084,5794,5,2023-08-28,Cancelado,0,0
8085,4378,4,2023-06-08,Pendente,0,0
8086,9308,3,2023-08-26,Cancelado,0,0
8087,1797,2,2023-12-03,Cancelado,0,0
8088,2024,4,2023-01-22,Pendente,0,0
8089,110,2,2023-05-08,Cancelado,0,0
8090,2753,3,2023-02-10,Concluído,4,180
8091,941,3,2023-01-18,Concluído,4,198
8092,319,3,2023-02-05,Pendente,0,0
8093,4881,4,2023-05-20,Cancelado,0,0
8094,3505,4,2023-02-04,Concluído,6,162
8095,8484,3,2023-07-01,Cancelado,0,0
8096,3862,1,2023-05-11,Cancelado,0,0
8097,5318,3,2023-11-30,Concluído,2,283
8098,4958,3,2023-04-07,Cancelado,0,0
8099,9773,1,2023-06-05,Pendente,0,0
8100,5440,4,2023-10-31,Pendente,0,0
8101,7086,5,2023-09-14,Pendente,0,0
8102,1420,4,2023-03-30,Cancelado,0,0
8103,587,3,2023-11-21,Pendente,0,0
8104,8781,5,2023-10-11,Cancelado,0,0
8105,1562,3,2023-06-21,Pendente,0,0
8106,8913,4,2023-03-19,Pendente,0,0
8107,4303,4,2023-03-21,Cancelado,0,0
8108,9869,1,2023-01-22,Concluído,5,318
8109,2488,3,2023-08-31,Concluído,1,314
8110,1167,3,2023-11-03,Concluído,5,185
8111,7966,3,2023-12-26,Pendente,0,0
8112,6907,4,2023-06-11,Concluído,6,245
8113,8669,5,2023-11-15,Cancelado,0,0
8114,4724,4,2023-07-28,Pendente,0,0
8115,7456,2,2023-08-22,Concluído,4,238
8116,9125,1,2023-07-04,Concluído,1,176
8117,6273,5,2023-09-14,Pendente,0,0
8118,8381,3,2023-01-05,Concluído,3,160
8119,7389,4,2023-01-23,Pendente,0,0
8120,9869,3,2023-02-26,Pendente,0,0
8121,4304,3,2023-02-12,Concluído,4,174
8122,2206,3,2023-03-01,Pendente,0,0
8123,6055,3,2023-02-23,Concluído,1,328
8124,3070,5,2023-05-02,Concluído,3,294
8125,4187,4,2023-01-20,Cancelado,0,0
8126,4095,1,2023-08-19,Concluído,1,230
8127,1999,2,2023-11-21,Concluído,4,331
8128,8778,3,2023-12-17,Concluído,4,274
8129,9191,3,2023-04-04,Pendente,0,0
8130,3437,2,2023-10-22,Cancelado,0,0
8131,2563,4,2023-01-13,Concluído,6,309
8132,4511,3,2023-01-10,Concluído,6,315
8133,6047,4,2023-01-17,Concluído,2,243
8134,3979,3,2023-10-13,Cancelado,0,0
8135,9656,3,2023-09-12,Pendente,0,0
8136,3933,4,2023-05-26,Cancelado,0,0
8137,4914,5,2023-01-11,Concluído,1,331
8138,1932,1,2023-04-24,Pendente,0,0
8139,1897,3,2023-04-19,Pendente,0,0
8140,8582,3,2023-08-14,Cancelado,0,0
8141,3788,2,2023-07-19,Concluído,5,264
8142,3874,1,2023-11-15,Concluído,4,163
8143,1643,5,2023-04-18,Concluído,6,290
8144,2758,1,2023-10-14,Concluído,4,255
8145,9133,5,2023-06-19,Cancelado,0,0
8146,1694,2,2023-08-24,Cancelado,0,0
8147,4038,2,2023-05-16,Concluído,2,263
8148,3292,3,2023-04-07,Cancelado,0,0
8149,7323,5,2023-09-27,Cancelado,0,0
8150,5826,4,2023-06-19,Concluído,5,182
8151,7731,2,2023-09-03,Concluído,1,296
8152,1319,3,2023-02-24,Cancelado,0,0
8153,3983,5,2023-08-31,Concluído,6,188
8154,8244,3,2023-03-24,Cancelado,0,0
8155,1552,3,2023-12-04,Pendente,0,0
8156,8186,4,2023-04-13,Concluído,7,200
8157,7359,1,2023-03-16,Concluído,2,256
8158,6470,3,2023-02-06,Pendente,0,0
8159,112,5,2023-10-24,Pendente,0,0
8160,6911,3,2023-05-25,Concluído,4,207
8161,3354,4,2023-11-30,Pendente,0,0
8162,5580,5,2023-11-29,Cancelado,0,0
8163,6463,1,2023-06-11,Concluído,2,230
8164,8235,3,2023-06-10,Pendente,0,0
8165,7247,1,2023-05-09,Concluído,7,209
8166,4493,1,2023-02-01,Concluído,2,215
8167,3957,1,2023-04-22,Pendente,0,0
8168,296,4,2023-11-27,Cancelado,0,0
8169,2095,4,2023-05-08,Cancelado,0,0
8170,890,3,2023-10-11,Concluído,4,207
8171,1917,4,2023-09-29,Cancelado,0,0
8172,755,3,2023-12-16,Concluído,2,259
8173,8153,1,2023-06-05,Pendente,0,0
8174,2451,3,2023-07-05,Concluído,7,250
8175,7378,5,2023-11-24,Cancelado,0,0
8176,7118,2,2023-11-30,Concluído,1,158
8177,3597,5,2023-05-24,Concluído,5,310
8178,8922,1,2023-01-27,Cancelado,0,0
8179,9022,3,2023-11-13,Pendente,0,0
8180,6196,5,2023-09-20,Pendente,0,0
8181,9292,3,2023-08-03,Cancelado,0,0
8182,4786,5,2023-11-27,Cancelado,0,0
8183,9838,1,2023-01-24,Concluído,2,311
8184,1536,1,2023-01-09,Cancelado,0,0
8185,7178,1,2023-03-31,Cancelado,0,0
8186,317,1,2023-07-23,Pendente,0,0
8187,149,3,2023-08-29,Concluído,5,272
8188,7722,3,2023-07-20,Cancelado,0,0
8189,9218,3,2023-11-11,Cancelado,0,0
8190,4725,4,2023-06-11,Concluído,2,328
8191,8878,5,2023-03-24,Cancelado,0,0
8192,5274,2,2023-04-23,Cancelado,0,0
8193,4542,2,2023-12-18,Pendente,0,0
8194,1316,3,2023-05-10,Pendente,0,0
8195,8908,1,2023-11-18,Concluído,3,283
8196,1288,1,2023-02-05,Cancelado,0,0
8197,2289,1,2023-12-28,Pendente,0,0
8198,5867,3,2023-12-30,Pendente,0,0
8199,3358,2,2023-01-30,Pendente,0,0
8200,9689,2,2023-01-19,Concluído,2,287
8201,5722,5,2023-08-04,Pendente,0,0
8202,141,4,2023-02-06,Pendente,0,0
8203,9873,3,2023-07-04,Cancelado,0,0
8204,4540,4,2023-02-16,Pendente,0,0
8205,2134,4,2023-11-13,Concluído,6,208
8206,2408,5,2023-07-18,Pendente,0,0
8207,3078,2,2023-07-04,Concluído,7,181
8208,4981,5,2023-02-01,Concluído,6,158
8209,9891,4,2023-03-31,Concluído,3,163
8210,9214,5,2023-08-16,Concluído,5,320
8211,5864,2,2023-03-22,Cancelado,0,0
8212,8451,3,2023-02-18,Pendente,0,0
8213,9894,2,2023-11-17,Concluído,2,156
8214,7010,2,2023-11-21,Pendente,0,0
8215,9442,1,2023-09-03,Pendente,0,0
8216,6778,4,2023-08-26,Pendente,0,0
8217,9564,3,2023-07-19,Pendente,0,0
8218,6739,1,2023-01-12,Concluído,7,326
8219,4504,4,2023-10-04,Cancelado,0,0
8220,9410,5,2023-05-06,Pendente,0,0
8221,1381,1,2023-08-31,Cancelado,0,0
8222,9525,5,2023-11-14,Concluído,1,278
8223,8133,1,2023-08-19,Cancelado,0,0
8224,9453,2,2023-04-27,Pendente,0,0
8225,7541,5,2023-01-25,Concluído,5,264
8226,3263,3,2023-12-11,Pendente,0,0
8227,6696,5,2023-12-31,Cancelado,0,0
8228,4273,4,2023-05-27,Pendente,0,0
8229,1641,4,2023-12-23,Concluído,7,206
8230,7790,2,2023-08-11,Cancelado,0,0
8231,4026,3,2023-02-20,Cancelado,0,0
8232,8916,5,2023-04-11,Concluído,3,307
8233,5864,5,2023-06-09,Pendente,0,0
8234,2614,4,2023-03-31,Pendente,0,0
8235,6656,3,2023-01-19,Cancelado,0,0
8236,7205,5,2023-10-07,Cancelado,0,0
8237,4797,5,2023-10-18,Cancelado,0,0
8238,5055,5,2023-05-17,Pendente,0,0
8239,5862,1,2023-06-06,Concluído,7,255
8240,6324,5,2023-09-15,Cancelado,0,0
8241,3445,2,2023-09-01,Pendente,0,0
8242,6790,5,2023-12-27,Cancelado,0,0
8243,3070,1,2023-03-03,Concluído,1,224
8244,6542,1,2023-03-14,Concluído,2,331
8245,8948,2,2023-08-09,Pendente,0,0
8246,4268,2,2023-07-19,Pendente,0,0
8247,883,4,2023-09-02,Concluído,3,201
8248,5401,5,2023-06-09,Concluído,2,172
8249,2883,2,2023-10-13,Pendente,0,0
8250,19,3,2023-12-04,Pendente,0,0
8251,2429,1,2023-03-04,Concluído,3,244
8252,7355,5,2023-12-28,Cancelado,0,0
8253,5232,5,2023-11-14,Pendente,0,0
8254,9710,2,2023-11-22,Cancelado,0,0
8255,1632,2,2023-08-09,Concluído,7,234
8256,1621,2,2023-04-14,Cancelado,0,0
8257,2925,4,2023-03-05,Cancelado,0,0
8258,8575,1,2023-04-10,Concluído,7,310
8259,8806,5,2023-09-06,Cancelado,0,0
8260,7701,4,2023-10-04,Pendente,0,0
8261,5593,3,2023-03-18,Cancelado,0,0
8262,2010,1,2023-01-28,Concluído,7,210
8263,4188,5,2023-06-19,Concluído,3,222
8264,2095,2,2023-07-02,Concluído,3,197
8265,4277,4,2023-11-15,Cancelado,0,0
8266,7187,3,2023-05-27,Concluído,6,167
8267,7861,2,2023-11-12,Concluído,5,197
8268,3587,5,2023-03-20,Concluído,2,346
8269,3481,5,2023-09-19,Cancelado,0,0
8270,5136,4,2023-07-20,Pendente,0,0
8271,5632,2,2023-08-08,Cancelado,0,0
8272,2989,3,2023-10-17,Cancelado,0,0
8273,4293,1,2023-07-30,Pendente,0,0
8274,8569,3,2023-07-18,Pendente,0,0
8275,4550,5,2023-04-28,Pendente,0,0
8276,281,2,2023-03-04,Cancelado,0,0
8277,5649,3,2023-02-13,Pendente,0,0
8278,9021,1,2023-02-12,Cancelado,0,0
8279,1312,1,2023-04-27,Pendente,0,0
8280,2261,5,2023-10-28,Pendente,0,0
8281,4549,5,2023-09-10,Pendente,0,0
8282,8981,2,2023-01-27,Cancelado,0,0
8283,3268,5,2023-03-15,Cancelado,0,0
8284,6705,1,2023-11-22,Pendente,0,0
8285,8224,4,2023-07-21,Concluído,6,239
8286,6436,5,2023-03-31,Pendente,0,0
8287,7265,4,2023-08-23,Pendente,0,0
8288,3598,2,2023-08-09,Pendente,0,0
8289,3767,5,2023-03-17,Concluído,5,191
8290,7996,3,2023-03-28,Concluído,6,180
8291,2477,5,2023-07-31,Pendente,0,0
8292,9317,3,2023-10-24,Cancelado,0,0
8293,7899,2,2023-03-10,Pendente,0,0
8294,2176,2,2023-02-28,Pendente,0,0
8295,127,4,2023-02-08,Concluído,4,201
8296,3612,3,2023-12-26,Pendente,0,0
8297,1700,5,2023-03-19,Cancelado,0,0
8298,4059,5,2023-04-25,Cancelado,0,0
8299,306,4,2023-02-02,Pendente,0,0
8300,7647,4,2023-02-21,Pendente,0,0
8301,9402,1,2023-01-27,Concluído,4,179
8302,6256,3,2023-10-21,Concluído,2,330
8303,5616,1,2023-07-13,Concluído,6,174
8304,3459,4,2023-10-12,Concluído,6,240
8305,958,1,2023-02-07,Cancelado,0,0
8306,1611,5,2023-10-20,Concluído,1,167
8307,578,1,2023-07-02,Pendente,0,0
8308,4411,4,2023-07-04,Pendente,0,0
8309,7610,2,2023-05-22,Cancelado,0,0
8310,4356,5,2023-08-10,Pendente,0,0
8311,2864,3,2023-01-15,Concluído,5,282
8312,4754,5,2023-03-30,Concluído,3,249
8313,6855,1,2023-07-30,Cancelado,0,0
8314,6256,1,2023-03-24,Concluído,7,335
8315,5844,4,2023-11-28,Concluído,7,267
8316,7079,4,2023-01-16,Pendente,0,0
8317,3709,4,2023-02-17,Pendente,0,0
8318,8550,4,2023-12-09,Pendente,0,0
8319,8944,1,2023-10-23,Pendente,0,0
8320,2099,5,2023-03-09,Concluído,2,226
8321,5978,5,2023-08-29,Concluído,1,223
8322,8314,4,2023-08-09,Pendente,0,0
8323,8132,5,2023-01-21,Pendente,0,0
8324,2446,1,2023-02-17,Concluído,1,235
8325,308,4,2023-06-06,Concluído,2,215
8326,7233,2,2023-12-31,Pendente,0,0
8327,461,5,2023-02-13,Concluído,2,209
8328,723,2,2023-10-30,Pendente,0,0
8329,2945,3,2023-01-31,Pendente,0,0
8330,6156,4,2023-04-15,Concluído,1,311
8331,612,5,2023-12-15,Pendente,0,0
8332,2123,1,2023-10-03,Cancelado,0,0
8333,7985,2,2023-01-20,Concluído,5,264
8334,1809,4,2023-12-11,Pendente,0,0
8335,9419,3,2023-10-21,Pendente,0,0
8336,4348,2,2023-04-15,Cancelado,0,0
8337,445,5,2023-07-12,Cancelado,0,0
8338,5959,3,2023-05-19,Pendente,0,0
8339,3291,5,2023-05-18,Pendente,0,0
8340,5097,2,2023-03-15,Cancelado,0,0
8341,9110,2,2023-06-25,Concluído,6,233
8342,8203,2,2023-06-15,Cancelado,0,0
8343,3729,3,2023-02-13,Cancelado,0,0
8344,1303,3,2023-09-28,Cancelado,0,0
8345,9778,5,2023-02-21,Cancelado,0,0
8346,4194,5,2023-04-05,Concluído,1,271
8347,6474,4,2023-07-26,Pendente,0,0
8348,545,4,2023-04-13,Pendente,0,0
8349,2134,5,2023-02-26,Cancelado,0,0
8350,8395,1,2023-02-26,Pendente,0,0
8351,4956,2,2023-05-19,Concluído,2,325
8352,8783,5,2023-08-21,Pendente,0,0
8353,3528,5,2023-09-11,Concluído,7,316
8354,8697,4,2023-10-02,Cancelado,0,0
8355,63,5,2023-07-01,Concluído,5,173
8356,7839,4,2023-03-08,Cancelado,0,0
8357,6208,2,2023-04-20,Cancelado,0,0
8358,6691,2,2023-09-19,Concluído,7,284
8359,3152,3,2023-05-04,Cancelado,0,0
8360,7630,3,2023-09-12,Cancelado,0,0
8361,4639,2,2023-06-21,Concluído,6,197
8362,705,1,2023-03-27,Concluído,3,277
8363,3505,2,2023-12-21,Pendente,0,0
8364,5752,4,2023-07-23,Cancelado,0,0
8365,7331,5,2023-05-09,Concluído,5,218
8366,5253,5,2023-10-15,Cancelado,0,0
8367,450,2,2023-03-07,Cancelado,0,0
8368,8322,1,2023-01-07,Concluído,4,343
8369,5777,5,2023-09-07,Concluído,4,290
8370,3402,1,2023-09-15,Concluído,3,178
8371,1885,2,2023-09-07,Concluído,5,241
8372,2369,1,2023-12-31,Concluído,2,222
8373,4454,5,2023-10-25,Cancelado,0,0
8374,4856,4,2023-01-03,Pendente,0,0
8375,8936,3,2023-11-14,Cancelado,0,0
8376,3547,5,2023-10-11,Cancelado,0,0
8377,9866,1,2023-08-12,Concluído,6,229
8378,7086,5,2023-03-05,Concluído,5,273
8379,2986,5,2023-09-30,Concluído,4,314
8380,1870,1,2023-12-19,Cancelado,0,0
8381,9097,4,2023-02-25,Concluído,7,236
8382,3671,3,2023-03-22,Pendente,0,0
8383,7029,1,2023-11-07,Concluído,3,341
8384,7559,2,2023-09-15,Cancelado,0,0
8385,2204,1,2023-01-05,Pendente,0,0
8386,9281,2,2023-11-01,Cancelado,0,0
8387,7439,4,2023-11-12,Concluído,5,218
8388,8707,4,2023-01-15,Pendente,0,0
8389,1605,1,2023-09-16,Concluído,5,302
8390,5345,3,2023-09-27,Concluído,4,270
8391,9775,4,2023-11-04,Concluído,3,272
8392,3828,3,2023-01-06,Cancelado,0,0
8393,240,2,2023-07-18,Pendente,0,0
8394,4661,4,2023-02-23,Concluído,4,258
8395,7496,1,2023-03-26,Pendente,0,0
8396,6141,4,2023-02-14,Cancelado,0,0
8397,270,5,2023-08-26,Cancelado,0,0
8398,6934,4,2023-05-20,Cancelado,0,0
8399,1622,5,2023-02-15,Concluído,4,341
8400,4347,3,2023-12-14,Cancelado,0,0
8401,3251,2,2023-06-10,Cancelado,0,0
8402,3810,3,2023-12-23,Pendente,0,0
8403,5876,2,2023-08-03,Cancelado,0,0
8404,5713,1,2023-06-17,Pendente,0,0
8405,5146,1,2023-08-12,Pendente,0,0
8406,73,2,2023-10-05,Cancelado,0,0
8407,7850,5,2023-10-04,Cancelado,0,0
8408,5973,1,2023-12-22,Pendente,0,0
8409,3350,1,2023-12-04,Pendente,0,0
8410,777,5,2023-03-01,Concluído,2,337
8411,367,4,2023-12-30,Pendente,0,0
8412,2588,5,2023-10-11,Concluído,2,296
8413,5852,1,2023-11-11,Pendente,0,0
8414,5492,3,2023-09-26,Pendente,0,0
8415,5543,3,2023-09-30,Concluído,5,281
8416,8033,3,2023-05-17,Pendente,0,0
8417,726,5,2023-01-08,Cancelado,0,0
8418,7976,3,2023-08-21,Cancelado,0,0
8419,3310,1,2023-09-21,Pendente,0,0
8420,8074,4,2023-01-27,Pendente,0,0
8421,7639,3,2023-01-24,Concluído,3,321
8422,3883,2,2023-08-15,Cancelado,0,0
8423,8099,4,2023-01-25,Concluído,5,331
8424,2154,1,2023-04-23,Pendente,0,0
8425,643,1,2023-08-01,Pendente,0,0
8426,7599,4,2023-07-19,Concluído,7,300
8427,4444,5,2023-04-22,Cancelado,0,0
8428,1183,4,2023-05-08,Concluído,2,316
8429,1129,2,2023-06-03,Pendente,0,0
8430,102,2,2023-09-21,Pendente,0,0
8431,4760,5,2023-09-29,Cancelado,0,0
8432,6457,1,2023-10-21,Concluído,2,339
8433,4261,3,2023-07-01,Cancelado,0,0
8434,8764,5,2023-07-15,Concluído,4,175
8435,1544,4,2023-01-20,Concluído,5,231
8436,602,1,2023-04-10,Pendente,0,0
8437,3602,3,2023-12-24,Cancelado,0,0
8438,9034,4,2023-07-24,Cancelado,0,0
8439,615,5,2023-01-20,Pendente,0,0
8440,3182,1,2023-06-08,Pendente,0,0
8441,3635,4,2023-06-01,Concluído,4,271
8442,9622,4,2023-06-25,Cancelado,0,0
8443,4275,4,2023-02-25,Cancelado,0,0
8444,257,1,2023-10-15,Cancelado,0,0
8445,1241,5,2023-05-17,Concluído,4,219
8446,5639,4,2023-04-19,Cancelado,0,0
8447,564,2,2023-10-01,Cancelado,0,0
8448,805,3,2023-09-08,Pendente,0,0
8449,8412,3,2023-10-18,Concluído,5,239
8450,3204,4,2023-11-02,Cancelado,0,0
8451,1188,2,2023-06-30,Pendente,0,0
8452,7635,5,2023-01-03,Cancelado,0,0
8453,978,2,2023-12-22,Concluído,7,246
8454,4052,2,2023-03-28,Pendente,0,0
8455,7091,3,2023-12-07,Pendente,0,0
8456,3910,1,2023-03-13,Concluído,4,238
8457,6031,1,2023-04-30,Pendente,0,0
8458,6452,3,2023-04-12,Cancelado,0,0
8459,3011,1,2023-04-17,Cancelado,0,0
8460,7331,5,2023-05-19,Cancelado,0,0
8461,3223,4,2023-09-13,Cancelado,0,0
8462,8712,3,2023-08-08,Concluído,6,175
8463,2423,5,2023-04-01,Concluído,7,186
8464,1080,3,2023-03-18,Concluído,6,255
8465,4420,4,2023-10-20,Concluído,4,279
8466,1813,1,2023-09-10,Cancelado,0,0
8467,7733,5,2023-07-16,Concluído,7,268
8468,5381,1,2023-11-26,Cancelado,0,0
8469,3796,3,2023-10-29,Pendente,0,0
8470,6486,2,2023-12-31,Pendente,0,0
8471,2903,3,2023-01-13,Concluído,7,339
8472,7904,5,2023-03-23,Concluído,1,260
8473,7677,4,2023-03-19,Concluído,6,162
8474,3574,1,2023-07-19,Cancelado,0,0
8475,2488,3,2023-09-17,Pendente,0,0
8476,750,2,2023-10-21,Cancelado,0,0
8477,2695,1,2023-04-30,Cancelado,0,0
8478,7704,4,2023-06-23,Concluído,2,316
8479,1541,4,2023-10-28,Cancelado,0,0
8480,1912,2,2023-04-27,Pendente,0,0
8481,9230,4,2023-06-18,Cancelado,0,0
8482,3566,4,2023-03-24,Pendente,0,0
8483,3081,3,2023-01-09,Pendente,0,0
8484,3866,5,2023-01-24,Cancelado,0,0
8485,1494,2,2023-09-26,Pendente,0,0
8486,9431,1,2023-11-25,Cancelado,0,0
8487,4296,4,2023-07-05,Concluído,5,328
8488,8399,5,2023-01-31,Concluído,4,228
8489,6043,5,2023-02-09,Pendente,0,0
8490,887,1,2023-07-11,Pendente,0,0
8491,6312,1,2023-02-08,Concluído,3,305
8492,7401,1,2023-09-26,Pendente,0,0
8493,1219,2,2023-09-11,Cancelado,0,0
8494,1634,1,2023-10-13,Cancelado,0,0
8495,2082,2,2023-01-13,Pendente,0,0
8496,2428,5,2023-06-22,Cancelado,0,0
8497,7183,4,2023-01-05,Cancelado,0,0
8498,8918,2,2023-04-15,Cancelado,0,0
8499,1515,5,2023-07-10,Concluído,5,221
8500,340,2,2023-10-06,Pendente,0,0
8501,583,3,2023-06-14,Pendente,0,0
8502,9104,3,2023-02-18,Concluído,1,284
8503,8940,2,2023-06-25,Pendente,0,0
8504,6576,2,2023-07-31,Cancelado,0,0
8505,880,3,2023-08-14,Cancelado,0,0
8506,8370,4,2023-11-12,Concluído,3,175
8507,2294,3,2023-01-30,Pendente,0,0
8508,4367,3,2023-05-26,Pendente,0,0
8509,6704,4,2023-05-02,Concluído,5,293
8510,4059,3,2023-11-17,Cancelado,0,0
8511,8575,4,2023-10-29,Cancelado,0,0
8512,1183,3,2023-06-21,Pendente,0,0
8513,4665,5,2023-04-03,Concluído,7,308
8514,5399,1,2023-08-04,Pendente,0,0
8515,4721,3,2023-05-09,Cancelado,0,0
8516,620,4,2023-12-14,Pendente,0,0
8517,9963,4,2023-05-14,Concluído,7,193
8518,479,3,2023-11-09,Pendente,0,0
8519,5043,2,2023-08-28,Cancelado,0,0
8520,2846,3,2023-07-21,Pendente,0,0
8521,192,5,2023-07-04,Pendente,0,0
8522,6358,3,2023-04-15,Cancelado,0,0
8523,6445,4,2023-02-20,Pendente,0,0
8524,7710,2,2023-07-10,Concluído,1,336
8525,4953,3,2023-06-13,Cancelado,0,0
8526,4406,2,2023-08-25,Cancelado,0,0
8527,3689,2,2023-06-23,Pendente,0,0
8528,1332,2,2023-04-13,Concluído,7,179
8529,3651,4,2023-03-18,Pendente,0,0
8530,9669,3,2023-08-09,Pendente,0,0
8531,3752,4,2023-01-15,Pendente,0,0
8532,9417,3,2023-10-21,Concluído,2,220
8533,6495,4,2023-10-12,Cancelado,0,0
8534,4605,2,2023-07-14,Concluído,3,150
8535,9303,1,2023-03-07,Pendente,0,0
8536,9888,2,2023-12-05,Concluído,7,162
8537,6448,3,2023-11-26,Cancelado,0,0
8538,7531,2,2023-06-19,Pendente,0,0
8539,2148,1,2023-05-31,Pendente,0,0
8540,5412,5,2023-11-25,Pendente,0,0
8541,7554,5,2023-02-16,Cancelado,0,0
8542,688,2,2023-03-17,Concluído,6,336
8543,5449,5,2023-08-18,Cancelado,0,0
8544,324,5,2023-11-10,Cancelado,0,0
8545,5322,5,2023-10-02,Concluído,3,267
8546,675,3,2023-06-27,Pendente,0,0
8547,7073,3,2023-04-29,Concluído,3,179
8548,3002,2,2023-06-19,Pendente,0,0
8549,6357,4,2023-12-19,Concluído,7,204
8550,33,5,2023-02-24,Concluído,2,297
8551,555,5,2023-04-21,Pendente,0,0
8552,153,5,2023-12-28,Concluído,7,250
8553,1219,5,2023-10-16,Concluído,6,333
8554,7312,3,2023-01-11,Cancelado,0,0
8555,3431,3,2023-10-05,Pendente,0,0
8556,6442,4,2023-01-09,Pendente,0,0
8557,8436,1,2023-12-07,Cancelado,0,0
8558,8131,3,2023-09-13,Pendente,0,0
8559,9272,2,2023-03-25,Cancelado,0,0
8560,5607,5,2023-01-15,Concluído,1,309
8561,3989,3,2023-05-23,Pendente,0,0
8562,9318,5,2023-05-31,Cancelado,0,0
8563,6041,2,2023-07-07,Concluído,6,274
8564,1743,2,2023-03-21,Cancelado,0,0
8565,1911,1,2023-08-22,Pendente,0,0
8566,9394,5,2023-06-22,Cancelado,0,0
8567,2647,3,2023-01-17,Pendente,0,0
8568,6736,4,2023-06-05,Pendente,0,0
8569,9706,2,2023-01-17,Cancelado,0,0
8570,918,1,2023-10-09,Cancelado,0,0
8571,2908,2,2023-05-31,Cancelado,0,0
8572,6675,1,2023-08-28,Cancelado,0,0
8573,6286,4,2023-04-30,Concluído,2,269
8574,1951,5,2023-08-05,Cancelado,0,0
8575,5251,4,2023-03-19,Pendente,0,0
8576,3981,3,2023-12-19,Pendente,0,0
8577,5312,1,2023-11-30,Cancelado,0,0
8578,4871,5,2023-05-10,Cancelado,0,0
8579,3057,5,2023-08-14,Pendente,0,0
8580,16,3,2023-02-08,Concluído,7,310
8581,3078,3,2023-12-14,Concluído,4,231
8582,5639,5,2023-05-25,Cancelado,0,0
8583,6300,2,2023-04-23,Concluído,4,162
8584,7638,1,2023-11-09,Concluído,3,224
8585,8478,3,2023-10-12,Pendente,0,0
8586,9743,1,2023-10-12,Pendente,0,0
8587,2992,5,2023-09-04,Cancelado,0,0
8588,4254,1,2023-11-04,Pendente,0,0
8589,9391,4,2023-07-14,Concluído,1,305
8590,8386,1,2023-10-30,Concluído,3,273
8591,6148,2,2023-03-13,Cancelado,0,0
8592,7341,3,2023-09-14,Pendente,0,0
8593,9374,5,2023-04-16,Cancelado,0,0
8594,1190,3,2023-02-20,Concluído,2,317
8595,8357,2,2023-03-02,Cancelado,0,0
8596,1908,5,2023-12-25,Cancelado,0,0
8597,4755,2,2023-08-15,Concluído,6,283
8598,1696,5,2023-08-21,Cancelado,0,0
8599,7576,4,2024-01-01,Concluído,3,189
8600,637,3,2023-03-25,Cancelado,0,0
8601,3661,1,2023-12-18,Pendente,0,0
8602,7863,1,2023-10-27,Pendente,0,0
8603,9401,5,2023-05-07,Pendente,0,0
8604,743,5,2023-05-26,Pendente,0,0
8605,9886,1,2023-01-10,Pendente,0,0
8606,5110,1,2023-01-02,Concluído,2,177
8607,5303,3,2023-08-30,Concluído,2,227
8608,2538,2,2023-07-23,Concluído,7,277
8609,1097,3,2023-01-03,Pendente,0,0
8610,4776,2,2023-03-06,Cancelado,0,0
8611,9248,4,2023-10-21,Cancelado,0,0
8612,4333,2,2023-05-22,Cancelado,0,0
8613,541,2,2023-08-17,Concluído,7,199
8614,1228,3,2023-07-19,Cancelado,0,0
8615,6715,3,2023-02-24,Cancelado,0,0
8616,5247,4,2023-10-29,Pendente,0,0
8617,5934,5,2023-05-03,Concluído,5,155
8618,3759,2,2023-11-11,Concluído,5,180
8619,908,3,2023-02-09,Pendente,0,0
8620,5523,2,2023-01-29,Cancelado,0,0
8621,3163,2,2023-01-24,Cancelado,0,0
8622,9884,1,2023-07-01,Pendente,0,0
8623,4909,5,2023-08-01,Concluído,4,335
8624,2001,4,2023-06-22,Concluído,5,253
8625,2807,1,2023-01-06,Pendente,0,0
8626,7374,3,2023-09-05,Concluído,7,318
8627,2399,4,2023-06-09,Pendente,0,0
8628,4158,1,2023-07-23,Pendente,0,0
8629,6839,4,2023-04-25,Cancelado,0,0
8630,3785,1,2023-12-14,Pendente,0,0
8631,6715,2,2023-10-23,Concluído,2,174
8632,3082,5,2023-10-13,Cancelado,0,0
8633,8251,2,2023-09-24,Pendente,0,0
8634,6744,2,2023-10-25,Cancelado,0,0
8635,4492,1,2023-12-14,Cancelado,0,0
8636,6980,1,2023-11-25,Pendente,0,0
8637,3164,2,2023-06-03,Pendente,0,0
8638,1611,2,2023-06-13,Pendente,0,0
8639,3064,2,2023-09-26,Cancelado,0,0
8640,7515,1,2023-02-10,Pendente,0,0
8641,5686,4,2023-10-26,Pendente,0,0
8642,5766,5,2023-06-24,Cancelado,0,0
8643,1921,3,2023-01-05,Pendente,0,0
8644,1958,1,2023-12-29,Concluído,5,263
8645,1853,4,2023-12-15,Cancelado,0,0
8646,2093,4,2023-12-12,Concluído,4,240
8647,7447,3,2023-09-01,Cancelado,0,0
8648,97,3,2023-06-19,Concluído,2,297
8649,345,4,2023-04-02,Concluído,6,337
8650,5892,3,2023-10-23,Concluído,3,325
8651,9552,3,2023-11-28,Pendente,0,0
8652,1850,3,2023-09-15,Pendente,0,0
8653,6475,1,2023-12-29,Pendente,0,0
8654,2212,5,2023-01-30,Pendente,0,0
8655,2016,3,2023-08-02,Cancelado,0,0
8656,6959,2,2023-12-30,Pendente,0,0
8657,2649,1,2023-04-27,Pendente,0,0
8658,1608,2,2023-06-29,Cancelado,0,0
8659,1376,5,2023-12-31,Pendente,0,0
8660,4406,5,2023-01-09,Pendente,0,0
8661,3386,2,2023-11-11,Pendente,0,0
8662,2746,5,2023-09-29,Pendente,0,0
8663,9428,1,2023-08-30,Concluído,5,235
8664,7681,3,2023-11-16,Pendente,0,0
8665,7474,3,2023-10-12,Concluído,4,240
8666,2068,4,2023-09-16,Pendente,0,0
8667,6354,3,2023-08-27,Concluído,2,243
8668,1260,2,2023-08-14,Cancelado,0,0
8669,4548,4,2023-11-17,Cancelado,0,0
8670,6126,2,2023-01-29,Concluído,7,246
8671,7073,4,2023-05-02,Cancelado,0,0
8672,1027,5,2023-03-10,Cancelado,0,0
8673,6840,3,2023-07-21,Concluído,7,322
8674,9060,5,2023-10-22,Pendente,0,0
8675,6418,4,2023-08-04,Concluído,6,159
8676,8971,5,2023-07-07,Pendente,0,0
8677,8041,1,2023-11-18,Pendente,0,0
8678,6973,4,2023-04-08,Concluído,1,266
8679,3134,1,2023-08-30,Pendente,0,0
8680,308,4,2023-11-22,Pendente,0,0
8681,3516,4,2023-09-06,Pendente,0,0
8682,1744,4,2023-05-02,Concluído,3,274
8683,1704,5,2023-07-11,Pendente,0,0
8684,7527,4,2023-05-18,Concluído,5,187
8685,5716,5,2023-09-11,Pendente,0,0
8686,5585,4,2023-03-04,Concluído,3,282
8687,9631,5,2023-10-02,Cancelado,0,0
8688,5864,4,2023-03-23,Concluído,3,346
8689,1372,4,2023-12-07,Concluído,4,197
8690,9881,2,2023-10-20,Concluído,6,238
8691,788,2,2023-08-19,Pendente,0,0
8692,488,2,2023-12-06,Cancelado,0,0
8693,8805,3,2023-02-04,Cancelado,0,0
8694,7797,1,2023-02-02,Pendente,0,0
8695,1439,1,2023-01-09,Concluído,4,296
8696,3983,3,2023-08-22,Cancelado,0,0
8697,2187,5,2023-12-26,Pendente,0,0
8698,5908,5,2023-01-07,Pendente,0,0
8699,116,3,2023-10-18,Pendente,0,0
8700,4572,2,2023-06-03,Concluído,7,177
8701,935,5,2023-08-11,Cancelado,0,0
8702,4802,4,2023-12-23,Concluído,3,329
8703,3822,3,2023-05-07,Pendente,0,0
8704,8739,3,2023-07-04,Pendente,0,0
8705,2524,4,2023-10-22,Cancelado,0,0
8706,9442,4,2023-07-17,Concluído,1,274
8707,447,1,2023-10-26,Concluído,6,256
8708,1370,2,2023-01-21,Pendente,0,0
8709,9571,1,2023-01-15,Concluído,7,296
8710,257,5,2023-12-07,Concluído,3,245
8711,4863,3,2023-12-01,Concluído,4,280
8712,5181,4,2023-11-04,Pendente,0,0
8713,1038,5,2023-06-21,Concluído,6,281
8714,3412,3,2023-11-03,Concluído,4,183
8715,9798,2,2023-10-20,Concluído,6,321
8716,900,5,2023-04-30,Cancelado,0,0
8717,6762,3,2023-11-16,Cancelado,0,0
8718,6239,1,2023-01-03,Concluído,2,235
8719,4134,2,2023-10-06,Pendente,0,0
8720,6515,3,2023-11-09,Cancelado,0,0
8721,6059,4,2023-07-19,Cancelado,0,0
8722,4113,3,2023-11-29,Cancelado,0,0
8723,69,4,2023-08-16,Pendente,0,0
8724,983,1,2023-10-31,Cancelado,0,0
8725,115,1,2023-09-18,Cancelado,0,0
8726,3934,4,2023-02-09,Pendente,0,0
8727,6349,4,2023-01-13,Pendente,0,0
8728,3111,5,2023-06-06,Cancelado,0,0
8729,2692,5,2023-09-04,Cancelado,0,0
8730,402,5,2023-12-24,Concluído,3,197
8731,8731,4,2023-05-12,Concluído,5,235
8732,4669,5,2023-11-27,Pendente,0,0
8733,4066,3,2023-09-06,Pendente,0,0
8734,6910,4,2023-11-22,Concluído,3,289
8735,697,1,2023-10-02,Concluído,4,322
8736,4569,4,2023-10-14,Concluído,7,205
8737,8855,5,2023-04-13,Cancelado,0,0
8738,4054,1,2023-02-28,Cancelado,0,0
8739,9990,5,2023-05-05,Concluído,6,272
8740,4652,4,2023-01-12,Pendente,0,0
8741,4293,1,2023-07-25,Concluído,5,340
8742,1348,3,2023-05-27,Concluído,5,192
8743,5101,3,2023-03-22,Cancelado,0,0
8744,5603,2,2023-04-25,Concluído,7,207
8745,2320,4,2023-04-07,Cancelado,0,0
8746,3180,5,2023-05-17,Cancelado,0,0
8747,8357,5,2023-05-12,Cancelado,0,0
8748,7052,4,2023-08-12,Pendente,0,0
8749,1728,3,2023-10-30,Cancelado,0,0
8750,1009,5,2023-03-20,Cancelado,0,0
8751,6472,5,2023-01-13,Pendente,0,0
8752,9624,3,2023-06-06,Cancelado,0,0
8753,3838,5,2023-09-21,Pendente,0,0
8754,6991,1,2023-05-11,Concluído,6,205
8755,660,3,2023-08-02,Concluído,4,169
8756,8995,1,2023-10-23,Cancelado,0,0
8757,5035,5,2023-10-15,Concluído,3,282
8758,2768,1,2023-10-27,Cancelado,0,0
8759,8878,4,2023-02-18,Concluído,3,234
8760,7189,1,2023-09-03,Concluído,7,218
8761,4166,5,2023-10-05,Cancelado,0,0
8762,9320,2,2023-01-05,Cancelado,0,0
8763,727,3,2023-06-19,Cancelado,0,0
8764,6052,1,2023-05-17,Concluído,4,218
8765,9960,5,2023-12-29,Concluído,1,201
8766,9849,1,2023-02-22,Pendente,0,0
8767,7434,2,2023-02-27,Cancelado,0,0
8768,5656,2,2023-04-30,Pendente,0,0
8769,8830,3,2023-12-13,Cancelado,0,0
8770,7277,2,2023-03-21,Concluído,3,266
8771,7491,1,2023-02-16,Cancelado,0,0
8772,3281,3,2023-12-14,Cancelado,0,0
8773,6126,3,2023-12-22,Cancelado,0,0
8774,4684,2,2023-03-09,Cancelado,0,0
8775,3062,4,2023-10-26,Cancelado,0,0
8776,2401,3,2023-11-28,Pendente,0,0
8777,221,2,2023-03-09,Concluído,2,190
8778,4674,4,2023-12-11,Pendente,0,0
8779,6569,2,2023-09-11,Pendente,0,0
8780,9612,5,2023-12-28,Cancelado,0,0
8781,5362,4,2023-06-16,Pendente,0,0
8782,2636,2,2023-01-30,Cancelado,0,0
8783,4849,5,2023-08-05,Cancelado,0,0
8784,5523,2,2023-04-04,Pendente,0,0
8785,718,5,2023-08-27,Pendente,0,0
8786,2987,5,2023-02-02,Pendente,0,0
8787,6265,3,2023-10-06,Cancelado,0,0
8788,1771,4,2023-11-10,Pendente,0,0
8789,5464,2,2023-09-30,Cancelado,0,0
8790,3640,1,2023-05-12,Pendente,0,0
8791,4980,2,2023-07-31,Cancelado,0,0
8792,3327,2,2023-09-30,Concluído,4,276
8793,2511,1,2023-07-01,Pendente,0,0
8794,8043,1,2023-12-03,Cancelado,0,0
8795,6149,2,2023-01-22,Pendente,0,0
8796,3987,3,2023-04-15,Concluído,2,324
8797,1767,4,2023-04-23,Concluído,7,173
8798,6298,1,2023-07-17,Pendente,0,0
8799,8703,1,2023-02-07,Pendente,0,0
8800,642,4,2023-05-05,Pendente,0,0
8801,7379,4,2023-10-15,Pendente,0,0
8802,4133,5,2023-09-14,Concluído,3,164
8803,2074,3,2023-12-07,Pendente,0,0
8804,3448,1,2023-07-17,Pendente,0,0
8805,1208,3,2024-01-01,Cancelado,0,0
8806,2819,1,2023-02-20,Cancelado,0,0
8807,1179,2,2023-02-27,Cancelado,0,0
8808,9456,4,2023-11-27,Pendente,0,0
8809,5106,5,2023-11-25,Cancelado,0,0
8810,6618,4,2023-08-23,Pendente,0,0
8811,1126,1,2023-04-30,Pendente,0,0
8812,1035,1,2023-01-22,Pendente,0,0
8813,1204,1,2023-09-01,Cancelado,0,0
8814,3345,5,2023-05-09,Cancelado,0,0
8815,6023,1,2023-07-31,Concluído,2,229
8816,4950,2,2023-10-03,Concluído,1,166
8817,2500,5,2023-09-12,Pendente,0,0
8818,4785,4,2023-08-07,Cancelado,0,0
8819,7306,4,2023-02-28,Cancelado,0,0
8820,2608,2,2023-08-01,Cancelado,0,0
8821,8474,3,2023-06-01,Cancelado,0,0
8822,8952,2,2023-01-15,Concluído,2,274
8823,2927,1,2023-12-04,Pendente,0,0
8824,6126,4,2023-08-30,Pendente,0,0
8825,5083,1,2023-08-21,Concluído,5,194
8826,1007,2,2023-10-08,Concluído,6,227
8827,8853,5,2023-12-23,Cancelado,0,0
8828,6201,3,2023-11-02,Pendente,0,0
8829,8809,1,2023-03-04,Pendente,0,0
8830,6996,1,2023-09-02,Concluído,2,176
8831,3147,1,2023-06-06,Cancelado,0,0
8832,567,5,2023-07-01,Pendente,0,0
8833,7210,3,2023-06-14,Concluído,3,174
8834,3413,2,2023-04-18,Cancelado,0,0
8835,7678,1,2023-07-04,Cancelado,0,0
8836,3784,2,2023-07-11,Pendente,0,0
8837,2020,1,2023-06-20,Pendente,0,0
8838,2726,5,2023-04-08,Pendente,0,0
8839,7804,3,2023-11-22,Concluído,1,213
8840,5285,3,2023-07-09,Pendente,0,0
8841,2053,3,2023-07-20,Concluído,1,291
8842,7591,2,2023-11-22,Concluído,5,201
8843,1899,1,2023-09-19,Cancelado,0,0
8844,1162,2,2023-11-13,Pendente,0,0
8845,2028,3,2023-04-09,Concluído,1,166
8846,8435,2,2023-09-03,Concluído,6,253
8847,363,1,2023-06-20,Pendente,0,0
8848,3994,5,2023-01-23,Pendente,0,0
8849,76,5,2023-04-28,Cancelado,0,0
8850,1641,1,2023-06-05,Concluído,1,285
8851,1357,3,2023-08-01,Pendente,0,0
8852,7841,4,2023-06-10,Pendente,0,0
8853,1738,3,2023-04-02,Pendente,0,0
8854,9371,3,2023-10-25,Concluído,1,235
8855,8521,2,2023-05-23,Pendente,0,0
8856,4325,4,2023-12-06,Concluído,7,185
8857,27,1,2023-06-23,Cancelado,0,0
8858,8096,5,2023-06-21,Pendente,0,0
8859,7846,1,2023-04-11,Concluído,5,262
8860,3661,5,2023-08-07,Cancelado,0,0
8861,3196,3,2023-04-18,Cancelado,0,0
8862,7396,1,2023-07-03,Cancelado,0,0
8863,896,5,2023-08-18,Concluído,5,206
8864,1660,5,2023-12-30,Pendente,0,0
8865,3714,3,2023-05-28,Pendente,0,0
8866,5290,3,2023-04-15,Cancelado,0,0
8867,6815,2,2023-06-10,Concluído,1,232
8868,7588,3,2023-06-05,Cancelado,0,0
8869,4025,5,2023-02-25,Pendente,0,0
8870,2453,4,2023-08-19,Pendente,0,0
8871,9931,3,2023-08-23,Concluído,5,212
8872,4582,2,2023-03-22,Cancelado,0,0
8873,2287,5,2023-10-05,Cancelado,0,0
8874,1596,4,2023-07-21,Pendente,0,0
8875,140,4,2023-03-31,Concluído,7,185
8876,970,3,2023-11-05,Concluído,7,234
8877,2052,4,2023-06-18,Pendente,0,0
8878,1590,5,2023-09-02,Cancelado,0,0
8879,9700,4,2023-01-27,Concluído,4,178
8880,1633,2,2023-02-22,Pendente,0,0
8881,5250,1,2023-03-16,Concluído,6,220
8882,2206,4,2023-03-25,Cancelado,0,0
8883,8224,5,2023-10-24,Cancelado,0,0
8884,125,4,2023-10-17,Cancelado,0,0
8885,5065,5,2023-07-05,Pendente,0,0
8886,655,5,2023-07-23,Pendente,0,0
8887,4607,3,2023-06-30,Concluído,1,191
8888,8142,4,2023-08-21,Pendente,0,0
8889,6642,4,2023-05-20,Cancelado,0,0
8890,85,4,2023-12-13,Cancelado,0,0
8891,6372,5,2023-11-30,Concluído,4,229
8892,7002,1,2023-07-05,Pendente,0,0
8893,837,1,2023-07-31,Concluído,1,325
8894,4480,3,2023-10-13,Cancelado,0,0
8895,3307,3,2023-07-18,Pendente,0,0
8896,6223,4,2023-05-29,Cancelado,0,0
8897,6613,3,2023-04-01,Concluído,5,230
8898,8655,3,2023-12-23,Concluído,3,153
8899,2725,1,2023-08-23,Cancelado,0,0
8900,6251,2,2023-12-26,Pendente,0,0
8901,1752,2,2023-02-06,Pendente,0,0
8902,8098,4,2023-08-04,Concluído,1,288
8903,627,3,2023-01-09,Cancelado,0,0
8904,633,3,2023-03-16,Concluído,5,231
8905,675,3,2023-01-14,Pendente,0,0
8906,6378,2,2023-03-26,Pendente,0,0
8907,1052,5,2023-08-31,Cancelado,0,0
8908,5180,1,2023-05-24,Pendente,0,0
8909,434,4,2023-09-05,Concluído,7,320
8910,9298,4,2023-07-29,Concluído,6,311
8911,775,2,2023-04-22,Concluído,1,190
8912,4112,3,2023-04-04,Pendente,0,0
8913,5977,3,2023-11-25,Concluído,6,310
8914,8538,1,2023-06-25,Cancelado,0,0
8915,1010,3,2023-05-18,Pendente,0,0
8916,9104,1,2023-02-03,Pendente,0,0
8917,2088,3,2023-02-04,Pendente,0,0
8918,1143,2,2023-11-28,Cancelado,0,0
8919,3240,1,2023-11-29,Pendente,0,0
8920,5192,5,2023-02-04,Concluído,1,172
8921,7500,2,2023-10-20,Concluído,4,258
8922,6443,4,2023-04-06,Cancelado,0,0
8923,9641,3,2023-03-29,Cancelado,0,0
8924,9939,3,2023-03-26,Concluído,2,231
8925,4759,1,2023-12-24,Concluído,1,343
8926,8788,5,2023-05-04,Pendente,0,0
8927,4749,3,2023-06-11,Cancelado,0,0
8928,4645,4,2023-06-21,Pendente,0,0
8929,4994,1,2023-09-13,Pendente,0,0
8930,3220,1,2023-03-13,Pendente,0,0
8931,5190,5,2023-03-04,Concluído,3,301
8932,4201,1,2023-11-08,Cancelado,0,0
8933,4810,4,2023-09-25,Concluído,4,237
8934,4709,1,2023-01-21,Pendente,0,0
8935,8446,3,2023-05-05,Pendente,0,0
8936,6234,3,2023-02-23,Pendente,0,0
8937,3681,4,2023-07-05,Cancelado,0,0
8938,8432,2,2023-11-20,Pendente,0,0
8939,8212,1,2023-08-28,Cancelado,0,0
8940,2140,3,2023-10-10,Pendente,0,0
8941,9503,2,2023-02-09,Cancelado,0,0
8942,3187,1,2023-12-04,Cancelado,0,0
8943,3809,3,2023-12-15,Cancelado,0,0
8944,7437,3,2023-09-03,Cancelado,0,0
8945,6977,3,2023-07-26,Pendente,0,0
8946,3609,5,2023-07-28,Pendente,0,0
8947,2601,3,2023-08-21,Cancelado,0,0
8948,8754,1,2023-12-27,Pendente,0,0
8949,9575,1,2023-08-18,Cancelado,0,0
8950,1049,5,2023-07-10,Concluído,6,265
8951,40,5,2023-03-25,Pendente,0,0
8952,1015,2,2023-07-08,Concluído,2,344
8953,7279,4,2023-08-18,Cancelado,0,0
8954,5034,3,2023-04-20,Pendente,0,0
8955,1077,1,2023-03-28,Concluído,4,180
8956,1023,2,2023-07-13,Pendente,0,0
8957,9553,5,2023-05-28,Concluído,4,285
8958,532,3,2023-05-16,Pendente,0,0
8959,1496,4,2023-01-16,Concluído,5,151
8960,3042,3,2023-05-20,Cancelado,0,0
8961,6506,1,2023-03-03,Cancelado,0,0
8962,2172,1,2023-08-01,Pendente,0,0
8963,1638,2,2023-04-20,Concluído,1,260
8964,3857,2,2023-10-07,Concluído,3,232
8965,9837,3,2023-09-18,Cancelado,0,0
8966,248,3,2023-03-05,Concluído,2,236
8967,7293,3,2023-07-07,Cancelado,0,0
8968,1638,3,2023-08-16,Concluído,3,259
8969,1382,5,2023-09-01,Pendente,0,0
8970,9856,1,2023-12-28,Cancelado,0,0
8971,6021,3,2023-03-18,Concluído,5,242
8972,1025,3,2023-08-20,Concluído,3,325
8973,8763,2,2023-01-19,Cancelado,0,0
8974,1701,5,2023-02-16,Pendente,0,0
8975,8339,4,2023-10-08,Pendente,0,0
8976,8570,3,2023-02-08,Cancelado,0,0
8977,5361,1,2023-03-19,Pendente,0,0
8978,7803,2,2023-02-14,Concluído,4,248
8979,2771,3,2023-12-18,Pendente,0,0
8980,9230,1,2023-01-18,Concluído,4,186
8981,3189,1,2023-11-02,Concluído,3,247
8982,2886,3,2023-02-27,Cancelado,0,0
8983,6034,5,2023-07-05,Pendente,0,0
8984,2580,1,2023-03-28,Concluído,4,164
8985,5089,3,2023-07-23,Pendente,0,0
8986,6834,3,2023-10-08,Pendente,0,0
8987,2895,2,2023-04-11,Cancelado,0,0
8988,769,3,2023-05-08,Concluído,3,183
8989,1984,5,2023-10-04,Pendente,0,0
8990,688,3,2023-09-19,Cancelado,0,0
8991,5598,3,2023-10-17,Cancelado,0,0
8992,9728,4,2023-08-24,Pendente,0,0
8993,124,2,2023-05-28,Pendente,0,0
8994,52,1,2023-06-20,Concluído,5,162
8995,2833,3,2023-07-18,Pendente,0,0
8996,3540,1,2023-07-07,Pendente,0,0
8997,7004,1,2023-11-08,Pendente,0,0
8998,3879,1,2023-08-11,Pendente,0,0
8999,8847,5,2023-11-11,Pendente,0,0
9000,8051,3,2023-11-03,Concluído,2,264
9001,9993,2,2023-09-08,Concluído,5,156
9002,9480,5,2023-05-11,Cancelado,0,0
9003,1239,5,2023-06-25,Cancelado,0,0
9004,5410,2,2023-02-09,Concluído,4,237
9005,8361,2,2023-09-12,Cancelado,0,0
9006,5437,1,2024-01-01,Pendente,0,0
9007,691,3,2023-06-05,Pendente,0,0
9008,5059,4,2023-10-02,Cancelado,0,0
9009,3059,4,2023-04-13,Cancelado,0,0
9010,2694,4,2023-02-09,Cancelado,0,0
9011,7438,4,2023-05-29,Concluído,2,334
9012,1294,2,2023-10-08,Concluído,7,294
9013,9953,4,2023-01-11,Concluído,7,179
9014,9076,3,2023-07-14,Cancelado,0,0
9015,8392,1,2023-06-23,Cancelado,0,0
9016,3207,5,2023-09-02,Cancelado,0,0
9017,5780,4,2023-06-10,Pendente,0,0
9018,3827,1,2023-04-04,Concluído,7,314
9019,2542,4,2023-07-23,Pendente,0,0
9020,3441,4,2023-09-23,Concluído,3,348
9021,4844,5,2023-09-21,Pendente,0,0
9022,1147,2,2023-07-25,Concluído,7,319
9023,1486,2,2023-10-22,Concluído,5,304
9024,4567,3,2023-01-29,Concluído,4,212
9025,9732,1,2023-04-14,Pendente,0,0
9026,458,2,2023-08-20,Pendente,0,0
9027,3633,1,2023-06-13,Concluído,7,349
9028,3887,4,2023-05-08,Cancelado,0,0
9029,7847,3,2023-03-23,Pendente,0,0
9030,9349,5,2023-12-01,Pendente,0,0
9031,7106,5,2023-05-07,Concluído,5,161
9032,1237,4,2023-05-20,Concluído,3,181
9033,6801,3,2023-04-24,Cancelado,0,0
9034,5208,3,2023-04-26,Pendente,0,0
9035,8470,5,2023-09-08,Pendente,0,0
9036,8685,4,2023-03-06,Cancelado,0,0
9037,8825,2,2023-10-26,Cancelado,0,0
9038,7978,2,2023-02-06,Concluído,5,263
9039,9695,4,2023-04-25,Concluído,3,164
9040,860,3,2023-03-07,Cancelado,0,0
9041,8732,5,2023-02-12,Cancelado,0,0
9042,920,4,2023-11-24,Pendente,0,0
9043,1085,2,2023-12-07,Cancelado,0,0
9044,3182,2,2023-09-14,Concluído,3,347
9045,8939,5,2023-06-11,Cancelado,0,0
9046,6847,4,2023-11-06,Pendente,0,0
9047,4925,2,2023-04-15,Pendente,0,0
9048,9868,2,2023-04-13,Cancelado,0,0
9049,4494,4,2023-06-07,Cancelado,0,0
9050,705,2,2023-10-30,Pendente,0,0
9051,7717,5,2024-01-01,Cancelado,0,0
9052,3388,1,2023-04-04,Cancelado,0,0
9053,6701,2,2023-07-14,Pendente,0,0
9054,6987,3,2023-05-02,Cancelado,0,0
9055,3664,1,2023-02-16,Pendente,0,0
9056,3965,2,2023-10-31,Cancelado,0,0
9057,6293,4,2023-11-23,Cancelado,0,0
9058,3261,2,2023-12-15,Cancelado,0,0
9059,714,5,2023-06-15,Concluído,3,181
9060,5261,2,2023-07-17,Concluído,4,242
9061,2070,5,2023-01-29,Concluído,7,201
9062,4295,2,2023-10-29,Cancelado,0,0
9063,26,5,2023-05-28,Concluído,5,298
9064,4390,4,2023-12-24,Cancelado,0,0
9065,6931,2,2023-09-20,Concluído,1,310
9066,6527,3,2023-06-13,Cancelado,0,0
9067,2268,5,2023-02-28,Pendente,0,0
9068,5374,4,2023-06-04,Pendente,0,0
9069,9218,5,2023-11-11,Concluído,5,211
9070,9038,4,2023-05-20,Pendente,0,0
9071,3742,4,2023-04-26,Concluído,1,217
9072,7954,3,2023-08-09,Cancelado,0,0
9073,9484,1,2023-05-27,Cancelado,0,0
9074,6551,5,2023-11-07,Concluído,4,208
9075,1658,3,2023-08-29,Pendente,0,0
9076,8854,4,2023-07-20,Pendente,0,0
9077,4801,3,2023-02-03,Concluído,7,235
9078,5511,2,2023-04-26,Cancelado,0,0
9079,7530,3,2023-02-28,Cancelado,0,0
9080,5706,4,2023-05-01,Pendente,0,0
9081,6456,4,2023-06-02,Cancelado,0,0
9082,4241,2,2023-10-18,Concluído,7,268
9083,3207,1,2023-03-08,Concluído,1,263
9084,8413,4,2023-08-03,Pendente,0,0
9085,4813,4,2023-12-30,Concluído,4,336
9086,555,3,2023-09-01,Pendente,0,0
9087,3047,1,2023-03-16,Pendente,0,0
9088,7151,2,2023-04-22,Concluído,4,213
9089,6634,3,2023-08-21,Concluído,2,154
9090,1806,4,2023-11-20,Concluído,4,182
9091,2,5,2023-04-24,Pendente,0,0
9092,906,4,2023-01-05,Cancelado,0,0
9093,1107,1,2023-05-16,Pendente,0,0
9094,2107,3,2023-01-26,Concluído,5,193
9095,4033,2,2023-06-19,Concluído,7,231
9096,170,2,2023-01-12,Cancelado,0,0
9097,4535,4,2023-11-12,Concluído,6,236
9098,6975,4,2023-10-12,Pendente,0,0
9099,9544,4,2023-08-29,Cancelado,0,0
9100,2118,1,2023-04-15,Concluído,5,173
9101,5021,1,2023-03-29,Concluído,2,250
9102,9784,1,2023-06-02,Concluído,7,250
9103,9734,2,2023-12-27,Concluído,1,320
9104,1546,5,2023-05-31,Pendente,0,0
9105,895,3,2023-05-28,Concluído,7,225
9106,6017,1,2023-04-12,Pendente,0,0
9107,326,5,2023-11-06,Concluído,1,263
9108,9397,3,2023-04-07,Cancelado,0,0
9109,2283,5,2023-10-22,Cancelado,0,0
9110,2129,1,2023-12-07,Cancelado,0,0
9111,4218,1,2023-08-14,Cancelado,0,0
9112,1771,5,2023-01-15,Pendente,0,0
9113,8278,4,2023-11-29,Pendente,0,0
9114,4883,3,2023-02-19,Cancelado,0,0
9115,2964,2,2023-11-01,Concluído,7,266
9116,3365,2,2023-02-04,Concluído,1,336
9117,1304,1,2023-04-12,Concluído,5,310
9118,1469,4,2023-04-28,Concluído,3,217
9119,7047,4,2023-07-19,Concluído,7,336
9120,3364,2,2023-03-01,Pendente,0,0
9121,2916,2,2023-12-05,Concluído,5,245
9122,9183,3,2023-07-07,Concluído,7,225
9123,9152,2,2023-10-13,Pendente,0,0
9124,4407,2,2023-12-09,Cancelado,0,0
9125,3441,2,2023-02-05,Pendente,0,0
9126,5795,5,2023-02-28,Cancelado,0,0
9127,4347,1,2023-01-21,Pendente,0,0
9128,1875,5,2023-07-16,Pendente,0,0
9129,9742,4,2023-04-19,Concluído,2,235
9130,8406,5,2023-03-13,Pendente,0,0
9131,3623,2,2023-09-22,Cancelado,0,0
9132,8445,4,2023-07-03,Concluído,1,316
9133,2718,1,2023-12-30,Cancelado,0,0
9134,1821,2,2023-05-17,Concluído,5,312
9135,8493,3,2023-08-15,Cancelado,0,0
9136,2091,2,2023-09-14,Pendente,0,0
9137,3155,4,2023-09-22,Pendente,0,0
9138,9072,2,2023-01-06,Cancelado,0,0
9139,5719,3,2023-07-28,Concluído,7,268
9140,5377,5,2023-04-29,Pendente,0,0
9141,4487,4,2023-06-10,Concluído,4,310
9142,3803,3,2023-01-02,Cancelado,0,0
9143,2866,3,2023-08-07,Cancelado,0,0
9144,6894,5,2023-02-25,Concluído,1,273
9145,3294,2,2023-05-18,Pendente,0,0
9146,3204,1,2023-10-06,Cancelado,0,0
9147,9313,3,2023-03-22,Concluído,2,251
9148,2537,1,2023-02-26,Pendente,0,0
9149,9235,3,2023-02-16,Cancelado,0,0
9150,79,5,2023-04-20,Pendente,0,0
9151,7507,5,2023-12-28,Pendente,0,0
9152,2325,5,2023-02-16,Cancelado,0,0
9153,3079,4,2023-10-02,Pendente,0,0
9154,1252,2,2023-12-31,Pendente,0,0
9155,3706,4,2023-03-25,Cancelado,0,0
9156,4065,2,2023-11-28,Concluído,7,153
9157,9957,4,2023-01-03,Concluído,4,220
9158,7872,1,2023-01-16,Cancelado,0,0
9159,4228,3,2023-02-04,Pendente,0,0
9160,6524,4,2023-12-29,Concluído,4,342
9161,465,1,2023-11-03,Cancelado,0,0
9162,9082,2,2023-12-26,Pendente,0,0
9163,267,5,2023-08-26,Pendente,0,0
9164,8827,2,2023-12-28,Concluído,6,237
9165,9083,1,2023-05-17,Pendente,0,0
9166,1428,3,2023-10-15,Concluído,3,169
9167,2880,1,2023-12-08,Pendente,0,0
9168,7175,1,2023-12-24,Pendente,0,0
9169,4506,4,2023-05-04,Cancelado,0,0
9170,3906,4,2023-08-02,Cancelado,0,0
9171,2602,4,2023-11-15,Pendente,0,0
9172,3857,1,2023-06-09,Concluído,3,168
9173,4915,1,2023-09-29,Concluído,5,250
9174,8423,2,2023-03-30,Pendente,0,0
9175,3741,3,2023-05-23,Pendente,0,0
9176,3873,4,2023-11-05,Cancelado,0,0
9177,5891,5,2023-08-13,Concluído,7,314
9178,3382,1,2023-04-07,Pendente,0,0
9179,3150,2,2023-03-18,Cancelado,0,0
9180,4714,5,2023-09-02,Concluído,4,156
9181,2937,4,2023-12-31,Cancelado,0,0
9182,3636,3,2023-10-14,Pendente,0,0
9183,9100,2,2023-11-04,Pendente,0,0
9184,7873,3,2023-12-19,Pendente,0,0
9185,617,5,2023-06-22,Cancelado,0,0
9186,8521,1,2023-10-27,Concluído,3,204
9187,5401,2,2023-07-14,Concluído,4,311
9188,69,1,2023-02-16,Pendente,0,0
9189,6678,3,2023-03-14,Cancelado,0,0
9190,117,1,2023-03-29,Cancelado,0,0
9191,4160,3,2023-02-15,Cancelado,0,0
9192,5005,3,2023-07-02,Pendente,0,0
9193,2899,5,2023-01-12,Cancelado,0,0
9194,7962,4,2023-07-12,Cancelado,0,0
9195,1593,1,2023-01-08,Concluído,7,253
9196,8563,5,2023-11-25,Pendente,0,0
9197,8246,4,2023-03-22,Cancelado,0,0
9198,6816,3,2023-11-01,Cancelado,0,0
9199,9803,1,2023-01-21,Concluído,5,340
9200,3495,5,2023-10-22,Cancelado,0,0
9201,7251,4,2023-09-07,Concluído,2,260
9202,9583,1,2023-05-23,Cancelado,0,0
9203,9607,3,2023-03-26,Concluído,7,157
9204,5361,4,2023-08-05,Cancelado,0,0
9205,6496,2,2023-02-15,Pendente,0,0
9206,9594,5,2023-04-17,Pendente,0,0
9207,4442,3,2023-05-31,Cancelado,0,0
9208,9784,4,2023-03-25,Cancelado,0,0
9209,3842,2,2023-08-09,Cancelado,0,0
9210,228,4,2023-08-05,Concluído,7,282
9211,4884,2,2023-02-07,Pendente,0,0
9212,7923,4,2023-12-12,Cancelado,0,0
9213,1921,1,2023-01-05,Pendente,0,0
9214,1354,3,2023-07-11,Pendente,0,0
9215,8913,1,2023-10-15,Cancelado,0,0
9216,3337,5,2023-01-17,Cancelado,0,0
9217,4379,4,2023-01-30,Concluído,7,227
9218,670,2,2023-01-27,Pendente,0,0
9219,1301,3,2023-06-18,Cancelado,0,0
9220,1271,1,2023-03-09,Cancelado,0,0
9221,6423,4,2023-11-13,Cancelado,0,0
9222,1672,1,2023-12-21,Cancelado,0,0
9223,8374,3,2023-11-08,Concluído,7,203
9224,1815,5,2023-02-11,Concluído,2,183
9225,5450,2,2023-10-07,Cancelado,0,0
9226,8367,4,2023-02-06,Cancelado,0,0
9227,4119,5,2023-02-20,Pendente,0,0
9228,2818,2,2023-03-10,Concluído,6,253
9229,361,2,2023-01-12,Concluído,3,318
9230,2200,3,2023-11-17,Pendente,0,0
9231,48,3,2023-09-15,Pendente,0,0
9232,3470,2,2023-04-10,Cancelado,0,0
9233,4773,4,2023-07-31,Concluído,6,307
9234,1799,2,2023-02-11,Cancelado,0,0
9235,4114,3,2023-02-15,Concluído,6,285
9236,7787,1,2023-09-06,Concluído,3,239
9237,8254,5,2023-05-11,Cancelado,0,0
9238,7540,4,2023-12-16,Cancelado,0,0
9239,7623,5,2023-05-08,Concluído,1,150
9240,8635,3,2023-12-29,Pendente,0,0
9241,8718,2,2023-09-23,Concluído,7,162
9242,4581,5,2023-10-14,Pendente,0,0
9243,1191,5,2023-01-29,Cancelado,0,0
9244,8666,3,2023-07-07,Pendente,0,0
9245,1128,2,2023-06-07,Cancelado,0,0
9246,8672,4,2023-03-01,Pendente,0,0
9247,6338,5,2023-01-27,Pendente,0,0
9248,9897,4,2023-03-29,Pendente,0,0
9249,1292,3,2023-07-15,Concluído,7,150
9250,8447,4,2023-04-16,Pendente,0,0
9251,7589,3,2023-10-21,Cancelado,0,0
9252,2267,5,2023-09-06,Pendente,0,0
9253,8544,4,2023-03-15,Cancelado,0,0
9254,1657,4,2023-01-23,Pendente,0,0
9255,3415,5,2023-12-25,Cancelado,0,0
9256,3907,1,2023-07-18,Cancelado,0,0
9257,1253,4,2023-12-10,Pendente,0,0
9258,9375,2,2023-06-08,Cancelado,0,0
9259,4142,5,2023-05-25,Concluído,6,331
9260,5078,5,2023-01-11,Concluído,5,325
9261,1771,5,2023-03-11,Pendente,0,0
9262,1111,5,2023-07-26,Concluído,7,168
9263,8710,1,2023-05-19,Concluído,6,341
9264,7380,1,2023-10-09,Concluído,4,169
9265,9608,4,2023-08-03,Concluído,3,217
9266,9578,2,2023-12-13,Pendente,0,0
9267,3384,2,2023-09-03,Pendente,0,0
9268,2838,3,2023-01-10,Pendente,0,0
9269,9422,1,2023-05-06,Concluído,6,331
9270,6262,4,2023-12-16,Pendente,0,0
9271,5934,5,2024-01-01,Concluído,3,337
9272,2727,2,2023-07-04,Pendente,0,0
9273,2016,5,2023-07-19,Cancelado,0,0
9274,2594,3,2023-07-02,Pendente,0,0
9275,3090,4,2023-05-17,Pendente,0,0
9276,5702,4,2023-12-12,Pendente,0,0
9277,8724,5,2023-04-29,Concluído,7,247
9278,1097,2,2023-07-31,Pendente,0,0
9279,6901,1,2023-10-12,Concluído,7,224
9280,8086,4,2023-07-26,Cancelado,0,0
9281,8305,5,2023-11-27,Concluído,1,257
9282,560,3,2023-03-14,Cancelado,0,0
9283,4709,5,2023-09-07,Concluído,1,178
9284,5355,4,2023-05-26,Cancelado,0,0
9285,8951,3,2023-06-12,Concluído,4,322
9286,1580,5,2023-02-13,Cancelado,0,0
9287,2436,5,2023-04-01,Pendente,0,0
9288,4206,2,2023-05-29,Pendente,0,0
9289,388,4,2023-03-01,Concluído,7,315
9290,7156,1,2023-12-01,Pendente,0,0
9291,1333,4,2023-11-29,Cancelado,0,0
9292,1186,1,2023-01-30,Cancelado,0,0
9293,2276,5,2023-09-27,Cancelado,0,0
9294,2121,2,2023-01-12,Concluído,5,233
9295,9841,1,2023-07-28,Concluído,4,304
9296,7726,2,2023-02-12,Cancelado,0,0
9297,3086,3,2023-08-15,Concluído,1,192
9298,5175,4,2023-11-28,Cancelado,0,0
9299,8970,2,2023-04-11,Concluído,4,284
9300,5004,3,2023-08-04,Pendente,0,0
9301,2261,1,2023-08-04,Cancelado,0,0
9302,7992,2,2023-09-23,Concluído,4,154
9303,3090,2,2023-01-25,Pendente,0,0
9304,9425,3,2023-01-27,Concluído,2,286
9305,6574,2,2023-08-11,Pendente,0,0
9306,2720,2,2023-02-08,Cancelado,0,0
9307,8987,2,2023-03-18,Concluído,4,350
9308,7557,5,2023-03-04,Cancelado,0,0
9309,6302,3,2023-05-15,Cancelado,0,0
9310,391,2,2023-02-10,Concluído,2,316
9311,4708,4,2023-01-17,Concluído,6,226
9312,6203,1,2023-12-26,Cancelado,0,0
9313,8884,1,2023-02-21,Concluído,3,281
9314,9866,4,2023-07-26,Pendente,0,0
9315,1315,2,2023-11-16,Pendente,0,0
9316,8383,4,2023-05-07,Cancelado,0,0
9317,8118,1,2023-06-19,Cancelado,0,0
9318,4552,5,2023-05-07,Concluído,7,288
9319,7070,2,2023-12-09,Cancelado,0,0
9320,2776,2,2023-06-23,Concluído,2,294
9321,8328,2,2023-10-17,Cancelado,0,0
9322,408,3,2023-05-30,Cancelado,0,0
9323,1621,5,2023-10-15,Concluído,4,162
9324,3315,3,2023-07-07,Pendente,0,0
9325,3492,5,2023-06-21,Concluído,5,258
9326,2419,4,2023-08-09,Cancelado,0,0
9327,775,2,2023-10-09,Concluído,2,249
9328,5334,3,2023-07-07,Pendente,0,0
9329,9995,3,2023-04-07,Cancelado,0,0
9330,7880,2,2023-05-24,Pendente,0,0
9331,7082,2,2023-06-01,Pendente,0,0
9332,3455,1,2023-10-27,Concluído,4,252
9333,9905,5,2023-03-15,Concluído,2,173
9334,8256,1,2023-01-27,Concluído,3,189
9335,9410,4,2023-07-08,Concluído,6,246
9336,2274,4,2023-08-17,Concluído,1,171
9337,4054,1,2023-07-30,Cancelado,0,0
9338,5236,5,2023-03-22,Concluído,7,271
9339,6901,4,2023-06-26,Concluído,4,189
9340,4883,5,2023-10-19,Cancelado,0,0
9341,4269,5,2023-10-18,Pendente,0,0
9342,2397,5,2023-09-12,Cancelado,0,0
9343,9374,4,2023-12-28,Concluído,7,248
9344,6053,1,2023-07-21,Cancelado,0,0
9345,245,4,2023-02-08,Cancelado,0,0
9346,8386,4,2023-06-13,Concluído,3,200
9347,3802,4,2023-10-06,Concluído,3,324
9348,9856,2,2023-01-03,Cancelado,0,0
9349,8356,2,2023-06-01,Cancelado,0,0
9350,2279,5,2023-04-02,Cancelado,0,0
9351,9229,3,2023-02-02,Concluído,6,195
9352,9556,3,2023-07-20,Pendente,0,0
9353,3042,1,2023-02-27,Concluído,3,283
9354,5808,4,2023-05-16,Concluído,1,176
9355,6253,4,2023-10-14,Cancelado,0,0
9356,9484,1,2023-07-07,Pendente,0,0
9357,2430,2,2023-05-22,Pendente,0,0
9358,1811,3,2023-03-01,Pendente,0,0
9359,4794,3,2023-12-11,Pendente,0,0
9360,2996,4,2023-04-19,Cancelado,0,0
9361,8376,1,2023-02-24,Pendente,0,0
9362,2195,1,2023-05-01,Cancelado,0,0
9363,2305,2,2023-09-27,Concluído,3,295
9364,5536,4,2023-07-09,Concluído,4,349
9365,6908,1,2023-06-05,Pendente,0,0
9366,8247,4,2023-02-07,Pendente,0,0
9367,1495,3,2023-04-11,Pendente,0,0
9368,8962,2,2023-03-11,Pendente,0,0
9369,3809,2,2023-09-08,Cancelado,0,0
9370,114,1,2023-12-10,Concluído,2,324
9371,8029,1,2023-12-05,Pendente,0,0
9372,8629,3,2023-02-07,Cancelado,0,0
9373,4894,3,2023-09-04,Cancelado,0,0
9374,1337,4,2023-04-04,Pendente,0,0
9375,7483,3,2023-12-16,Pendente,0,0
9376,5530,5,2023-07-12,Pendente,0,0
9377,7972,4,2023-06-01,Concluído,3,348
9378,3295,5,2023-07-01,Concluído,2,276
9379,1355,3,2023-08-27,Cancelado,0,0
9380,2998,1,2023-05-13,Pendente,0,0
9381,3717,1,2023-05-17,Pendente,0,0
9382,4307,3,2023-09-18,Pendente,0,0
9383,6483,1,2023-01-03,Pendente,0,0
9384,5525,4,2023-05-02,Concluído,5,226
9385,8688,2,2023-05-04,Pendente,0,0
9386,8034,3,2023-12-03,Pendente,0,0
9387,2802,5,2023-02-09,Cancelado,0,0
9388,5614,3,2023-02-09,Pendente,0,0
9389,598,1,2023-08-08,Cancelado,0,0
9390,3668,4,2023-12-23,Cancelado,0,0
9391,6982,5,2023-08-06,Concluído,2,341
9392,9060,4,2023-03-22,Concluído,2,296
9393,3633,2,2023-06-05,Concluído,2,257
9394,9124,2,2023-07-17,Pendente,0,0
9395,4934,1,2023-09-05,Concluído,5,182
9396,8382,2,2023-07-31,Cancelado,0,0
9397,4438,4,2023-09-15,Concluído,7,335
9398,6745,5,2023-04-07,Concluído,7,266
9399,2406,1,2023-12-26,Pendente,0,0
9400,5999,5,2023-04-01,Pendente,0,0
9401,6728,3,2023-03-03,Concluído,3,171
9402,1533,4,2023-09-24,Pendente,0,0
9403,1898,1,2023-12-24,Pendente,0,0
9404,2667,2,2023-04-03,Pendente,0,0
9405,2872,2,2023-06-04,Concluído,4,246
9406,4263,5,2023-05-11,Concluído,1,272
9407,7410,2,2023-04-23,Cancelado,0,0
9408,1595,3,2023-02-18,Pendente,0,0
9409,9114,4,2023-03-24,Concluído,2,176
9410,5894,2,2023-11-09,Concluído,2,198
9411,925,5,2023-10-08,Concluído,6,208
9412,1279,5,2023-05-15,Pendente,0,0
9413,9379,1,2023-05-05,Cancelado,0,0
9414,7202,5,2023-08-05,Cancelado,0,0
9415,6037,5,2023-03-15,Concluído,7,278
9416,4261,4,2023-10-27,Pendente,0,0
9417,1353,5,2023-10-08,Concluído,5,194
9418,5106,4,2023-01-19,Cancelado,0,0
9419,7545,1,2023-02-09,Concluído,7,258
9420,3981,3,2023-12-07,Cancelado,0,0
9421,753,2,2023-05-30,Cancelado,0,0
9422,1182,5,2023-08-07,Concluído,2,275
9423,4067,5,2023-07-05,Cancelado,0,0
9424,4567,4,2023-07-25,Cancelado,0,0
9425,8868,2,2023-04-19,Pendente,0,0
9426,2020,5,2023-04-25,Concluído,4,229
9427,6961,1,2023-11-06,Cancelado,0,0
9428,5807,4,2023-06-01,Concluído,1,276
9429,9902,5,2023-08-15,Pendente,0,0
9430,4491,1,2023-08-17,Concluído,4,197
9431,5232,2,2023-04-12,Concluído,5,176
9432,1098,1,2023-02-19,Concluído,1,268
9433,1988,3,2023-01-24,Pendente,0,0
9434,1425,1,2023-02-19,Concluído,6,215
9435,4541,5,2023-04-13,Cancelado,0,0
9436,9178,1,2023-08-08,Concluído,4,174
9437,4596,5,2023-06-05,Cancelado,0,0
9438,7520,3,2023-06-23,Concluído,3,290
9439,4121,2,2023-08-01,Concluído,7,186
9440,4748,2,2023-07-02,Cancelado,0,0
9441,1454,5,2023-04-30,Cancelado,0,0
9442,1480,2,2023-02-12,Pendente,0,0
9443,8503,5,2023-12-08,Concluído,6,233
9444,2234,3,2023-07-11,Cancelado,0,0
9445,9686,4,2023-08-08,Cancelado,0,0
9446,4709,2,2023-04-22,Pendente,0,0
9447,3324,4,2023-07-22,Cancelado,0,0
9448,6046,1,2023-10-18,Pendente,0,0
9449,2799,3,2023-11-02,Concluído,1,205
9450,6150,4,2023-02-14,Pendente,0,0
9451,9974,1,2023-12-13,Pendente,0,0
9452,4271,2,2023-10-22,Concluído,1,240
9453,7984,1,2023-03-30,Pendente,0,0
9454,4537,3,2023-09-24,Pendente,0,0
9455,4986,2,2023-04-23,Concluído,1,151
9456,2769,2,2023-02-25,Pendente,0,0
9457,9189,4,2023-03-17,Pendente,0,0
9458,7109,4,2023-04-14,Cancelado,0,0
9459,9245,5,2023-01-05,Cancelado,0,0
9460,4131,5,2023-04-25,Cancelado,0,0
9461,5270,4,2023-10-30,Concluído,3,292
9462,9812,3,2023-02-20,Concluído,2,289
9463,5105,2,2023-10-28,Cancelado,0,0
9464,2811,1,2023-06-16,Cancelado,0,0
9465,3687,3,2023-12-31,Pendente,0,0
9466,1986,4,2023-07-16,Pendente,0,0
9467,233,4,2023-09-12,Cancelado,0,0
9468,9485,1,2023-02-11,Pendente,0,0
9469,4375,4,2023-05-28,Pendente,0,0
9470,7206,1,2023-05-14,Cancelado,0,0
9471,7256,3,2023-12-04,Pendente,0,0
9472,2407,2,2023-03-24,Concluído,3,179
9473,6159,1,2023-12-23,Concluído,3,266
9474,1436,4,2023-11-26,Concluído,6,233
9475,5989,4,2023-06-23,Concluído,6,309
9476,5349,3,2023-06-29,Pendente,0,0
9477,4392,5,2023-04-03,Pendente,0,0
9478,2287,2,2023-02-07,Cancelado,0,0
9479,8869,4,2023-11-24,Pendente,0,0
9480,3270,5,2023-11-12,Concluído,4,222
9481,5759,5,2023-01-11,Concluído,7,231
9482,7727,3,2023-02-24,Cancelado,0,0
9483,9333,3,2023-12-08,Cancelado,0,0
9484,7316,3,2023-05-27,Pendente,0,0
9485,6250,1,2023-04-20,Concluído,1,309
9486,9620,1,2023-08-08,Concluído,2,166
9487,7048,4,2023-07-07,Pendente,0,0
9488,9573,2,2023-02-01,Cancelado,0,0
9489,9782,5,2023-02-22,Pendente,0,0
9490,7268,3,2023-06-24,Pendente,0,0
9491,1984,1,2023-09-23,Cancelado,0,0
9492,7942,3,2023-02-20,Cancelado,0,0
9493,3141,1,2023-09-29,Pendente,0,0
9494,4212,5,2023-03-26,Pendente,0,0
9495,4179,5,2023-05-25,Concluído,6,280
9496,5002,4,2023-06-25,Cancelado,0,0
9497,8690,1,2023-11-12,Pendente,0,0
9498,980,2,2023-10-13,Pendente,0,0
9499,4754,1,2023-02-24,Concluído,7,173
9500,5706,4,2023-06-12,Cancelado,0,0
9501,4042,2,2023-09-09,Concluído,1,292
9502,2686,1,2023-05-09,Concluído,4,219
9503,6340,1,2023-11-03,Pendente,0,0
9504,2557,4,2023-11-24,Cancelado,0,0
9505,7826,2,2023-09-24,Pendente,0,0
9506,7958,3,2023-11-30,Cancelado,0,0
9507,8058,1,2023-05-02,Concluído,1,186
9508,4683,2,2023-03-27,Cancelado,0,0
9509,781,3,2023-06-26,Cancelado,0,0
9510,5925,3,2023-03-31,Pendente,0,0
9511,8035,3,2023-10-13,Concluído,7,174
9512,1178,2,2023-04-13,Pendente,0,0
9513,9972,5,2023-02-16,Concluído,7,256
9514,6358,5,2023-11-11,Cancelado,0,0
9515,4238,2,2023-07-25,Cancelado,0,0
9516,4012,1,2023-07-10,Pendente,0,0
9517,359,5,2023-09-08,Concluído,7,254
9518,8062,5,2023-12-20,Pendente,0,0
9519,7634,2,2023-06-04,Pendente,0,0
9520,226,1,2023-05-10,Cancelado,0,0
9521,3631,4,2023-07-08,Pendente,0,0
9522,33,3,2023-07-27,Cancelado,0,0
9523,456,4,2023-01-24,Pendente,0,0
9524,4056,4,2023-08-28,Cancelado,0,0
9525,3052,5,2023-02-14,Concluído,7,298
9526,3971,1,2023-11-23,Pendente,0,0
9527,704,3,2023-01-25,Pendente,0,0
9528,9939,4,2023-08-11,Pendente,0,0
9529,2108,1,2023-01-22,Concluído,3,309
9530,1137,1,2023-06-24,Pendente,0,0
9531,1132,2,2023-08-30,Pendente,0,0
9532,5761,3,2023-06-06,Concluído,3,347
9533,2573,4,2023-07-08,Cancelado,0,0
9534,322,2,2023-09-26,Concluído,3,262
9535,2019,5,2023-05-05,Pendente,0,0
9536,5687,3,2023-10-23,Pendente,0,0
9537,4585,2,2023-12-05,Concluído,2,293
9538,4156,3,2023-06-23,Cancelado,0,0
9539,9990,3,2023-02-10,Pendente,0,0
9540,1450,2,2023-12-02,Cancelado,0,0
9541,3201,3,2023-04-30,Concluído,5,243
9542,6989,3,2023-07-25,Pendente,0,0
9543,7035,3,2023-02-26,Concluído,2,199
9544,8696,3,2023-01-07,Pendente,0,0
9545,7658,1,2023-02-27,Cancelado,0,0
9546,615,3,2023-01-02,Pendente,0,0
9547,8848,3,2023-02-25,Cancelado,0,0
9548,885,4,2023-05-03,Concluído,7,284
9549,6846,3,2023-09-01,Concluído,2,274
9550,5827,3,2023-04-27,Concluído,7,278
9551,4720,2,2023-02-06,Pendente,0,0
9552,2451,2,2023-09-03,Concluído,2,218
9553,3226,4,2023-12-16,Pendente,0,0
9554,6476,3,2023-11-28,Pendente,0,0
9555,3089,4,2023-04-11,Concluído,7,187
9556,7737,5,2023-08-24,Pendente,0,0
9557,5233,5,2023-11-18,Concluído,5,184
9558,312,4,2023-08-25,Concluído,6,239
9559,9391,3,2023-08-09,Cancelado,0,0
9560,2277,5,2023-06-18,Cancelado,0,0
9561,830,2,2023-03-11,Pendente,0,0
9562,7425,1,2023-11-09,Concluído,6,240
9563,8768,4,2023-08-31,Pendente,0,0
9564,3345,4,2023-01-30,Concluído,6,254
9565,2556,1,2023-10-06,Cancelado,0,0
9566,3064,2,2023-08-19,Concluído,2,209
9567,7418,3,2023-05-14,Pendente,0,0
9568,4553,3,2023-10-22,Concluído,7,329
9569,890,2,2023-12-22,Pendente,0,0
9570,5348,3,2023-07-10,Pendente,0,0
9571,9382,4,2023-08-15,Pendente,0,0
9572,1308,3,2023-05-07,Cancelado,0,0
9573,207,4,2023-07-01,Pendente,0,0
9574,9047,5,2023-07-26,Pendente,0,0
9575,2022,2,2023-10-28,Pendente,0,0
9576,1973,5,2023-02-08,Cancelado,0,0
9577,6057,3,2023-01-23,Cancelado,0,0
9578,1141,2,2023-11-24,Concluído,3,248
9579,8057,5,2023-11-29,Pendente,0,0
9580,2607,1,2023-04-20,Concluído,7,285
9581,4120,4,2023-11-30,Pendente,0,0
9582,9531,1,2023-08-31,Concluído,7,266
9583,6689,1,2023-02-17,Pendente,0,0
9584,196,3,2023-11-26,Cancelado,0,0
9585,2910,3,2023-12-30,Cancelado,0,0
9586,5141,5,2023-07-27,Cancelado,0,0
9587,796,2,2023-03-03,Pendente,0,0
9588,1970,2,2023-11-29,Pendente,0,0
9589,5006,1,2023-03-17,Concluído,5,322
9590,7995,2,2023-04-07,Cancelado,0,0
9591,2396,4,2023-09-23,Concluído,7,162
9592,8130,2,2023-09-22,Cancelado,0,0
9593,1373,4,2023-04-12,Concluído,7,315
9594,5319,5,2023-02-28,Cancelado,0,0
9595,7389,5,2023-11-16,Cancelado,0,0
9596,7826,2,2023-07-25,Concluído,1,267
9597,1316,1,2023-08-17,Concluído,1,157
9598,8083,5,2023-08-14,Concluído,3,232
9599,6941,1,2023-10-07,Cancelado,0,0
9600,4535,4,2023-09-05,Pendente,0,0
9601,3972,4,2023-11-25,Concluído,3,350
9602,8040,3,2023-09-04,Cancelado,0,0
9603,6683,4,2023-06-29,Concluído,7,220
9604,1098,1,2023-11-14,Concluído,2,327
9605,2156,4,2023-07-23,Pendente,0,0
9606,423,3,2023-08-22,Concluído,2,191
9607,4270,3,2023-02-04,Pendente,0,0
9608,7383,2,2023-01-09,Pendente,0,0
9609,4517,5,2023-05-05,Concluído,3,280
9610,9660,4,2023-11-10,Concluído,1,327
9611,2397,4,2023-01-20,Pendente,0,0
9612,5225,5,2023-04-14,Cancelado,0,0
9613,8049,5,2023-09-02,Cancelado,0,0
9614,8296,3,2023-03-18,Pendente,0,0
9615,2673,4,2023-06-04,Pendente,0,0
9616,6131,5,2023-06-08,Pendente,0,0
9617,2711,5,2023-11-29,Pendente,0,0
9618,7485,3,2023-07-04,Cancelado,0,0
9619,6716,2,2023-03-02,Concluído,3,209
9620,8619,3,2023-04-27,Cancelado,0,0
9621,3134,3,2023-04-16,Cancelado,0,0
9622,9036,4,2023-01-22,Cancelado,0,0
9623,1646,5,2023-01-05,Concluído,7,174
9624,2330,5,2023-04-09,Cancelado,0,0
9625,8912,3,2023-08-26,Pendente,0,0
9626,884,3,2023-02-06,Concluído,3,244
9627,5012,5,2023-03-11,Pendente,0,0
9628,5025,2,2023-03-22,Concluído,3,213
9629,1923,2,2023-01-01,Pendente,0,0
9630,1444,1,2023-06-16,Concluído,5,222
9631,2190,5,2023-02-05,Cancelado,0,0
9632,2625,1,2023-02-13,Cancelado,0,0
9633,3628,3,2023-02-08,Pendente,0,0
9634,4490,4,2023-11-06,Cancelado,0,0
9635,9852,1,2023-10-18,Cancelado,0,0
9636,2998,4,2023-01-15,Concluído,5,220
9637,8499,3,2023-01-28,Concluído,5,180
9638,216,4,2023-03-12,Pendente,0,0
9639,5224,3,2023-02-28,Pendente,0,0
9640,170,2,2023-04-26,Cancelado,0,0
9641,3794,5,2023-09-01,Pendente,0,0
9642,3526,4,2023-07-07,Pendente,0,0
9643,3061,2,2023-10-04,Cancelado,0,0
9644,5242,5,2023-11-09,Cancelado,0,0
9645,1839,4,2023-05-17,Cancelado,0,0
9646,4634,2,2023-12-24,Pendente,0,0
9647,8439,5,2023-10-09,Cancelado,0,0
9648,9809,5,2023-01-27,Pendente,0,0
9649,4608,1,2023-01-22,Cancelado,0,0
9650,6302,5,2023-04-14,Concluído,4,229
9651,5422,2,2023-07-23,Cancelado,0,0
9652,3340,1,2023-01-30,Cancelado,0,0
9653,9162,3,2023-03-14,Cancelado,0,0
9654,2926,4,2023-04-28,Pendente,0,0
9655,7625,3,2023-06-22,Concluído,5,217
9656,5326,1,2023-05-15,Pendente,0,0
9657,781,4,2023-10-18,Pendente,0,0
9658,1899,5,2023-08-12,Concluído,7,337
9659,3270,1,2023-06-18,Concluído,4,299
9660,3735,5,2023-02-27,Cancelado,0,0
9661,4683,2,2023-03-23,Concluído,4,261
9662,9380,2,2023-06-02,Cancelado,0,0
9663,9824,3,2023-09-24,Pendente,0,0
9664,1279,4,2023-11-23,Pendente,0,0
9665,5205,3,2023-04-10,Concluído,5,190
9666,6300,3,2023-08-04,Cancelado,0,0
9667,6905,3,2023-01-22,Cancelado,0,0
9668,5274,2,2023-03-09,Concluído,4,336
9669,6410,2,2023-05-11,Pendente,0,0
9670,5957,3,2023-01-26,Pendente,0,0
9671,7662,4,2023-10-25,Pendente,0,0
9672,8647,2,2023-07-20,Concluído,7,153
9673,3712,1,2023-01-06,Cancelado,0,0
9674,693,2,2023-12-09,Concluído,5,218
9675,5058,2,2023-01-31,Concluído,3,321
9676,2083,2,2023-12-22,Cancelado,0,0
9677,1033,5,2023-01-01,Concluído,1,342
9678,2839,1,2023-12-05,Cancelado,0,0
9679,6387,4,2023-05-21,Pendente,0,0
9680,1748,3,2023-04-29,Cancelado,0,0
9681,6269,1,2023-05-21,Cancelado,0,0
9682,3225,1,2023-01-10,Concluído,4,270
9683,8419,2,2023-11-25,Concluído,7,200
9684,1982,2,2023-01-08,Concluído,6,155
9685,5032,4,2023-11-08,Pendente,0,0
9686,9738,3,2023-08-16,Concluído,1,235
9687,6158,2,2023-02-28,Cancelado,0,0
9688,1072,4,2023-01-07,Concluído,5,234
9689,8063,4,2023-01-12,Concluído,2,169
9690,1042,3,2023-01-16,Concluído,1,261
9691,174,4,2023-02-25,Pendente,0,0
9692,3256,2,2023-12-24,Cancelado,0,0
9693,7663,5,2023-02-28,Cancelado,0,0
9694,5078,2,2023-05-30,Cancelado,0,0
9695,1703,1,2023-09-22,Concluído,7,290
9696,3867,2,2023-01-26,Concluído,3,249
9697,7612,5,2023-03-08,Cancelado,0,0
9698,7813,2,2023-08-10,Concluído,5,167
9699,1364,1,2023-08-05,Pendente,0,0
9700,2028,5,2023-07-20,Pendente,0,0
9701,6482,3,2023-06-16,Pendente,0,0
9702,8536,4,2023-11-07,Concluído,4,246
9703,9305,1,2023-03-07,Pendente,0,0
9704,1032,2,2023-02-07,Pendente,0,0
9705,7356,5,2023-08-26,Pendente,0,0
9706,6798,1,2023-03-09,Pendente,0,0
9707,5623,5,2023-03-29,Pendente,0,0
9708,1417,2,2023-11-18,Cancelado,0,0
9709,3921,4,2023-08-06,Pendente,0,0
9710,5998,4,2023-12-10,Pendente,0,0
9711,6998,2,2023-04-19,Cancelado,0,0
9712,401,2,2023-09-16,Pendente,0,0
9713,2600,4,2023-12-18,Concluído,4,167
9714,8551,5,2023-03-27,Concluído,3,187
9715,6974,5,2023-11-05,Pendente,0,0
9716,9222,4,2023-12-02,Pendente,0,0
9717,2316,3,2023-03-19,Concluído,3,287
9718,3442,5,2023-04-22,Concluído,1,183
9719,1385,1,2023-08-16,Concluído,4,214
9720,7923,4,2023-12-25,Concluído,2,330
9721,1474,5,2023-05-18,Pendente,0,0
9722,1325,1,2023-09-24,Cancelado,0,0
9723,4731,5,2023-02-08,Cancelado,0,0
9724,7523,4,2023-05-01,Concluído,4,209
9725,8697,2,2023-09-24,Cancelado,0,0
9726,9514,3,2023-06-06,Concluído,3,160
9727,1009,4,2023-07-21,Pendente,0,0
9728,8349,1,2023-05-05,Pendente,0,0
9729,4108,3,2023-02-10,Pendente,0,0
9730,3873,1,2023-11-04,Pendente,0,0
9731,7542,4,2023-07-26,Cancelado,0,0
9732,3565,3,2023-01-23,Pendente,0,0
9733,1656,3,2023-07-14,Concluído,1,161
9734,3106,1,2023-06-16,Concluído,6,154
9735,8892,2,2023-12-26,Pendente,0,0
9736,7256,4,2023-07-26,Pendente,0,0
9737,1155,2,2023-10-25,Cancelado,0,0
9738,8125,4,2023-10-08,Pendente,0,0
9739,3363,5,2023-01-06,Concluído,4,157
9740,2894,1,2023-01-07,Pendente,0,0
9741,4708,2,2023-03-20,Pendente,0,0
9742,9675,2,2023-12-31,Pendente,0,0
9743,4273,2,2023-12-14,Concluído,7,274
9744,4735,2,2023-01-21,Concluído,7,340
9745,2324,1,2023-08-04,Cancelado,0,0
9746,2103,1,2023-11-17,Cancelado,0,0
9747,5176,4,2023-12-04,Pendente,0,0
9748,2920,3,2023-12-07,Cancelado,0,0
9749,6130,4,2023-04-15,Concluído,3,312
9750,1287,1,2023-06-07,Pendente,0,0
9751,9767,2,2023-05-12,Cancelado,0,0
9752,6380,1,2023-12-18,Pendente,0,0
9753,1766,1,2023-11-30,Concluído,3,300
9754,6259,1,2023-06-09,Concluído,4,222
9755,9877,5,2023-04-29,Pendente,0,0
9756,5788,4,2023-08-28,Cancelado,0,0
9757,1504,2,2023-04-14,Cancelado,0,0
9758,4388,1,2023-03-26,Pendente,0,0
9759,5621,3,2023-09-30,Concluído,4,257
9760,4068,3,2023-03-31,Pendente,0,0
9761,1424,3,2023-12-14,Concluído,7,256
9762,2976,3,2023-07-16,Cancelado,0,0
9763,9418,5,2023-11-01,Cancelado,0,0
9764,1873,5,2023-09-13,Pendente,0,0
9765,5708,1,2023-03-14,Pendente,0,0
9766,7714,4,2023-03-16,Concluído,3,310
9767,1809,1,2023-05-28,Concluído,4,288
9768,4504,3,2023-06-22,Cancelado,0,0
9769,3112,4,2023-09-20,Pendente,0,0
9770,3963,3,2023-07-08,Pendente,0,0
9771,7741,4,2023-02-21,Pendente,0,0
9772,1983,3,2023-02-02,Cancelado,0,0
9773,4278,5,2023-07-14,Pendente,0,0
9774,5521,1,2023-06-27,Concluído,1,165
9775,5208,4,2023-07-22,Pendente,0,0
9776,6821,2,2023-01-04,Concluído,1,337
9777,7209,3,2023-10-23,Pendente,0,0
9778,3363,5,2023-10-13,Pendente,0,0
9779,6024,4,2023-07-20,Cancelado,0,0
9780,7684,5,2023-03-18,Pendente,0,0
9781,4929,2,2023-10-05,Concluído,1,187
9782,2802,2,2023-07-19,Concluído,2,165
9783,7359,2,2023-08-17,Concluído,7,244
9784,1243,5,2023-12-26,Concluído,7,211
9785,3935,5,2023-08-16,Pendente,0,0
9786,7907,5,2023-04-10,Pendente,0,0
9787,2719,3,2023-08-22,Concluído,4,215
9788,9461,5,2023-07-19,Pendente,0,0
9789,341,4,2023-02-22,Cancelado,0,0
9790,9780,3,2023-12-04,Cancelado,0,0
9791,6331,5,2023-02-28,Concluído,5,342
9792,9607,4,2023-04-16,Cancelado,0,0
9793,835,4,2023-12-08,Concluído,4,158
9794,3072,2,2023-12-20,Concluído,2,157
9795,1956,5,2023-02-18,Pendente,0,0
9796,7855,3,2023-09-04,Pendente,0,0
9797,6192,1,2023-09-20,Pendente,0,0
9798,3411,2,2023-11-05,Cancelado,0,0
9799,5499,1,2023-04-01,Pendente,0,0
9800,4620,3,2023-02-23,Pendente,0,0
9801,2008,3,2023-12-31,Cancelado,0,0
9802,5515,2,2023-03-26,Pendente,0,0
9803,464,2,2023-12-25,Pendente,0,0
9804,4932,1,2023-02-13,Pendente,0,0
9805,9323,3,2023-01-26,Concluído,2,281
9806,8594,1,2023-06-28,Concluído,1,161
9807,8579,1,2023-06-13,Cancelado,0,0
9808,8050,3,2023-04-24,Pendente,0,0
9809,2315,4,2023-11-19,Concluído,2,315
9810,8621,1,2023-11-13,Pendente,0,0
9811,6930,1,2023-08-04,Cancelado,0,0
9812,1942,5,2023-05-31,Concluído,3,286
9813,3520,4,2023-09-28,Concluído,3,313
9814,6953,3,2023-08-15,Concluído,5,162
9815,9488,3,2023-01-11,Cancelado,0,0
9816,2135,4,2023-12-26,Cancelado,0,0
9817,9386,5,2023-09-09,Concluído,4,307
9818,213,5,2023-09-15,Concluído,5,202
9819,1169,2,2023-12-29,Cancelado,0,0
9820,9394,3,2023-12-26,Cancelado,0,0
9821,7410,1,2023-07-13,Cancelado,0,0
9822,2100,3,2023-01-05,Cancelado,0,0
9823,4845,2,2023-11-10,Concluído,3,171
9824,2359,4,2023-02-28,Pendente,0,0
9825,6291,5,2023-01-03,Concluído,7,275
9826,5065,5,2023-10-21,Cancelado,0,0
9827,863,1,2023-04-05,Pendente,0,0
9828,8715,5,2023-04-15,Pendente,0,0
9829,5855,4,2023-10-01,Cancelado,0,0
9830,801,4,2023-07-21,Cancelado,0,0
9831,5550,3,2023-12-04,Cancelado,0,0
9832,46,2,2023-04-21,Concluído,3,303
9833,6,5,2023-02-18,Pendente,0,0
9834,9364,3,2023-06-23,Cancelado,0,0
9835,3329,4,2023-06-27,Concluído,1,164
9836,9173,1,2023-10-28,Cancelado,0,0
9837,7627,2,2023-01-24,Concluído,1,181
9838,7431,2,2023-08-16,Cancelado,0,0
9839,3558,2,2023-06-13,Cancelado,0,0
9840,8322,1,2023-12-22,Pendente,0,0
9841,3414,2,2023-06-27,Cancelado,0,0
9842,1467,3,2023-12-20,Cancelado,0,0
9843,8450,1,2023-12-01,Cancelado,0,0
9844,9847,5,2023-09-04,Cancelado,0,0
9845,3437,3,2023-10-02,Concluído,7,208
9846,7799,2,2023-07-14,Concluído,1,216
9847,8463,4,2023-10-23,Cancelado,0,0
9848,422,4,2023-09-07,Concluído,6,204
9849,9373,3,2023-03-03,Pendente,0,0
9850,4568,5,2023-05-23,Concluído,6,327
9851,8539,2,2023-10-25,Cancelado,0,0
9852,386,1,2023-02-02,Concluído,6,293
9853,7006,4,2023-09-06,Cancelado,0,0
9854,8393,3,2023-04-15,Cancelado,0,0
9855,4712,4,2023-09-16,Pendente,0,0
9856,9063,4,2023-11-02,Cancelado,0,0
9857,6609,2,2023-01-06,Concluído,1,299
9858,5403,3,2023-02-20,Cancelado,0,0
9859,4750,3,2023-11-29,Concluído,4,152
9860,9404,5,2023-08-06,Cancelado,0,0
9861,9361,1,2023-09-11,Pendente,0,0
9862,487,1,2023-05-26,Pendente,0,0
9863,7799,3,2023-08-04,Pendente,0,0
9864,3247,4,2023-09-17,Concluído,4,259
9865,229,5,2023-10-15,Pendente,0,0
9866,1316,4,2023-05-12,Pendente,0,0
9867,9037,1,2023-09-23,Concluído,2,188
9868,8045,1,2023-06-17,Concluído,5,318
9869,1137,5,2023-05-14,Concluído,5,255
9870,2758,5,2023-07-27,Pendente,0,0
9871,272,1,2023-07-11,Pendente,0,0
9872,6072,2,2023-04-21,Pendente,0,0
9873,9662,4,2023-06-24,Pendente,0,0
9874,286,1,2023-05-27,Pendente,0,0
9875,6560,3,2023-06-05,Concluído,6,346
9876,9841,3,2023-10-18,Cancelado,0,0
9877,404,5,2023-08-09,Concluído,7,322
9878,6315,4,2023-11-07,Pendente,0,0
9879,9461,4,2023-07-30,Pendente,0,0
9880,1341,5,2023-03-08,Concluído,6,238
9881,6897,1,2023-06-22,Cancelado,0,0
9882,2069,4,2023-08-28,Concluído,7,292
9883,9614,4,2023-10-11,Cancelado,0,0
9884,6768,2,2023-08-27,Concluído,5,168
9885,9188,4,2023-08-08,Pendente,0,0
9886,3575,2,2023-04-11,Cancelado,0,0
9887,9110,2,2023-11-07,Concluído,3,200
9888,2541,3,2023-09-07,Cancelado,0,0
9889,153,2,2023-11-25,Pendente,0,0
9890,5058,3,2023-03-21,Cancelado,0,0
9891,9555,4,2023-09-27,Concluído,1,281
9892,5080,1,2023-12-02,Pendente,0,0
9893,7838,4,2023-11-02,Pendente,0,0
9894,1048,2,2023-12-10,Cancelado,0,0
9895,2099,3,2023-09-25,Pendente,0,0
9896,3540,1,2023-10-30,Pendente,0,0
9897,2083,5,2023-10-25,Cancelado,0,0
9898,9576,1,2023-01-21,Pendente,0,0
9899,781,3,2023-06-29,Cancelado,0,0
9900,1329,3,2023-05-20,Pendente,0,0
9901,4954,3,2023-05-24,Pendente,0,0
9902,2740,4,2023-07-11,Pendente,0,0
9903,8535,1,2023-12-08,Concluído,2,228
9904,7097,1,2023-08-20,Pendente,0,0
9905,5638,2,2023-05-15,Cancelado,0,0
9906,2845,1,2023-05-21,Concluído,4,293
9907,5183,3,2023-05-20,Concluído,3,233
9908,7713,3,2023-02-17,Pendente,0,0
9909,7565,4,2023-09-14,Cancelado,0,0
9910,9408,4,2023-12-10,Cancelado,0,0
9911,4018,1,2023-01-01,Cancelado,0,0
9912,7819,4,2023-11-24,Concluído,1,290
9913,2884,1,2023-11-01,Pendente,0,0
9914,9076,1,2023-05-10,Pendente,0,0
9915,861,4,2023-02-05,Pendente,0,0
9916,8232,5,2023-05-25,Cancelado,0,0
9917,1991,3,2023-07-23,Cancelado,0,0
9918,5737,3,2023-06-08,Pendente,0,0
9919,8364,2,2023-05-20,Cancelado,0,0
9920,6059,1,2023-10-15,Concluído,1,171
9921,6132,5,2023-05-04,Cancelado,0,0
9922,7034,4,2023-06-27,Cancelado,0,0
9923,2360,1,2023-07-05,Concluído,2,267
9924,9405,4,2023-08-19,Pendente,0,0
9925,6286,3,2023-10-03,Pendente,0,0
9926,3130,4,2023-11-12,Cancelado,0,0
9927,5355,2,2023-02-25,Cancelado,0,0
9928,4220,4,2023-03-28,Cancelado,0,0
9929,1867,5,2023-09-23,Pendente,0,0
9930,6625,1,2023-12-13,Pendente,0,0
9931,8845,2,2023-07-26,Cancelado,0,0
9932,5863,5,2023-01-11,Concluído,4,345
9933,3270,5,2023-01-26,Concluído,6,299
9934,3636,1,2023-03-23,Pendente,0,0
9935,1723,4,2023-11-20,Pendente,0,0
9936,7377,4,2023-01-23,Pendente,0,0
9937,4743,5,2023-12-05,Pendente,0,0
9938,571,5,2023-10-10,Concluído,7,266
9939,1866,5,2023-01-27,Cancelado,0,0
9940,9813,1,2023-05-18,Pendente,0,0
9941,57,1,2023-09-16,Concluído,7,230
9942,4810,1,2023-12-23,Cancelado,0,0
9943,6595,2,2023-04-21,Cancelado,0,0
9944,352,2,2023-12-21,Pendente,0,0
9945,2097,2,2023-09-11,Concluído,6,239
9946,650,4,2023-04-23,Pendente,0,0
9947,9762,2,2023-12-01,Concluído,1,264
9948,7955,5,2023-11-11,Cancelado,0,0
9949,8950,2,2023-03-06,Concluído,3,151
9950,9583,5,2023-09-14,Cancelado,0,0
9951,2183,2,2023-09-23,Concluído,6,315
9952,3396,3,2023-09-03,Cancelado,0,0
9953,8593,1,2023-03-08,Cancelado,0,0
9954,1342,1,2023-08-01,Cancelado,0,0
9955,1005,4,2023-09-19,Pendente,0,0
9956,4901,4,2023-09-19,Concluído,7,323
9957,3742,5,2023-10-08,Concluído,4,284
9958,3042,4,2023-08-28,Cancelado,0,0
9959,9642,1,2023-06-15,Cancelado,0,0
9960,439,2,2023-03-04,Cancelado,0,0
9961,2354,1,2023-09-21,Concluído,7,253
9962,3564,5,2023-02-10,Pendente,0,0
9963,3756,2,2023-09-08,Pendente,0,0
9964,1165,5,2023-04-24,Concluído,4,273
9965,4418,5,2023-07-03,Cancelado,0,0
9966,9805,1,2023-01-08,Concluído,7,155
9967,1335,2,2023-01-29,Cancelado,0,0
9968,8831,2,2023-03-16,Pendente,0,0
9969,453,2,2023-09-04,Concluído,7,171
9970,3644,3,2023-02-24,Concluído,2,158
9971,3286,4,2023-12-20,Concluído,6,337
9972,3902,1,2023-07-18,Pendente,0,0
9973,3212,3,2023-02-05,Concluído,2,214
9974,9286,2,2023-05-25,Pendente,0,0
9975,9983,1,2023-10-05,Pendente,0,0
9976,3596,3,2023-12-15,Cancelado,0,0
9977,2438,1,2023-07-12,Pendente,0,0
9978,6821,1,2023-11-26,Concluído,3,214
9979,1216,5,2023-11-30,Cancelado,0,0
9980,2886,3,2023-06-03,Cancelado,0,0
9981,4632,5,2023-09-01,Cancelado,0,0
9982,6461,4,2023-04-28,Pendente,0,0
9983,517,2,2023-10-12,Concluído,4,332
9984,5683,4,2023-12-23,Pendente,0,0
9985,758,4,2023-05-29,Cancelado,0,0
9986,6063,3,2023-07-08,Concluído,7,292
9987,5006,3,2023-12-07,Cancelado,0,0
9988,5467,2,2023-09-04,Pendente,0,0
9989,262,2,2023-11-13,Cancelado,0,0
9990,6175,5,2023-03-27,Concluído,4,170
9991,9130,5,2023-07-07,Concluído,6,291
9992,8028,2,2023-02-24,Cancelado,0,0
9993,6223,1,2023-03-11,Pendente,0,0
9994,1897,5,2023-05-28,Concluído,4,316
9995,35,1,2023-06-20,Cancelado,0,0
9996,771,1,2023-04-26,Pendente,0,0
9997,1715,2,2023-04-27,Cancelado,0,0
9998,5079,2,2023-05-16,Concluído,3,190
9999,5379,2,2023-08-18,Cancelado,0,0
10000,2616,3,2023-07-28,Pendente,0,0
